apply	repair_kind	function_address	expected_function	expected_signature	expected_signature_source	target_kind	target_ordinal	expected_target_name	expected_target_type	expected_target_source	proposed_name	proposed_type	proposed_convention	proposed_varargs	proposed_parameter_types	proposed_parameter_names	confidence	evidence
1	full_eax_return	0040CE20	FUN_0040ce20	bool __stdcall FUN_0040ce20(AnonShape_0040D540_1BB7A4CF * param_1, AnonShape_0040CE20_D3328A6B * param_2, int * param_3, int * param_4, int * param_5, uint * param_6)	ANALYSIS	return	-1	<RETURN>	/bool	ANALYSIS		/int		false			high	all observed callers consume full EAX (2), none consume AL/AX, and every RET path defines full EAX; sites=0040D540 @ 0040DD1B -> TEST TEST EAX,EAX | 0040D540 @ 0040DDCB -> TEST TEST EAX,EAX
1	full_eax_return	0041CAF0	FUN_0041caf0	bool __fastcall FUN_0041caf0(AnonShape_0041CAF0_1630B9E0 * param_1)	ANALYSIS	return	-1	<RETURN>	/bool	ANALYSIS		/int		false			high	all observed callers consume full EAX (11), none consume AL/AX, and every RET path defines full EAX; sites=00480600 @ 00480689 -> PUSH PUSH EAX | 004CBAD0 @ 004CBBA4 -> TEST TEST EAX,EAX | 004D5470 @ 004D553E -> TEST TEST EAX,EAX | 00579350 @ 00579440 -> CMP CMP EAX,0x1 | 0057CD70 @ 0057CDB8 -> CMP CMP EAX,0x1 | 005825C0 @ 0058260A -> CMP CMP EAX,0x1 | 00585020 @ 00585116 -> CMP CMP EAX,0x1 | 00586AF0 @ 00586BED -> CMP CMP EAX,0x1 | 0058A9E0 @ 0058AAD6 -> CMP CMP EAX,0x1 | 0058BD90 @ 0058BE98 -> CMP CMP EAX,0x1 | 0058E570 @ 0058E5D0 -> CMP CMP EAX,0x1
1	full_eax_return	0041D350	FUN_0041d350	bool __thiscall FUN_0041d350(void * this, uint param_1)	ANALYSIS	return	-1	<RETURN>	/bool	ANALYSIS		/int		false			high	all observed callers consume full EAX (5), none consume AL/AX, and every RET path defines full EAX; sites=00480600 @ 004808D4 -> CMP CMP EAX,0x1 | 004845E0 @ 00484A2E -> DEC DEC EAX | 004845E0 @ 004858A0 -> DEC DEC EAX | 004945C0 @ 0049477F -> CMP CMP EAX,0x1 | 00494870 @ 00494A30 -> XOR XOR EAX,EAX
1	full_eax_return	0041D620	FUN_0041d620	bool __thiscall FUN_0041d620(void * this, uint param_1)	ANALYSIS	return	-1	<RETURN>	/bool	ANALYSIS		/int		false			high	all observed callers consume full EAX (2), none consume AL/AX, and every RET path defines full EAX; sites=006226C0 @ 00622710 -> TEST TEST EAX,EAX | 00627AA0 @ 00627CB5 -> MOV MOV dword ptr [EBP + -0x4],EAX
1	full_eax_return	0041D6C0	FUN_0041d6c0	bool __thiscall FUN_0041d6c0(void * this, uint param_1)	ANALYSIS	return	-1	<RETURN>	/bool	ANALYSIS		/int		false			high	all observed callers consume full EAX (2), none consume AL/AX, and every RET path defines full EAX; sites=006226C0 @ 006226FB -> TEST TEST EAX,EAX | 00627AA0 @ 00627CA1 -> MOV MOV dword ptr [EBP + -0x4],EAX
1	stack_parameter_width	0041DC40	FUN_0041dc40	undefined __stdcall FUN_0041dc40(undefined4 * param_1, undefined4 param_2, undefined2 param_3, short param_4)	ANALYSIS	parameter	1	param_2	/undefined4	DEFAULT	param_2	/short		false			high	entry-use width=/short; unmasked_dword_reads=0; evidence=0041DC4C MOVSX EBX,word ptr [EBP + 0xc] | 0041DC87 MOVSX EAX,word ptr [EBP + 0xc]
1	stack_parameter_width	0042B5B0	FUN_0042b5b0	bool __stdcall FUN_0042b5b0(int param_1, uint param_2)	ANALYSIS	parameter	0	param_1	/int	DEFAULT	param_1	/char		false			high	entry-use width=/char; unmasked_dword_reads=0; evidence=0042B5B3 MOVSX EAX,byte ptr [EBP + 0x8]
1	full_eax_return	0042B5B0	FUN_0042b5b0	bool __stdcall FUN_0042b5b0(int param_1, uint param_2)	ANALYSIS	return	-1	<RETURN>	/bool	ANALYSIS		/int		false			high	all observed callers consume full EAX (2), none consume AL/AX, and every RET path defines full EAX; sites=0042B7D0 @ 0042B821 -> TEST TEST EAX,EAX | 0042E210 @ 0042E2B8 -> CMP CMP EAX,0x1
1	stack_parameter_width	0042B620	STAllPlayersC::GetObjPtr	STGameObjC * __thiscall GetObjPtr(STAllPlayersC * this, uint objPtr, uint param_2, STAllPlayersC_GetObjPtr_param_3Enum param_3)	USER_DEFINED	parameter	1	objPtr	/uint	ANALYSIS	objPtr	/char		false			high	entry-use width=/char; unmasked_dword_reads=0; evidence=0042B637 MOVSX EAX,byte ptr [EBP + 0x8] | 0042B6C9 MOVSX ECX,byte ptr [EBP + 0x8]
1	stack_parameter_width	0042B760	FUN_0042b760	STGroupBoatC * __stdcall FUN_0042b760(uint param_1, uint param_2)	ANALYSIS	parameter	0	param_1	/uint	DEFAULT	param_1	/char		false			high	entry-use width=/char; unmasked_dword_reads=0; evidence=0042B763 MOVSX EAX,byte ptr [EBP + 0x8]
1	stack_parameter_width	0042B7D0	STAllPlayersC::AddObjsToGroup	undefined4 __thiscall AddObjsToGroup(STAllPlayersC * this, int param_1, ushort param_2, uint * groupContent, undefined2 * param_4)	USER_DEFINED	parameter	1	param_1	/int	DEFAULT	param_1	/char		false			high	entry-use width=/char; unmasked_dword_reads=0; evidence=0042B7E4 MOVSX EAX,byte ptr [EBP + 0x8] | 0042B942 MOVSX ECX,byte ptr [EBP + 0x8]
1	stack_parameter_width	0042BB30	STAllPlayersC::AddObjToTmp	undefined4 __thiscall AddObjToTmp(STAllPlayersC * this, char param_1, int param_2, int param_3, uint param_4, uint param_5)	USER_DEFINED	parameter	4	param_4	/uint	DEFAULT	param_4	/char		false			high	entry-use width=/char; unmasked_dword_reads=0; evidence=0042BC1A MOVSX ECX,byte ptr [EBP + 0x14] | 0042BC42 MOVSX EDX,byte ptr [EBP + 0x14]
1	stack_parameter_width	0042C300	FUN_0042c300	undefined4 __stdcall FUN_0042c300(uint param_1, uint param_2, int param_3, uint param_4, uint param_5)	ANALYSIS	parameter	0	param_1	/uint	DEFAULT	param_1	/char		false			high	entry-use width=/char; unmasked_dword_reads=0; evidence=0042C337 MOVSX EAX,byte ptr [EBP + 0x8] | 0042C369 MOVSX EAX,byte ptr [EBP + 0x8]
1	stack_parameter_width	0042C300	FUN_0042c300	undefined4 __stdcall FUN_0042c300(uint param_1, uint param_2, int param_3, uint param_4, uint param_5)	ANALYSIS	parameter	3	param_4	/uint	DEFAULT	param_4	/char		false			high	entry-use width=/char; unmasked_dword_reads=0; evidence=0042C3B3 MOVSX EAX,byte ptr [EBP + 0x14]
1	stack_parameter_width	0042C5F0	STAllPlayersC::DelObjFromTmps	undefined4 __thiscall DelObjFromTmps(STAllPlayersC * this, char param_1, int param_2, uint param_3, uint param_4)	USER_DEFINED	parameter	3	param_3	/uint	DEFAULT	param_3	/char		false			high	entry-use width=/char; unmasked_dword_reads=0; evidence=0042C7D0 MOVSX EDX,byte ptr [EBP + 0x10] | 0042CB31 MOVSX EDX,byte ptr [EBP + 0x10]
1	stack_parameter_width	0042CDE0	STAllPlayersC::PushTV	undefined4 __stdcall PushTV(undefined4 param_1, int param_2, int param_3, char param_4, short param_5)	ANALYSIS	parameter	0	param_1	/undefined4	DEFAULT	param_1	/char		false			high	entry-use width=/char; unmasked_dword_reads=0; evidence=0042CE1F MOVSX EAX,byte ptr [EBP + 0x8] | 0042CE3A MOVSX EAX,byte ptr [EBP + 0x8]
1	stack_parameter_width	0042D770	FUN_0042d770	uint __stdcall FUN_0042d770(uint param_1, int * param_2)	ANALYSIS	parameter	0	param_1	/uint	DEFAULT	param_1	/char		false			high	entry-use width=/char; unmasked_dword_reads=0; evidence=0042D776 MOVSX EAX,byte ptr [EBP + 0x8]
1	stack_parameter_width	0042E210	STAllPlayersC::RegisterObject	undefined4 __thiscall RegisterObject(STAllPlayersC * this, int param_1, uint param_2, uint param_3, int * param_4, int param_5, int param_6)	USER_DEFINED	parameter	1	param_1	/int	DEFAULT	param_1	/char		false			high	entry-use width=/char; unmasked_dword_reads=0; evidence=0042E21D MOVSX ECX,byte ptr [EBP + 0x8] | 0042EB6F MOVSX EAX,byte ptr [EBP + 0x8] | 0042EC4D MOVSX ECX,byte ptr [EBP + 0x8]
1	stack_parameter_width	0042F2B0	STAllPlayersC::UnRegisterObject	undefined4 __thiscall UnRegisterObject(STAllPlayersC * this, uint param_1, uint param_2, uint param_3, int * param_4, int param_5)	USER_DEFINED	parameter	1	param_1	/uint	DEFAULT	param_1	/char		false			high	entry-use width=/char; unmasked_dword_reads=0; evidence=0042F2BA MOVSX ECX,byte ptr [EBP + 0x8] | 0042F37C MOVSX ECX,byte ptr [EBP + 0x8] | 0042F3C7 MOVSX ECX,byte ptr [EBP + 0x8] | 0042F40F MOVSX ECX,byte ptr [EBP + 0x8] | 0042F468 MOVSX ECX,byte ptr [EBP + 0x8] | 0042F4B3 MOVSX ECX,byte ptr [EBP + 0x8] | 0042F527 MOVSX ECX,byte ptr [EBP + 0x8]
1	stack_parameter_width	004354E0	STAllPlayersC::ReplaceObject	undefined __thiscall ReplaceObject(STAllPlayersC * this, undefined4 param_1, undefined4 param_2, undefined4 param_3)	USER_DEFINED	parameter	1	param_1	/undefined4	DEFAULT	param_1	/char		false			high	entry-use width=/char; unmasked_dword_reads=0; evidence=0043553B MOVSX ECX,byte ptr [EBP + 0x8] | 00435596 MOVSX EAX,byte ptr [EBP + 0x8]
1	stack_parameter_width	00435850	FUN_00435850	uint __stdcall FUN_00435850(int param_1, int param_2, int * param_3)	ANALYSIS	parameter	0	param_1	/int	DEFAULT	param_1	/char		false			high	entry-use width=/char; unmasked_dword_reads=0; evidence=00435858 MOVSX ESI,byte ptr [EBP + 0x8]
1	stack_parameter_width	0043AAF0	STAllPlayersC::GetCamPoint	undefined4 __stdcall GetCamPoint(int param_1, uint param_2, DArrayTy * param_3, uint param_4, int * param_5, int * param_6, int * param_7, uint * param_8)	ANALYSIS	parameter	0	param_1	/int	DEFAULT	param_1	/short		false			high	entry-use width=/short; unmasked_dword_reads=0; evidence=0043AC63 MOVSX EDX,word ptr [EBP + 0x8] | 0043AC7B MOVSX EDX,word ptr [EBP + 0x8] | 0043AD55 MOVSX ECX,word ptr [EBP + 0x8]
1	stack_parameter_width	004407A0	FUN_004407a0	undefined __stdcall FUN_004407a0(int param_1, undefined4 param_2, undefined4 param_3)	ANALYSIS	parameter	0	param_1	/int	DEFAULT	param_1	/char		false			high	entry-use width=/char; unmasked_dword_reads=0; evidence=004407A3 MOVSX EAX,byte ptr [EBP + 0x8]
1	stack_parameter_width	00440AA0	STAllPlayersC::_AssignDocks	uint * __thiscall _AssignDocks(STAllPlayersC * this, uint param_1, DArrayTy * param_2, DArrayTy * param_3)	USER_DEFINED	parameter	1	param_1	/uint	DEFAULT	param_1	/char		false			high	entry-use width=/char; unmasked_dword_reads=0; evidence=00440AA9 MOVSX EAX,byte ptr [EBP + 0x8]
1	stack_parameter_width	00442300	STAllPlayersC::_AddMDPairs	undefined4 __thiscall _AddMDPairs(STAllPlayersC * this, uint param_1, uint param_2)	USER_DEFINED	parameter	1	param_1	/uint	DEFAULT	param_1	/char		false			high	entry-use width=/char; unmasked_dword_reads=0; evidence=0044238E MOVSX EAX,byte ptr [EBP + 0x8] | 004424C4 MOVSX EAX,byte ptr [EBP + 0x8] | 0044275F MOVSX EAX,byte ptr [EBP + 0x8]
1	stack_parameter_width	00442E50	STAllPlayersC::_AssignMDPairs	uint * __thiscall _AssignMDPairs(STAllPlayersC * this, uint param_1, int param_2, DArrayTy * param_3, DArrayTy * param_4, DArrayTy * param_5)	USER_DEFINED	parameter	1	param_1	/uint	DEFAULT	param_1	/char		false			high	entry-use width=/char; unmasked_dword_reads=0; evidence=00442F42 MOVSX EAX,byte ptr [EBP + 0x8] | 0044319E MOVSX EAX,byte ptr [EBP + 0x8]
1	stack_parameter_width	004461B0	STAllPlayersC::_DeleteGuardBoat	undefined4 __thiscall _DeleteGuardBoat(STAllPlayersC * this, uint param_1, short param_2, int param_3)	USER_DEFINED	parameter	1	param_1	/uint	DEFAULT	param_1	/char		false			high	entry-use width=/char; unmasked_dword_reads=0; evidence=004461B6 MOVSX EAX,byte ptr [EBP + 0x8]
1	stack_parameter_width	00446520	STAllPlayersC::DeleteGuardBoat	undefined __thiscall DeleteGuardBoat(STAllPlayersC * this, uint param_1, short param_2, int param_3)	USER_DEFINED	parameter	1	param_1	/uint	DEFAULT	param_1	/char		false			high	entry-use width=/char; unmasked_dword_reads=0; evidence=00446526 MOVSX EAX,byte ptr [EBP + 0x8]
1	stack_parameter_width	00446F80	STAllPlayersC::DistributeGuardBoats	undefined __thiscall DistributeGuardBoats(STAllPlayersC * this, uint param_1)	USER_DEFINED	parameter	1	param_1	/uint	DEFAULT	param_1	/char		false			high	entry-use width=/char; unmasked_dword_reads=0; evidence=00446F8D MOVSX ECX,byte ptr [EBP + 0x8] | 0044704C MOVSX EAX,byte ptr [EBP + 0x8]
1	stack_parameter_width	00449A90	FUN_00449a90	uint __stdcall FUN_00449a90(undefined4 param_1, short param_2)	ANALYSIS	parameter	0	param_1	/undefined4	DEFAULT	param_1	/char		false			high	entry-use width=/char; unmasked_dword_reads=0; evidence=00449A96 MOVSX EAX,byte ptr [EBP + 0x8]
1	stack_parameter_width	00449B60	STAllPlayersC::DestroyObjectMsg	undefined4 __thiscall DestroyObjectMsg(STAllPlayersC * this, uint param_1, uint param_2, STAllPlayersC_DestroyObjectMsg_param_3Enum param_3, undefined4 param_4)	USER_DEFINED	parameter	1	param_1	/uint	DEFAULT	param_1	/char		false			high	entry-use width=/char; unmasked_dword_reads=0; evidence=00449B7B MOVSX EAX,byte ptr [EBP + 0x8]
1	full_eax_return	0044E1B0	FUN_0044e1b0	bool __stdcall FUN_0044e1b0(int param_1)	ANALYSIS	return	-1	<RETURN>	/bool	ANALYSIS		/int		false			high	all observed callers consume full EAX (3), none consume AL/AX, and every RET path defines full EAX; sites=004B31C0 @ 004B31DA -> TEST TEST EAX,EAX | 004BEA70 @ 004C108D -> TEST TEST EAX,EAX | 004D6930 @ 004D6AB2 -> TEST TEST EAX,EAX
1	full_eax_return	00482DB0	FUN_00482db0	byte __fastcall FUN_00482db0(int * param_1, undefined4 param_2)	ANALYSIS	return	-1	<RETURN>	/byte	ANALYSIS		/int		false			high	all observed callers consume full EAX (1), none consume AL/AX, and every RET path defines full EAX; sites=00462180 @ 00462366 -> CMP CMP EAX,EBX
1	full_eax_return	00483300	FUN_00483300	byte __fastcall FUN_00483300(int * param_1, undefined4 param_2)	ANALYSIS	return	-1	<RETURN>	/byte	ANALYSIS		/int		false			high	all observed callers consume full EAX (8), none consume AL/AX, and every RET path defines full EAX; sites=004608B0 @ 00460E24 -> MOV MOV EBX,EAX | 004608B0 @ 0046131C -> MOV MOV EBX,EAX | 004608B0 @ 00461653 -> MOV MOV EBX,EAX | 004608B0 @ 004618E8 -> MOV MOV EBX,EAX | 00471AC0 @ 00471FD0 -> MOV MOV EBX,EAX | 00471AC0 @ 00472503 -> MOV MOV EBX,EAX | 00471AC0 @ 004727D1 -> MOV MOV EBX,EAX | 00471AC0 @ 00472A00 -> MOV MOV EBX,EAX
1	stack_parameter_width	00484020	FUN_00484020	undefined4 __thiscall FUN_00484020(void * this, int param_1, short * param_2, short * param_3, short * param_4)	ANALYSIS	parameter	1	param_1	/int	DEFAULT	param_1	/short		false			high	entry-use width=/short; unmasked_dword_reads=0; evidence=004842C6 MOVSX EDX,word ptr [EBP + 0x8] | 00484301 MOVSX EAX,word ptr [EBP + 0x8]
1	full_eax_return	0048D440	FUN_0048d440	bool __fastcall FUN_0048d440(AnonShape_0048D440_9DC42AE7 * param_1)	ANALYSIS	return	-1	<RETURN>	/bool	ANALYSIS		/int		false			high	all observed callers consume full EAX (17), none consume AL/AX, and every RET path defines full EAX; sites=00465C60 @ 00465E15 -> CMP CMP EAX,EDI | 00465C60 @ 0046604C -> CMP CMP EAX,EDI | 00465C60 @ 004663A9 -> TEST TEST EAX,EAX | 00465C60 @ 004666BB -> TEST TEST EAX,EAX | 00465C60 @ 00466AEA -> CMP CMP EAX,EDI | 00465C60 @ 00466D3A -> CMP CMP EAX,EDI | 00465C60 @ 00466F7E -> CMP CMP EAX,EDI | 00465C60 @ 00467202 -> CMP CMP EAX,EDI | 00465C60 @ 004678DA -> CMP CMP EAX,EDI | 00465C60 @ 00467C43 -> TEST TEST EAX,EAX | 00465C60 @ 00467FDB -> TEST TEST EAX,EAX | 00465C60 @ 00468498 -> CMP CMP EAX,EBX | 00465C60 @ 0046870E -> CMP CMP EAX,EDI | 00465C60 @ 00468AAC -> CMP CMP EAX,EDI | 00465C60 @ 00469722 -> CMP CMP EAX,EBX | 00465C60 @ 00469969 -> CMP CMP EAX,EBX | 0049C210 @ 0049C896 -> TEST TEST EAX,EAX
1	full_eax_return	0048D650	FUN_0048d650	bool __thiscall FUN_0048d650(void * this, STFishC * param_1)	ANALYSIS	return	-1	<RETURN>	/bool	ANALYSIS		/int		false			high	all observed callers consume full EAX (2), none consume AL/AX, and every RET path defines full EAX; sites=00465C60 @ 00468124 -> CMP CMP EAX,0x1 | 00465C60 @ 004682DC -> CMP CMP EAX,0x1
1	full_eax_return	0048D7C0	FUN_0048d7c0	bool __thiscall FUN_0048d7c0(void * this, STFishC * param_1)	ANALYSIS	return	-1	<RETURN>	/bool	ANALYSIS		/int		false			high	all observed callers consume full EAX (2), none consume AL/AX, and every RET path defines full EAX; sites=0046D450 @ 0046D959 -> CMP CMP EAX,0x1 | 0046D450 @ 0046DAE6 -> CMP CMP EAX,0x1
1	stack_parameter_width	0048DFD0	SubmarineTitans::Recovered::HiddenThis::AnonReceiver_0048DFD0::FUN_0048dfd0	undefined4 __thiscall FUN_0048dfd0(AnonReceiver_0048DFD0 * this, int param_1, int param_2, uint param_3, int param_4, int param_5, int * param_6, int param_7, short * param_8, short * param_9, short * param_10)	ANALYSIS	parameter	1	param_1	/int	DEFAULT	param_1	/short		false			high	entry-use width=/short; unmasked_dword_reads=0; evidence=0048EA1D MOVSX EAX,word ptr [EBP + 0x8] | 0048EAAA MOVSX EAX,word ptr [EBP + 0x8]
1	stack_parameter_width	0048DFD0	SubmarineTitans::Recovered::HiddenThis::AnonReceiver_0048DFD0::FUN_0048dfd0	undefined4 __thiscall FUN_0048dfd0(AnonReceiver_0048DFD0 * this, int param_1, int param_2, uint param_3, int param_4, int param_5, int * param_6, int param_7, short * param_8, short * param_9, short * param_10)	ANALYSIS	parameter	2	param_2	/int	DEFAULT	param_2	/short		false			high	entry-use width=/short; unmasked_dword_reads=0; evidence=0048E725 MOVSX EDX,word ptr [EBP + 0xc] | 0048E81D MOVSX EDI,word ptr [EBP + 0xc] | 0048EA00 MOVSX EBX,word ptr [EBP + 0xc]
1	stack_parameter_width	0048DFD0	SubmarineTitans::Recovered::HiddenThis::AnonReceiver_0048DFD0::FUN_0048dfd0	undefined4 __thiscall FUN_0048dfd0(AnonReceiver_0048DFD0 * this, int param_1, int param_2, uint param_3, int param_4, int param_5, int * param_6, int param_7, short * param_8, short * param_9, short * param_10)	ANALYSIS	parameter	3	param_3	/uint	DEFAULT	param_3	/short		false			high	entry-use width=/short; unmasked_dword_reads=0; evidence=0048EA08 MOVSX EAX,word ptr [EBP + 0x10]
1	stack_parameter_width	0048DFD0	SubmarineTitans::Recovered::HiddenThis::AnonReceiver_0048DFD0::FUN_0048dfd0	undefined4 __thiscall FUN_0048dfd0(AnonReceiver_0048DFD0 * this, int param_1, int param_2, uint param_3, int param_4, int param_5, int * param_6, int param_7, short * param_8, short * param_9, short * param_10)	ANALYSIS	parameter	4	param_4	/int	DEFAULT	param_4	/short		false			high	entry-use width=/short; unmasked_dword_reads=0; evidence=0048E9E8 MOVSX EAX,word ptr [EBP + 0x14]
1	stack_parameter_width	0048DFD0	SubmarineTitans::Recovered::HiddenThis::AnonReceiver_0048DFD0::FUN_0048dfd0	undefined4 __thiscall FUN_0048dfd0(AnonReceiver_0048DFD0 * this, int param_1, int param_2, uint param_3, int param_4, int param_5, int * param_6, int param_7, short * param_8, short * param_9, short * param_10)	ANALYSIS	parameter	5	param_5	/int	DEFAULT	param_5	/short		false			high	entry-use width=/short; unmasked_dword_reads=0; evidence=0048E9DB MOVSX EAX,word ptr [EBP + 0x18]
1	full_eax_return	004908A0	FUN_004908a0	bool __thiscall FUN_004908a0(void * this, STFishC * param_1, int param_2)	ANALYSIS	return	-1	<RETURN>	/bool	ANALYSIS		/int		false			high	all observed callers consume full EAX (2), none consume AL/AX, and every RET path defines full EAX; sites=0046F5C0 @ 0046FB46 -> CMP CMP EAX,0x1 | 0046F5C0 @ 0046FCDD -> CMP CMP EAX,0x1
1	full_eax_return	004939B0	STBoatC::sub_004939B0	bool __thiscall sub_004939B0(STBoatC * this, short * param_1, short * param_2, short * param_3)	ANALYSIS	return	-1	<RETURN>	/bool	ANALYSIS		/int		false			high	all observed callers consume full EAX (3), none consume AL/AX, and every RET path defines full EAX; sites=00479600 @ 004797DA -> CMP CMP EAX,0x1 | 00479600 @ 00479B2B -> CMP CMP EAX,0x1 | 00479600 @ 00479D79 -> CMP CMP EAX,0x1
1	full_eax_return	004950B0	FUN_004950b0	bool __thiscall FUN_004950b0(void * this, short * param_1, short * param_2, short * param_3)	ANALYSIS	return	-1	<RETURN>	/bool	ANALYSIS		/int		false			high	all observed callers consume full EAX (3), none consume AL/AX, and every RET path defines full EAX; sites=0047C050 @ 0047C197 -> CMP CMP EAX,0x1 | 0047C050 @ 0047C3E8 -> CMP CMP EAX,0x1 | 0047C050 @ 0047C5C3 -> CMP CMP EAX,0x1
1	full_eax_return	00495420	FUN_00495420	bool __thiscall FUN_00495420(void * this, short * param_1, short * param_2, short * param_3)	ANALYSIS	return	-1	<RETURN>	/bool	ANALYSIS		/int		false			high	all observed callers consume full EAX (3), none consume AL/AX, and every RET path defines full EAX; sites=0047DF00 @ 0047E05A -> CMP CMP EAX,0x1 | 0047DF00 @ 0047E298 -> CMP CMP EAX,0x1 | 0047DF00 @ 0047E4D5 -> CMP CMP EAX,0x1
1	full_eax_return	004961B0	FUN_004961b0	bool __stdcall FUN_004961b0(short param_1, short param_2, short param_3)	ANALYSIS	return	-1	<RETURN>	/bool	ANALYSIS		/int		false			high	all observed callers consume full EAX (58), none consume AL/AX, and every RET path defines full EAX; sites=004AE0B0 @ 004AE3E1 -> TEST TEST EAX,EAX | 004B1690 @ 004B19EB -> TEST TEST EAX,EAX | 004B1690 @ 004B1A03 -> TEST TEST EAX,EAX | 004E3910 @ 004E3A07 -> TEST TEST EAX,EAX | 004E3910 @ 004E3ACD -> TEST TEST EAX,EAX | 004E3910 @ 004E3BF8 -> TEST TEST EAX,EAX | 004E3910 @ 004E3CB2 -> TEST TEST EAX,EAX | 00555880 @ 005558C6 -> TEST TEST EAX,EAX | 00578630 @ 005788C5 -> TEST TEST EAX,EAX | 00579170 @ 00579268 -> TEST TEST EAX,EAX | 0057D700 @ 0057DBF5 -> TEST TEST EAX,EAX | 0057F6E0 @ 0057FCEB -> TEST TEST EAX,EAX | 005809E0 @ 005809F8 -> TEST TEST EAX,EAX | 00584060 @ 005841EB -> TEST TEST EAX,EAX | 005845B0 @ 00584791 -> TEST TEST EAX,EAX | 00585020 @ 005853AA -> TEST TEST EAX,EAX | 00585020 @ 00585486 -> TEST TEST EAX,EAX | 00589C10 @ 00589F1F -> TEST TEST EAX,EAX | 0058B190 @ 0058B60D -> TEST TEST EAX,EAX | 0058BB90 @ 0058BC8A -> TEST TEST EAX,EAX | 0058BB90 @ 0058BCA4 -> TEST TEST EAX,EAX | 0058D160 @ 0058D2F0 -> TEST TEST EAX,EAX | 0058D160 @ 0058D380 -> TEST TEST EAX,EAX | 0058F680 @ 0058FBF1 -> TEST TEST EAX,EAX
1	full_eax_return	00497920	FUN_00497920	bool __stdcall FUN_00497920(AnonShape_00497920_894F87D6 * param_1, undefined4 param_2, undefined4 param_3, undefined4 param_4)	ANALYSIS	return	-1	<RETURN>	/bool	ANALYSIS		/int		false			high	all observed callers consume full EAX (47), none consume AL/AX, and every RET path defines full EAX; sites=0040AE40 @ 0040B0E7 -> TEST TEST EAX,EAX | 0040AE40 @ 0040B147 -> TEST TEST EAX,EAX | 0040AE40 @ 0040B1B4 -> TEST TEST EAX,EAX | 0040AE40 @ 0040B210 -> TEST TEST EAX,EAX | 0040AE40 @ 0040B297 -> TEST TEST EAX,EAX | 0040AE40 @ 0040B2F6 -> TEST TEST EAX,EAX | 0040AE40 @ 0040B359 -> TEST TEST EAX,EAX | 0040AE40 @ 0040B3BA -> TEST TEST EAX,EAX | 0040AE40 @ 0040B419 -> TEST TEST EAX,EAX | 0040AE40 @ 0040B470 -> TEST TEST EAX,EAX | 0040AE40 @ 0040B6C8 -> TEST TEST EAX,EAX | 0040BC90 @ 0040BDD6 -> TEST TEST EAX,EAX | 0040C080 @ 0040C4BA -> TEST TEST EAX,EAX | 0040CE20 @ 0040CF6B -> TEST TEST EAX,EAX | 0040CE20 @ 0040CF8A -> TEST TEST EAX,EAX | 0040CE20 @ 0040D06A -> TEST TEST EAX,EAX | 0040CE20 @ 0040D089 -> TEST TEST EAX,EAX | 0040CE20 @ 0040D0A9 -> TEST TEST EAX,EAX | 0040CE20 @ 0040D0C7 -> TEST TEST EAX,EAX | 0040CE20 @ 0040D0E6 -> TEST TEST EAX,EAX | 0040CE20 @ 0040D104 -> TEST TEST EAX,EAX | 0040CE20 @ 0040D1DD -> TEST TEST EAX,EAX | 0040CE20 @ 0040D1FD -> TEST TEST EAX,EAX | 0040CE20 @ 0040D21E -> TEST TEST EAX,EAX
1	stack_parameter_width	004AE0B0	FUN_004ae0b0	undefined4 __cdecl FUN_004ae0b0(int param_1, int param_2, int param_3, Global_sub_004AE0B0_param_4Enum param_4, int param_5, undefined4 * param_6, int * param_7, int * param_8, int param_9, int * param_10)	ANALYSIS	parameter	0	param_1	/int	DEFAULT	param_1	/short		false			high	entry-use width=/short; unmasked_dword_reads=0; evidence=004AE619 MOVSX EAX,word ptr [EBP + 0x8]
1	full_eax_return	004B7D90	FUN_004b7d90	bool __fastcall FUN_004b7d90(int * param_1)	ANALYSIS	return	-1	<RETURN>	/bool	ANALYSIS		/int		false			high	all observed callers consume full EAX (1), none consume AL/AX, and every RET path defines full EAX; sites=005F07A0 @ 005F08AD -> TEST TEST EAX,EAX
1	full_eax_return	004C7C20	FUN_004c7c20	bool __fastcall FUN_004c7c20(int param_1)	ANALYSIS	return	-1	<RETURN>	/bool	ANALYSIS		/int		false			high	all observed callers consume full EAX (6), none consume AL/AX, and every RET path defines full EAX; sites=004C7CC0 @ 004C7EEF -> TEST TEST EAX,EAX | 004C84C0 @ 004C8DA5 -> TEST TEST EAX,EAX | 004DE820 @ 004DE905 -> TEST TEST EAX,EAX | 004DE820 @ 004DE92B -> TEST TEST EAX,EAX | 004EA870 @ 004EA8C9 -> TEST TEST EAX,EAX | 004EA870 @ 004EA976 -> TEST TEST EAX,EAX
1	full_eax_return	004CCA00	FUN_004cca00	char __thiscall FUN_004cca00(void * this, int param_1)	ANALYSIS	return	-1	<RETURN>	/char	ANALYSIS		/int		false			high	all observed callers consume full EAX (1), none consume AL/AX, and every RET path defines full EAX; sites=004845E0 @ 004850BA -> DEC DEC EAX
1	full_eax_return	004D6F70	FUN_004d6f70	bool __fastcall FUN_004d6f70(int * param_1)	ANALYSIS	return	-1	<RETURN>	/bool	ANALYSIS		/int		false			high	all observed callers consume full EAX (6), none consume AL/AX, and every RET path defines full EAX; sites=00478640 @ 00478724 -> CMP CMP EAX,0x1 | 00478640 @ 004788C5 -> CMP CMP EAX,0x1 | 00478640 @ 00478A39 -> CMP CMP EAX,0x1 | 00478640 @ 00478D6D -> CMP CMP EAX,0x1 | 00478640 @ 00478F28 -> CMP CMP EAX,0x1 | 00478640 @ 00479106 -> CMP CMP EAX,0x1
1	full_eax_return	004E1690	FUN_004e1690	bool __thiscall FUN_004e1690(void * this, int param_1)	ANALYSIS	return	-1	<RETURN>	/bool	ANALYSIS		/int		false			high	all observed callers consume full EAX (2), none consume AL/AX, and every RET path defines full EAX; sites=00465C60 @ 00468890 -> XOR XOR EAX,EAX | 0046D450 @ 0046DCB4 -> XOR XOR EAX,EAX
1	full_eax_return	004E1F70	FUN_004e1f70	bool __thiscall FUN_004e1f70(void * this, int param_1)	ANALYSIS	return	-1	<RETURN>	/bool	ANALYSIS		/int		false			high	all observed callers consume full EAX (2), none consume AL/AX, and every RET path defines full EAX; sites=004E1FB0 @ 004E1FC9 -> TEST TEST EAX,EAX | 004E22F0 @ 004E22FB -> TEST TEST EAX,EAX
1	full_eax_return	004E2000	FUN_004e2000	bool __thiscall FUN_004e2000(void * this, int param_1, int param_2)	ANALYSIS	return	-1	<RETURN>	/bool	ANALYSIS		/int		false			high	all observed callers consume full EAX (1), none consume AL/AX, and every RET path defines full EAX; sites=0046F5C0 @ 0046FEDC -> XOR XOR EAX,EAX
1	full_eax_return	004E5910	FUN_004e5910	bool __stdcall FUN_004e5910(int param_1, uint param_2)	ANALYSIS	return	-1	<RETURN>	/bool	ANALYSIS		/int		false			high	all observed callers consume full EAX (12), none consume AL/AX, and every RET path defines full EAX; sites=004C7860 @ 004C78CF -> TEST TEST EAX,EAX | 004E3200 @ 004E32B2 -> TEST TEST EAX,EAX | 004E5990 @ 004E59BF -> MOV MOV ESI,EAX | 004E6280 @ 004E62AE -> TEST TEST EAX,EAX | 004E6FE0 @ 004E7057 -> TEST TEST EAX,EAX | 004E70F0 @ 004E7190 -> TEST TEST EAX,EAX | 004E7230 @ 004E72E5 -> TEST TEST EAX,EAX | 004E75F0 @ 004E7663 -> TEST TEST EAX,EAX | 00516480 @ 00516726 -> TEST TEST EAX,EAX | 00516480 @ 005167BC -> TEST TEST EAX,EAX | 00516A40 @ 00516C3A -> TEST TEST EAX,EAX | 0067B520 @ 0067B64C -> TEST TEST EAX,EAX
1	full_eax_return	004E5F90	FUN_004e5f90	bool __stdcall FUN_004e5f90(int param_1, uint param_2)	ANALYSIS	return	-1	<RETURN>	/bool	ANALYSIS		/int		false			high	all observed callers consume full EAX (15), none consume AL/AX, and every RET path defines full EAX; sites=004BEA70 @ 004C0484 -> TEST TEST EAX,EAX | 004BEA70 @ 004C0557 -> TEST TEST EAX,EAX | 004C7860 @ 004C7A0C -> TEST TEST EAX,EAX | 004E3200 @ 004E3313 -> TEST TEST EAX,EAX | 004E3200 @ 004E34C3 -> TEST TEST EAX,EAX | 004E5AF0 @ 004E5B16 -> TEST TEST EAX,EAX | 004E5B80 @ 004E5BA6 -> TEST TEST EAX,EAX | 004E70F0 @ 004E71A0 -> TEST TEST EAX,EAX | 004E7230 @ 004E72F5 -> TEST TEST EAX,EAX | 004E75F0 @ 004E7672 -> TEST TEST EAX,EAX | 00516A40 @ 00516CB0 -> TEST TEST EAX,EAX | 00516A40 @ 00516E79 -> TEST TEST EAX,EAX | 0066ACC0 @ 0066F35F -> MOV MOV ESI,EAX | 0067B520 @ 0067B623 -> TEST TEST EAX,EAX | 0067B520 @ 0067B6CB -> TEST TEST EAX,EAX
1	full_eax_return	004FAB10	FUN_004fab10	bool __thiscall FUN_004fab10(void * this, Global_sub_004FAB10_param_1Enum param_1)	ANALYSIS	return	-1	<RETURN>	/bool	ANALYSIS		/int		false			high	all observed callers consume full EAX (23), none consume AL/AX, and every RET path defines full EAX; sites=0041AF40 @ 0041B08E -> TEST TEST EAX,EAX | 0041AF40 @ 0041B134 -> TEST TEST EAX,EAX | 0041AF40 @ 0041B191 -> TEST TEST EAX,EAX | 0041AF40 @ 0041B3E4 -> TEST TEST EAX,EAX | 0041AF40 @ 0041B459 -> TEST TEST EAX,EAX | 0041AF40 @ 0041B4C6 -> TEST TEST EAX,EAX | 0041AF40 @ 0041B533 -> TEST TEST EAX,EAX | 0041AF40 @ 0041B593 -> TEST TEST EAX,EAX | 0041AF40 @ 0041B5F0 -> TEST TEST EAX,EAX | 0041AF40 @ 0041B65D -> TEST TEST EAX,EAX | 0041AF40 @ 0041B712 -> TEST TEST EAX,EAX | 0041AF40 @ 0041B76F -> TEST TEST EAX,EAX | 0041AF40 @ 0041B7CF -> TEST TEST EAX,EAX | 0041AF40 @ 0041B82C -> TEST TEST EAX,EAX | 0041AF40 @ 0041B88C -> TEST TEST EAX,EAX | 0041AF40 @ 0041B997 -> TEST TEST EAX,EAX | 0041AF40 @ 0041BB7C -> TEST TEST EAX,EAX | 0041AF40 @ 0041BBDA -> TEST TEST EAX,EAX | 0041AF40 @ 0041BC45 -> TEST TEST EAX,EAX | 0041AF40 @ 0041BCF3 -> TEST TEST EAX,EAX | 0041AF40 @ 0041BD58 -> TEST TEST EAX,EAX | 0041AF40 @ 0041BDC3 -> TEST TEST EAX,EAX | 0041AF40 @ 0041BE1F -> TEST TEST EAX,EAX
1	full_eax_return	00529500	FUN_00529500	byte __cdecl FUN_00529500(Global_sub_00529500_param_1Enum param_1)	ANALYSIS	return	-1	<RETURN>	/byte	ANALYSIS		/int		false			high	all observed callers consume full EAX (2), none consume AL/AX, and every RET path defines full EAX; sites=005061C0 @ 00506420 -> PUSH PUSH EAX | 0050A340 @ 0050A5C4 -> PUSH PUSH EAX
1	full_eax_return	0052A7B0	FUN_0052a7b0	char __cdecl FUN_0052a7b0(AnonShape_0052A7B0_DD603BF4 * param_1)	ANALYSIS	return	-1	<RETURN>	/char	ANALYSIS		/int		false			high	all observed callers consume full EAX (1), none consume AL/AX, and every RET path defines full EAX; sites=005522A0 @ 005524FB -> PUSH PUSH EAX
1	full_eax_return	00544990	FUN_00544990	bool __fastcall FUN_00544990(int param_1)	ANALYSIS	return	-1	<RETURN>	/bool	ANALYSIS		/int		false			high	all observed callers consume full EAX (6), none consume AL/AX, and every RET path defines full EAX; sites=005449B0 @ 00545079 -> TEST TEST EAX,EAX | 005449B0 @ 00545337 -> TEST TEST EAX,EAX | 005449B0 @ 0054545E -> TEST TEST EAX,EAX | 005449B0 @ 005455EC -> TEST TEST EAX,EAX | 005449B0 @ 0054614F -> TEST TEST EAX,EAX | 0054AEE0 @ 0054AF24 -> TEST TEST EAX,EAX
1	full_eax_return	0054BDF0	FUN_0054bdf0	bool __stdcall FUN_0054bdf0(int param_1, int param_2, int param_3, int param_4, int * param_5, int * param_6)	ANALYSIS	return	-1	<RETURN>	/bool	ANALYSIS		/int		false			high	all observed callers consume full EAX (1), none consume AL/AX, and every RET path defines full EAX; sites=005449B0 @ 00544ED6 -> TEST TEST EAX,EAX
1	full_eax_return	00550110	FUN_00550110	bool __fastcall FUN_00550110(int param_1)	ANALYSIS	return	-1	<RETURN>	/bool	ANALYSIS		/int		false			high	all observed callers consume full EAX (2), none consume AL/AX, and every RET path defines full EAX; sites=0054F1D0 @ 0054F999 -> TEST TEST EAX,EAX | 0054F1D0 @ 0054F9D0 -> TEST TEST EAX,EAX
1	full_eax_return	0056A5C0	FUN_0056a5c0	bool __stdcall FUN_0056a5c0(void)	ANALYSIS	return	-1	<RETURN>	/bool	ANALYSIS		/int		false			high	all observed callers consume full EAX (1), none consume AL/AX, and every RET path defines full EAX; sites=0056ADC0 @ 0056AE04 -> TEST TEST EAX,EAX
1	full_eax_return	0058F430	STSharkC::sub_0058F430	bool __thiscall sub_0058F430(STSharkC * this)	ANALYSIS	return	-1	<RETURN>	/bool	ANALYSIS		/int		false			high	all observed callers consume full EAX (2), none consume AL/AX, and every RET path defines full EAX; sites=0058E570 @ 0058E799 -> MOV MOV dword ptr [ESI + 0x257],EAX | 0058F680 @ 0058F68F -> MOV MOV dword ptr [EBP + -0x18],EAX
1	full_eax_return	005EF4B0	FUN_005ef4b0	bool __thiscall FUN_005ef4b0(void * this, int param_1)	ANALYSIS	return	-1	<RETURN>	/bool	ANALYSIS		/int		false			high	all observed callers consume full EAX (2), none consume AL/AX, and every RET path defines full EAX; sites=005EE6E0 @ 005EE9BF -> TEST TEST EAX,EAX | 005EF7A0 @ 005EF8B6 -> TEST TEST EAX,EAX
1	full_eax_return	005F6F20	FUN_005f6f20	bool __thiscall FUN_005f6f20(void * this, int param_1)	ANALYSIS	return	-1	<RETURN>	/bool	ANALYSIS		/int		false			high	all observed callers consume full EAX (1), none consume AL/AX, and every RET path defines full EAX; sites=005F5F20 @ 005F6322 -> TEST TEST EAX,EAX
1	stack_parameter_width	005FAC40	FUN_005fac40	undefined __thiscall FUN_005fac40(void * this, int param_1, int param_2, int param_3, int param_4, int param_5, int param_6)	ANALYSIS	parameter	1	param_1	/int	DEFAULT	param_1	/short		false			high	entry-use width=/short; unmasked_dword_reads=0; evidence=005FAC8D MOVSX EAX,word ptr [EBP + 0x8]
1	stack_parameter_width	005FAC40	FUN_005fac40	undefined __thiscall FUN_005fac40(void * this, int param_1, int param_2, int param_3, int param_4, int param_5, int param_6)	ANALYSIS	parameter	4	param_4	/int	DEFAULT	param_4	/short		false			high	entry-use width=/short; unmasked_dword_reads=0; evidence=005FACA0 MOVSX EDX,word ptr [EBP + 0x14]
1	stack_parameter_width	005FAC40	FUN_005fac40	undefined __thiscall FUN_005fac40(void * this, int param_1, int param_2, int param_3, int param_4, int param_5, int param_6)	ANALYSIS	parameter	5	param_5	/int	DEFAULT	param_5	/short		false			high	entry-use width=/short; unmasked_dword_reads=0; evidence=005FACAD MOVSX ECX,word ptr [EBP + 0x18]
1	stack_parameter_width	005FB1F0	FUN_005fb1f0	uint __thiscall FUN_005fb1f0(void * this, short param_1, short param_2, uint param_3, int param_4, short param_5, short param_6)	ANALYSIS	parameter	3	param_3	/uint	DEFAULT	param_3	/short		false			high	entry-use width=/short; unmasked_dword_reads=0; evidence=005FB234 MOVSX EAX,word ptr [EBP + 0x10]
1	stack_parameter_width	005FB1F0	FUN_005fb1f0	uint __thiscall FUN_005fb1f0(void * this, short param_1, short param_2, uint param_3, int param_4, short param_5, short param_6)	ANALYSIS	parameter	4	param_4	/int	DEFAULT	param_4	/short		false			high	entry-use width=/short; unmasked_dword_reads=0; evidence=005FB301 MOVSX EDI,word ptr [EBP + 0x14]
1	stack_parameter_width	005FE360	FUN_005fe360	undefined4 __stdcall FUN_005fe360(short * param_1, int param_2, int param_3, short param_4, int param_5, int param_6, short param_7)	ANALYSIS	parameter	5	param_6	/int	DEFAULT	param_6	/short		false			high	entry-use width=/short; unmasked_dword_reads=0; evidence=005FE3A0 MOVSX EDI,word ptr [EBP + 0x1c]
1	full_eax_return	005FE5D0	FUN_005fe5d0	bool __thiscall FUN_005fe5d0(void * this, int param_1, undefined2 * param_2, int param_3)	ANALYSIS	return	-1	<RETURN>	/bool	ANALYSIS		/int		false			high	all observed callers consume full EAX (1), none consume AL/AX, and every RET path defines full EAX; sites=005FFF60 @ 0060000F -> TEST TEST EAX,EAX
1	full_eax_return	0060CCF0	FUN_0060ccf0	bool __thiscall FUN_0060ccf0(void * this, int param_1, int param_2, int param_3, int param_4, int param_5, int param_6, int param_7)	ANALYSIS	return	-1	<RETURN>	/bool	ANALYSIS		/int		false			high	all observed callers consume full EAX (1), none consume AL/AX, and every RET path defines full EAX; sites=0060CEF0 @ 0060CFCF -> TEST TEST EAX,EAX
1	stack_parameter_width	0061B340	FUN_0061b340	undefined4 __thiscall FUN_0061b340(void * this, int param_1, int param_2, int param_3, int param_4, int param_5, int param_6, int * param_7)	ANALYSIS	parameter	1	param_1	/int	DEFAULT	param_1	/short		false			high	entry-use width=/short; unmasked_dword_reads=0; evidence=0061B89C MOVSX EAX,word ptr [EBP + 0x8]
1	stack_parameter_width	0061B340	FUN_0061b340	undefined4 __thiscall FUN_0061b340(void * this, int param_1, int param_2, int param_3, int param_4, int param_5, int param_6, int * param_7)	ANALYSIS	parameter	2	param_2	/int	DEFAULT	param_2	/short		false			high	entry-use width=/short; unmasked_dword_reads=0; evidence=0061B41F MOVSX EDX,word ptr [EBP + 0xc] | 0061B88A MOVSX ECX,word ptr [EBP + 0xc]
1	full_eax_return	0063C4A0	FUN_0063c4a0	bool __thiscall FUN_0063c4a0(void * this, int param_1)	ANALYSIS	return	-1	<RETURN>	/bool	ANALYSIS		/int		false			high	all observed callers consume full EAX (1), none consume AL/AX, and every RET path defines full EAX; sites=00639C90 @ 0063A462 -> TEST TEST EAX,EAX
1	stack_parameter_width	0064E5C0	FUN_0064e5c0	undefined __cdecl FUN_0064e5c0(undefined1 param_1, undefined4 param_2, undefined4 param_3, undefined4 param_4, undefined4 param_5)	ANALYSIS	parameter	1	param_2	/undefined4	DEFAULT	param_2	/short		false			high	entry-use width=/short; unmasked_dword_reads=0; evidence=0064E618 MOVSX EAX,word ptr [EBP + 0xc]
1	stack_parameter_width	0064E5C0	FUN_0064e5c0	undefined __cdecl FUN_0064e5c0(undefined1 param_1, undefined4 param_2, undefined4 param_3, undefined4 param_4, undefined4 param_5)	ANALYSIS	parameter	2	param_3	/undefined4	DEFAULT	param_3	/short		false			high	entry-use width=/short; unmasked_dword_reads=0; evidence=0064E61C MOVSX ECX,word ptr [EBP + 0x10]
1	full_eax_return	0064EB20	FUN_0064eb20	bool __cdecl FUN_0064eb20(int param_1)	ANALYSIS	return	-1	<RETURN>	/bool	ANALYSIS		/int		false			high	all observed callers consume full EAX (1), none consume AL/AX, and every RET path defines full EAX; sites=00652810 @ 0065339F -> TEST TEST EAX,EAX
1	full_eax_return	0064EBE0	FUN_0064ebe0	bool __cdecl FUN_0064ebe0(int param_1)	ANALYSIS	return	-1	<RETURN>	/bool	ANALYSIS		/int		false			high	all observed callers consume full EAX (1), none consume AL/AX, and every RET path defines full EAX; sites=00652810 @ 0065352E -> TEST TEST EAX,EAX
1	full_eax_return	0064EC30	FUN_0064ec30	bool __cdecl FUN_0064ec30(int param_1)	ANALYSIS	return	-1	<RETURN>	/bool	ANALYSIS		/int		false			high	all observed callers consume full EAX (1), none consume AL/AX, and every RET path defines full EAX; sites=00652810 @ 006535D7 -> TEST TEST EAX,EAX
1	full_eax_return	0064EC80	FUN_0064ec80	bool __cdecl FUN_0064ec80(AnonShape_0064EC80_53C284F2 * param_1)	ANALYSIS	return	-1	<RETURN>	/bool	ANALYSIS		/int		false			high	all observed callers consume full EAX (1), none consume AL/AX, and every RET path defines full EAX; sites=00652810 @ 006536B8 -> TEST TEST EAX,EAX
1	full_eax_return	0064ECD0	FUN_0064ecd0	bool __cdecl FUN_0064ecd0(int param_1)	ANALYSIS	return	-1	<RETURN>	/bool	ANALYSIS		/int		false			high	all observed callers consume full EAX (1), none consume AL/AX, and every RET path defines full EAX; sites=00652810 @ 00653753 -> TEST TEST EAX,EAX
1	full_eax_return	0064ED20	FUN_0064ed20	bool __cdecl FUN_0064ed20(int param_1)	ANALYSIS	return	-1	<RETURN>	/bool	ANALYSIS		/int		false			high	all observed callers consume full EAX (1), none consume AL/AX, and every RET path defines full EAX; sites=00652810 @ 006537E4 -> TEST TEST EAX,EAX
1	full_eax_return	0064ED70	FUN_0064ed70	bool __cdecl FUN_0064ed70(int param_1)	ANALYSIS	return	-1	<RETURN>	/bool	ANALYSIS		/int		false			high	all observed callers consume full EAX (1), none consume AL/AX, and every RET path defines full EAX; sites=00652810 @ 0065388B -> TEST TEST EAX,EAX
1	full_eax_return	0064EF90	FUN_0064ef90	bool __cdecl FUN_0064ef90(AnonShape_0064EF90_4909407D * param_1)	ANALYSIS	return	-1	<RETURN>	/bool	ANALYSIS		/int		false			high	all observed callers consume full EAX (2), none consume AL/AX, and every RET path defines full EAX; sites=00652810 @ 00654266 -> TEST TEST EAX,EAX | 00652810 @ 00654434 -> TEST TEST EAX,EAX
1	full_eax_return	0064F0C0	FUN_0064f0c0	bool __cdecl FUN_0064f0c0(int param_1)	ANALYSIS	return	-1	<RETURN>	/bool	ANALYSIS		/int		false			high	all observed callers consume full EAX (1), none consume AL/AX, and every RET path defines full EAX; sites=00652810 @ 00653F20 -> TEST TEST EAX,EAX
1	full_eax_return	0064F160	FUN_0064f160	bool __cdecl FUN_0064f160(int param_1)	ANALYSIS	return	-1	<RETURN>	/bool	ANALYSIS		/int		false			high	all observed callers consume full EAX (1), none consume AL/AX, and every RET path defines full EAX; sites=00652810 @ 00654066 -> TEST TEST EAX,EAX
1	full_eax_return	0064F1B0	FUN_0064f1b0	bool __cdecl FUN_0064f1b0(short * param_1)	ANALYSIS	return	-1	<RETURN>	/bool	ANALYSIS		/int		false			high	all observed callers consume full EAX (1), none consume AL/AX, and every RET path defines full EAX; sites=00652810 @ 00654108 -> TEST TEST EAX,EAX
1	full_eax_return	0064F430	FUN_0064f430	bool __cdecl FUN_0064f430(int param_1)	ANALYSIS	return	-1	<RETURN>	/bool	ANALYSIS		/int		false			high	all observed callers consume full EAX (1), none consume AL/AX, and every RET path defines full EAX; sites=00652810 @ 0065488A -> TEST TEST EAX,EAX
1	full_eax_return	0064F470	FUN_0064f470	bool __cdecl FUN_0064f470(int param_1)	ANALYSIS	return	-1	<RETURN>	/bool	ANALYSIS		/int		false			high	all observed callers consume full EAX (1), none consume AL/AX, and every RET path defines full EAX; sites=00652810 @ 0065490E -> TEST TEST EAX,EAX
1	full_eax_return	0064F4C0	FUN_0064f4c0	bool __cdecl FUN_0064f4c0(int param_1)	ANALYSIS	return	-1	<RETURN>	/bool	ANALYSIS		/int		false			high	all observed callers consume full EAX (1), none consume AL/AX, and every RET path defines full EAX; sites=00652810 @ 006549A5 -> TEST TEST EAX,EAX
1	full_eax_return	00650F90	FUN_00650f90	bool __cdecl FUN_00650f90(short * param_1)	ANALYSIS	return	-1	<RETURN>	/bool	ANALYSIS		/int		false			high	all observed callers consume full EAX (1), none consume AL/AX, and every RET path defines full EAX; sites=00652810 @ 00656E01 -> TEST TEST EAX,EAX
1	full_eax_return	00651120	FUN_00651120	bool __cdecl FUN_00651120(int param_1)	ANALYSIS	return	-1	<RETURN>	/bool	ANALYSIS		/int		false			high	all observed callers consume full EAX (1), none consume AL/AX, and every RET path defines full EAX; sites=00652810 @ 00657082 -> TEST TEST EAX,EAX
1	full_eax_return	00651160	FUN_00651160	bool __cdecl FUN_00651160(int param_1)	ANALYSIS	return	-1	<RETURN>	/bool	ANALYSIS		/int		false			high	all observed callers consume full EAX (2), none consume AL/AX, and every RET path defines full EAX; sites=00652810 @ 00657153 -> TEST TEST EAX,EAX | 00652810 @ 00657224 -> TEST TEST EAX,EAX
1	full_eax_return	006511A0	FUN_006511a0	bool __cdecl FUN_006511a0(int param_1)	ANALYSIS	return	-1	<RETURN>	/bool	ANALYSIS		/int		false			high	all observed callers consume full EAX (2), none consume AL/AX, and every RET path defines full EAX; sites=00652810 @ 00657326 -> TEST TEST EAX,EAX | 00652810 @ 006573C8 -> TEST TEST EAX,EAX
1	full_eax_return	006511E0	FUN_006511e0	bool __cdecl FUN_006511e0(int param_1)	ANALYSIS	return	-1	<RETURN>	/bool	ANALYSIS		/int		false			high	all observed callers consume full EAX (1), none consume AL/AX, and every RET path defines full EAX; sites=00652810 @ 0065746A -> TEST TEST EAX,EAX
1	full_eax_return	00651250	FUN_00651250	bool __cdecl FUN_00651250(int param_1)	ANALYSIS	return	-1	<RETURN>	/bool	ANALYSIS		/int		false			high	all observed callers consume full EAX (1), none consume AL/AX, and every RET path defines full EAX; sites=00652810 @ 0065759F -> TEST TEST EAX,EAX
1	full_eax_return	006514D0	FUN_006514d0	bool __cdecl FUN_006514d0(short * param_1)	ANALYSIS	return	-1	<RETURN>	/bool	ANALYSIS		/int		false			high	all observed callers consume full EAX (1), none consume AL/AX, and every RET path defines full EAX; sites=00652810 @ 00657927 -> TEST TEST EAX,EAX
1	full_eax_return	00651730	FUN_00651730	bool __cdecl FUN_00651730(int param_1)	ANALYSIS	return	-1	<RETURN>	/bool	ANALYSIS		/int		false			high	all observed callers consume full EAX (1), none consume AL/AX, and every RET path defines full EAX; sites=00652810 @ 00657BF7 -> TEST TEST EAX,EAX
1	full_eax_return	006517C0	FUN_006517c0	bool __cdecl FUN_006517c0(short * param_1)	ANALYSIS	return	-1	<RETURN>	/bool	ANALYSIS		/int		false			high	all observed callers consume full EAX (1), none consume AL/AX, and every RET path defines full EAX; sites=00652810 @ 00657E02 -> TEST TEST EAX,EAX
1	full_eax_return	00651880	FUN_00651880	bool __cdecl FUN_00651880(int param_1)	ANALYSIS	return	-1	<RETURN>	/bool	ANALYSIS		/int		false			high	all observed callers consume full EAX (1), none consume AL/AX, and every RET path defines full EAX; sites=00652810 @ 00657F45 -> TEST TEST EAX,EAX
1	full_eax_return	006518C0	FUN_006518c0	bool __cdecl FUN_006518c0(int param_1)	ANALYSIS	return	-1	<RETURN>	/bool	ANALYSIS		/int		false			high	all observed callers consume full EAX (1), none consume AL/AX, and every RET path defines full EAX; sites=00652810 @ 00658097 -> TEST TEST EAX,EAX
1	full_eax_return	00651900	FUN_00651900	bool __cdecl FUN_00651900(short * param_1)	ANALYSIS	return	-1	<RETURN>	/bool	ANALYSIS		/int		false			high	all observed callers consume full EAX (1), none consume AL/AX, and every RET path defines full EAX; sites=00652810 @ 006581A0 -> TEST TEST EAX,EAX
1	full_eax_return	00651DB0	FUN_00651db0	bool __cdecl FUN_00651db0(int param_1)	ANALYSIS	return	-1	<RETURN>	/bool	ANALYSIS		/int		false			high	all observed callers consume full EAX (1), none consume AL/AX, and every RET path defines full EAX; sites=00652810 @ 0065880B -> TEST TEST EAX,EAX
1	full_eax_return	00651ED0	FUN_00651ed0	bool __cdecl FUN_00651ed0(short * param_1)	ANALYSIS	return	-1	<RETURN>	/bool	ANALYSIS		/int		false			high	all observed callers consume full EAX (1), none consume AL/AX, and every RET path defines full EAX; sites=00652810 @ 00658B99 -> TEST TEST EAX,EAX
1	full_eax_return	00652030	FUN_00652030	bool __cdecl FUN_00652030(short * param_1)	ANALYSIS	return	-1	<RETURN>	/bool	ANALYSIS		/int		false			high	all observed callers consume full EAX (1), none consume AL/AX, and every RET path defines full EAX; sites=00652810 @ 00658D2A -> TEST TEST EAX,EAX
1	full_eax_return	00652100	FUN_00652100	bool __cdecl FUN_00652100(short * param_1)	ANALYSIS	return	-1	<RETURN>	/bool	ANALYSIS		/int		false			high	all observed callers consume full EAX (1), none consume AL/AX, and every RET path defines full EAX; sites=00652810 @ 00658EB7 -> TEST TEST EAX,EAX
1	full_eax_return	006521C0	FUN_006521c0	bool __cdecl FUN_006521c0(short * param_1)	ANALYSIS	return	-1	<RETURN>	/bool	ANALYSIS		/int		false			high	all observed callers consume full EAX (1), none consume AL/AX, and every RET path defines full EAX; sites=00652810 @ 00658FF1 -> TEST TEST EAX,EAX
1	full_eax_return	00652300	FUN_00652300	bool __cdecl FUN_00652300(short * param_1)	ANALYSIS	return	-1	<RETURN>	/bool	ANALYSIS		/int		false			high	all observed callers consume full EAX (1), none consume AL/AX, and every RET path defines full EAX; sites=00652810 @ 0065916C -> TEST TEST EAX,EAX
1	full_eax_return	00652460	FUN_00652460	bool __cdecl FUN_00652460(short * param_1)	ANALYSIS	return	-1	<RETURN>	/bool	ANALYSIS		/int		false			high	all observed callers consume full EAX (1), none consume AL/AX, and every RET path defines full EAX; sites=00652810 @ 006593A3 -> TEST TEST EAX,EAX
1	full_eax_return	00652540	FUN_00652540	bool __cdecl FUN_00652540(short * param_1)	ANALYSIS	return	-1	<RETURN>	/bool	ANALYSIS		/int		false			high	all observed callers consume full EAX (1), none consume AL/AX, and every RET path defines full EAX; sites=00652810 @ 00659515 -> TEST TEST EAX,EAX
1	full_eax_return	006525E0	FUN_006525e0	bool __cdecl FUN_006525e0(short * param_1)	ANALYSIS	return	-1	<RETURN>	/bool	ANALYSIS		/int		false			high	all observed callers consume full EAX (1), none consume AL/AX, and every RET path defines full EAX; sites=00652810 @ 00659669 -> TEST TEST EAX,EAX
1	full_eax_return	00652670	FUN_00652670	bool __cdecl FUN_00652670(short * param_1)	ANALYSIS	return	-1	<RETURN>	/bool	ANALYSIS		/int		false			high	all observed callers consume full EAX (1), none consume AL/AX, and every RET path defines full EAX; sites=00652810 @ 006597AE -> TEST TEST EAX,EAX
1	full_eax_return	00672F00	FUN_00672f00	bool __stdcall FUN_00672f00(void)	ANALYSIS	return	-1	<RETURN>	/bool	ANALYSIS		/int		false			high	all observed callers consume full EAX (8), none consume AL/AX, and every RET path defines full EAX; sites=00683C70 @ 0068A720 -> TEST TEST EAX,EAX | 00683C70 @ 0068A729 -> TEST TEST EAX,EAX | 00683C70 @ 0068A8C8 -> TEST TEST EAX,EAX | 00683C70 @ 0068A8D1 -> TEST TEST EAX,EAX | 0068CEC0 @ 0068D6D4 -> TEST TEST EAX,EAX | 0068CEC0 @ 0068D6DD -> TEST TEST EAX,EAX | 0068CEC0 @ 0068D7D5 -> TEST TEST EAX,EAX | 0068CEC0 @ 0068D7E2 -> TEST TEST EAX,EAX
1	full_eax_return	006800A0	FUN_006800a0	byte __cdecl FUN_006800a0(byte * param_1)	ANALYSIS	return	-1	<RETURN>	/byte	ANALYSIS		/int		false			high	all observed callers consume full EAX (1), none consume AL/AX, and every RET path defines full EAX; sites=006829B0 @ 006829BF -> MOV MOV ESI,EAX
1	full_eax_return	00680D00	FUN_00680d00	bool __stdcall FUN_00680d00(void)	ANALYSIS	return	-1	<RETURN>	/bool	ANALYSIS		/int		false			high	all observed callers consume full EAX (1), none consume AL/AX, and every RET path defines full EAX; sites=00683C70 @ 0068559A -> TEST TEST EAX,EAX
1	full_eax_return	00680E50	FUN_00680e50	bool __stdcall FUN_00680e50(void)	ANALYSIS	return	-1	<RETURN>	/bool	ANALYSIS		/int		false			high	all observed callers consume full EAX (1), none consume AL/AX, and every RET path defines full EAX; sites=00683C70 @ 006858E2 -> TEST TEST EAX,EAX
1	full_eax_return	00681D20	FUN_00681d20	bool __stdcall FUN_00681d20(void)	ANALYSIS	return	-1	<RETURN>	/bool	ANALYSIS		/int		false			high	all observed callers consume full EAX (1), none consume AL/AX, and every RET path defines full EAX; sites=00683C70 @ 00687348 -> TEST TEST EAX,EAX
1	full_eax_return	00681F10	FUN_00681f10	bool __stdcall FUN_00681f10(void)	ANALYSIS	return	-1	<RETURN>	/bool	ANALYSIS		/int		false			high	all observed callers consume full EAX (1), none consume AL/AX, and every RET path defines full EAX; sites=00683C70 @ 00685000 -> TEST TEST EAX,EAX
1	full_eax_return	00695180	FUN_00695180	bool __stdcall FUN_00695180(AnonShape_0052EFB0_8161B92D * param_1, AnonShape_00695180_3C0E4B54 * param_2, int param_3, int param_4)	ANALYSIS	return	-1	<RETURN>	/bool	ANALYSIS		/int		false			high	all observed callers consume full EAX (1), none consume AL/AX, and every RET path defines full EAX; sites=006952B0 @ 006956B8 -> TEST TEST EAX,EAX
1	full_eax_return	00698CA0	FUN_00698ca0	char __thiscall FUN_00698ca0(void * this, int param_1, int param_2, int param_3, int * param_4, int * param_5, undefined4 * param_6)	ANALYSIS	return	-1	<RETURN>	/char	ANALYSIS		/int		false			high	all observed callers consume full EAX (1), none consume AL/AX, and every RET path defines full EAX; sites=00697390 @ 0069751C -> PUSH PUSH EAX
1	full_eax_return	006A24E0	FUN_006a24e0	bool __cdecl FUN_006a24e0(ushort * param_1, int param_2, ushort * param_3, int param_4, int param_5)	ANALYSIS	return	-1	<RETURN>	/bool	ANALYSIS		/int		false			high	all observed callers consume full EAX (8), none consume AL/AX, and every RET path defines full EAX; sites=006A0EF0 @ 006A0F8B -> TEST TEST EAX,EAX | 006A17B0 @ 006A188B -> TEST TEST EAX,EAX | 006A1EB0 @ 006A1FF7 -> TEST TEST EAX,EAX | 006A34E0 @ 006A3587 -> TEST TEST EAX,EAX | 006A34E0 @ 006A35F1 -> TEST TEST EAX,EAX | 006A3840 @ 006A38B7 -> TEST TEST EAX,EAX | 006A3930 @ 006A397D -> TEST TEST EAX,EAX | 006A3A00 @ 006A3A63 -> TEST TEST EAX,EAX
1	full_eax_return	006AD0B0	FUN_006ad0b0	char __stdcall FUN_006ad0b0(int param_1, int param_2, int param_3, int param_4)	ANALYSIS	return	-1	<RETURN>	/char	ANALYSIS		/int		false			high	all observed callers consume full EAX (2), none consume AL/AX, and every RET path defines full EAX; sites=00413AF0 @ 004143AC -> MOV MOV [0x007f4d08],EAX | 0055DEE0 @ 0055E040 -> MOV MOV dword ptr [EBP + -0x38],EAX
1	full_eax_return	006B33F0	FUN_006b33f0	bool __stdcall FUN_006b33f0(int param_1, uint param_2)	ANALYSIS	return	-1	<RETURN>	/bool	ANALYSIS		/int		false			high	all observed callers consume full EAX (4), none consume AL/AX, and every RET path defines full EAX; sites=004F80A0 @ 004F8691 -> TEST TEST EAX,EAX | 004FB060 @ 004FB900 -> TEST TEST EAX,EAX | 00543C90 @ 00543CBC -> XOR XOR EAX,EAX | 006B3120 @ 006B3221 -> TEST TEST EAX,EAX
1	full_eax_return	006B55C0	FUN_006b55c0	bool __stdcall FUN_006b55c0(int param_1, int param_2, int param_3, int param_4)	ANALYSIS	return	-1	<RETURN>	/bool	ANALYSIS		/int		false			high	all observed callers consume full EAX (11), none consume AL/AX, and every RET path defines full EAX; sites=004FB060 @ 004FBB0E -> TEST TEST EAX,EAX | 0071CFD0 @ 0071D4EA -> TEST TEST EAX,EAX | 0071CFD0 @ 0071D5BA -> TEST TEST EAX,EAX | 0071CFD0 @ 0071D78B -> TEST TEST EAX,EAX | 0071CFD0 @ 0071D801 -> TEST TEST EAX,EAX | 0071CFD0 @ 0071D9F5 -> TEST TEST EAX,EAX | 0071CFD0 @ 0071DA64 -> TEST TEST EAX,EAX | 00723420 @ 00723E3D -> TEST TEST EAX,EAX | 00723420 @ 00723FE5 -> TEST TEST EAX,EAX | 00724F00 @ 00724F85 -> XOR XOR EAX,EAX | 0072B780 @ 0072BD6F -> TEST TEST EAX,EAX
1	full_eax_return	006DE570	FUN_006de570	bool __thiscall FUN_006de570(void * this, int param_1, int param_2)	ANALYSIS	return	-1	<RETURN>	/bool	ANALYSIS		/int		false			high	all observed callers consume full EAX (27), none consume AL/AX, and every RET path defines full EAX; sites=006DE9C0 @ 006DF0E3 -> TEST TEST EAX,EAX | 006DE9C0 @ 006DF192 -> TEST TEST EAX,EAX | 006DE9C0 @ 006DF244 -> TEST TEST EAX,EAX | 006DE9C0 @ 006DF2E7 -> TEST TEST EAX,EAX | 006DE9C0 @ 006DF379 -> TEST TEST EAX,EAX | 006DE9C0 @ 006DF47C -> TEST TEST EAX,EAX | 006DE9C0 @ 006DF50F -> TEST TEST EAX,EAX | 006DE9C0 @ 006DF60B -> TEST TEST EAX,EAX | 006DE9C0 @ 006DF69B -> TEST TEST EAX,EAX | 006DE9C0 @ 006DF7A9 -> TEST TEST EAX,EAX | 006DE9C0 @ 006DF83B -> TEST TEST EAX,EAX | 006DE9C0 @ 006DF932 -> TEST TEST EAX,EAX | 006DE9C0 @ 006DF9C8 -> TEST TEST EAX,EAX | 006DE9C0 @ 006DFAF1 -> TEST TEST EAX,EAX | 006DE9C0 @ 006DFB90 -> TEST TEST EAX,EAX | 006DE9C0 @ 006DFC9E -> TEST TEST EAX,EAX | 006DE9C0 @ 006DFD33 -> TEST TEST EAX,EAX | 006DE9C0 @ 006DFE28 -> TEST TEST EAX,EAX | 006DE9C0 @ 006DFEBD -> TEST TEST EAX,EAX | 006DE9C0 @ 006DFFD8 -> TEST TEST EAX,EAX | 006DE9C0 @ 006E007D -> TEST TEST EAX,EAX | 006DE9C0 @ 006E0181 -> TEST TEST EAX,EAX | 006DE9C0 @ 006E0228 -> TEST TEST EAX,EAX | 006DE9C0 @ 006E0345 -> TEST TEST EAX,EAX
1	full_eax_return	00727D50	FUN_00727d50	bool __stdcall FUN_00727d50(int * param_1)	ANALYSIS	return	-1	<RETURN>	/bool	ANALYSIS		/int		false			high	all observed callers consume full EAX (2), none consume AL/AX, and every RET path defines full EAX; sites=00727DA0 @ 00728139 -> TEST TEST EAX,EAX | 00727DA0 @ 00728148 -> TEST TEST EAX,EAX
1	known_setjmp3	0072D7F0	Library::MSVCRT::__setjmp3	undefined4 __cdecl __setjmp3(undefined4 * param_1, int param_2, void * param_3, undefined4 param_4)	ANALYSIS	function	-1					/int	__cdecl	true	pointer:/int;/int	env;count	high	MSVC _setjmp3 has two fixed arguments followed by optional unwind metadata; call sites push env and count only
1	full_eax_return	00747E4E	FUN_00747e4e	bool __fastcall FUN_00747e4e(AnonShape_00747E4E_3F64CF30 * param_1)	ANALYSIS	return	-1	<RETURN>	/bool	ANALYSIS		/int		false			high	all observed callers consume full EAX (3), none consume AL/AX, and every RET path defines full EAX; sites=007476A9 @ 007476C3 -> CMP CMP EAX,0x1 | 00747704 @ 00747731 -> CMP CMP EAX,0x1 | 007477EA @ 007477F1 -> CMP CMP EAX,0x1
1	full_eax_return	00747F3B	FUN_00747f3b	bool __fastcall FUN_00747f3b(AnonShape_00747F3B_C97131D7 * param_1)	ANALYSIS	return	-1	<RETURN>	/bool	ANALYSIS		/int		false			high	all observed callers consume full EAX (3), none consume AL/AX, and every RET path defines full EAX; sites=00747972 @ 0074798C -> CMP CMP EAX,0x1 | 007479CD @ 007479EC -> CMP CMP EAX,0x1 | 00747AA5 @ 00747AB1 -> CMP CMP EAX,0x1
1	full_eax_return	0074A2AB	FUN_0074a2ab	bool __thiscall FUN_0074a2ab(void * this, int param_1)	ANALYSIS	return	-1	<RETURN>	/bool	ANALYSIS		/int		false			high	all observed callers consume full EAX (1), none consume AL/AX, and every RET path defines full EAX; sites=0074B44A @ 0074B451 -> TEST TEST EAX,EAX
1	full_eax_return	0074B9F5	FUN_0074b9f5	bool __thiscall FUN_0074b9f5(void * this, char * param_1)	ANALYSIS	return	-1	<RETURN>	/bool	ANALYSIS		/int		false			high	all observed callers consume full EAX (2), none consume AL/AX, and every RET path defines full EAX; sites=006D7380 @ 006D73EF -> TEST TEST EAX,EAX | 0074CA21 @ 0074CA70 -> TEST TEST EAX,EAX
1	full_eax_return	00753090	FUN_00753090	bool __stdcall FUN_00753090(int param_1, int param_2, int param_3, int param_4, int param_5, int param_6, int param_7, int param_8)	ANALYSIS	return	-1	<RETURN>	/bool	ANALYSIS		/int		false			high	all observed callers consume full EAX (6), none consume AL/AX, and every RET path defines full EAX; sites=00723420 @ 0072385E -> TEST TEST EAX,EAX | 00723420 @ 00723948 -> TEST TEST EAX,EAX | 0072B780 @ 0072B9FC -> TEST TEST EAX,EAX | 0072B780 @ 0072BAA6 -> TEST TEST EAX,EAX | 0072B780 @ 0072BBC2 -> TEST TEST EAX,EAX | 0072B780 @ 0072BC90 -> TEST TEST EAX,EAX
1	full_eax_return	007535F0	FUN_007535f0	bool __stdcall FUN_007535f0(char * _Drive)	ANALYSIS	return	-1	<RETURN>	/bool	ANALYSIS		/int		false			high	all observed callers consume full EAX (1), none consume AL/AX, and every RET path defines full EAX; sites=00750940 @ 0075094E -> NEG NEG EAX
1	full_eax_return	00756800	FUN_00756800	bool __stdcall FUN_00756800(AnonShape_00756800_BE569F2C * param_1)	ANALYSIS	return	-1	<RETURN>	/bool	ANALYSIS		/int		false			high	all observed callers consume full EAX (1), none consume AL/AX, and every RET path defines full EAX; sites=00756720 @ 007567CE -> CMP CMP EAX,0xcc
