apply	owner	type_path	existing_length	observed_min_size	exact_allocation_size	proposed_length	field_count	auto_field_count	confidence	reason	evidence_functions
1	AiBossClassTy	/AiBossClassTy	1628	1628		1628	7	7	high	observed_this_access_extent	00647AD0 | 00647DC0 | 00648030
1	AiEventClassTy	/AiEventClassTy	1463	1463		1463	38	38	high	observed_this_access_extent	0064CD80 | 0064D000 | 0064D270 | 00652810 | 0065BD70
1	AiFltClassTy	/AiFltClassTy	648	648		648	131	113	high	observed_this_access_extent	0065D230 | 0065D2A0 | 0065D4B0 | 0065D6A0 | 0065D760 | 0065D9C0 | 0065DA10 | 0065DC00 | 0065DD30 | 0065F1D0 | 0065F5C0 | 0065F660 | 0065F980 | 0065FE10 | 00660010 | 006604B0 | 00660F70 | 00661580 | 006618E0 | 00662240 | 00664760 | 00664960 | 00667D90 | 0067BA50
1	AiPlrClassTy	/AiPlrClassTy	1794	1794		1794	34	34	high	observed_this_access_extent	0044EE30 | 00648030 | 00648DD0 | 00660D40 | 00660F70 | 00661CA0 | 006788B0 | 00678930 | 00678980 | 00678FC0 | 00679300 | 00679470 | 0067A020 | 0067A240 | 0067B3C0 | 0067B520 | 0067BEF0 | 0067BF30 | 0067BFD0 | 0067C110 | 0067C180 | 0067C7E0
1	AiTactClassTy	/AiTactClassTy	324	324		324	29	29	high	observed_this_access_extent	0068DC00 | 0068DC80 | 0068E010 | 0068E050 | 0068E290 | 0068E480 | 0068E610 | 0068E730 | 0068E950 | 0068EA40 | 0068EB30 | 0068EC70 | 0068F020 | 0068F360 | 0068F660 | 0068F7E0 | 0068FB30 | 0068FD00 | 00690230 | 006902B0 | 00690650 | 00690A40 | 00690AB0 | 00690B90
1	AppClassTy	/AppClassTy	20222	20222		20222	15	15	high	observed_this_access_extent	004AF080 | 004B0250 | 004B2D10 | 004B33D0 | 0056CBD0 | 006E34C0
1	BaseSystemC	/BaseSystemC	4	4		4	1	1	high	observed_this_access_extent	00576AA0 | 00576AD0
1	BehPanelTy	/BehPanelTy	700	700		700	35	24	high	observed_this_access_extent	004ED630 | 004EDDF0 | 004EDF30 | 004EE0A0 | 004EE350 | 004EE4D0 | 004F9ED0 | 004FA870 | 004FAB10 | 004FB060 | 004FF380 | 00503BB0 | 0050F430 | 00511FA0 | 0052F2B0 | 0053A820 | 005449B0
1	BldBoatPanelTy	/BldBoatPanelTy	658	658		658	26	26	high	observed_this_access_extent	004EEA40 | 004EF020 | 004EF140 | 004EF320 | 004EF6D0
1	BldLabPanelTy	/BldLabPanelTy	638	638		638	18	18	high	observed_this_access_extent	004EFB60 | 004EFD10 | 004EFE20 | 004EFFE0 | 004F0210
1	BldObjPanelTy	/BldObjPanelTy	642	642		642	24	24	high	observed_this_access_extent	004F05C0 | 004F0B60 | 004F0C80 | 004F0E60 | 004F1080
0	CBaseRenderer	/Demangler/CBaseRenderer	1	116		116	6	6	manual	existing_manual_or_unowned_structure_preserved	0074A113 | 0074A143
1	CGenerate	/CGenerate	22615	22615		22615	21	21	high	observed_this_access_extent	006952B0 | 00695A60 | 0069FF90 | 006A01D0 | 006A0740
1	CPanelTy	/CPanelTy	6111	6111		6111	367	353	high	observed_this_access_extent	004F1610 | 004F17D0 | 004F1950 | 004F1D90 | 004F1F60 | 004F2130 | 004F2350 | 004F2560 | 004F2E40 | 004F3130 | 004F3540 | 004F37C0 | 004F3A30 | 004F3CF0 | 004F3FE0 | 004F42A0 | 004F4570 | 004F5690 | 004F7800 | 004F8020 | 004F80A0 | 004F8C80 | 004F92B0 | 004F96A0 | 004F9CD0 | 004F9ED0 | 004FA400 | 004FA570 | 004FB060 | 004FE370 | 004FE4F0 | 004FE6C0 | 004FE960 | 004FEE10 | 004FF380 | 004FFE90 | 00500520 | 005007A0 | 00500BD0 | 00501000 | 00501190 | 00501410 | 00501590 | 00501A10 | 00501FF0 | 00502360 | 00502990 | 00502FC0 | 00503450 | 00503BB0 | 005040A0 | 00504210 | 005044B0 | 005047C0 | 005049A0 | 00504B80 | 00504CF0 | 00504E60 | 005050B0 | 00505230 | 00505960 | 00505DF0 | 00506040 | 005061C0 | 00507F60 | 005097E0 | 0050A340 | 0050C620 | 0050E7D0 | 0050F430 | 00511FA0 | 0052B330 | 0052F2B0 | 0053A820 | 0053E920 | 0053F650 | 0054B6D0 | 0056FA60
1	CampaignTy	/CampaignTy	8192	8192		8192	54	54	high	observed_this_access_extent	00590B40 | 005916F0 | 00591940 | 00591BF0 | 00592340 | 00592470 | 005925A0 | 00592620 | 005926E0 | 00593040
1	ChooseMapTy	/ChooseMapTy	8388	8388	8388	8388	74	64	high	unique_allocation_size_and_this_accesses	005AB300 | 005ACB30 | 005AD050 | 005AD390 | 005ADF10 | 005AE050 | 005AE840 | 005AE950 | 005AEAB0 | 005AF350 | 005AFD00 | 005B0BA0
1	ComboTy	/ComboTy	276	276		276	34	34	high	observed_this_access_extent	00593B50 | 005941D0 | 005943F0 | 00594440
1	CursorClassTy	/CursorClassTy	1275	1275		1275	73	70	high	observed_this_access_extent	004FB060 | 00511DF0 | 005135F0 | 00513810 | 00513A40 | 00516300 | 00516480 | 00516A40 | 00517A50 | 00518C20 | 0051A100 | 0051B5A0 | 0051C980 | 0051D360 | 0051D540 | 0051DDD0 | 00521490 | 0052BF00 | 00533D10 | 005397F0 | 0053E760 | 00542F40 | 00543600 | 00543830 | 00543990 | 00543AD0 | 00543C90 | 00543FA0 | 005441A0 | 00544460 | 005446C0 | 00544800 | 00544990 | 005449B0 | 00548C40 | 0054A8D0 | 0054AEE0 | 0054B540 | 0054B6D0 | 0054BF40 | 0054EEE0 | 0056CBD0 | 0056D1F0 | 0056DB80 | 0056FA60 | 00577280 | 00590170 | 00590B40 | 005916F0 | 00595E40 | 005967F0 | 00597120 | 00597E70 | 0059F670 | 005A0FF0 | 005A1630 | 005A2D70 | 005A2FF0 | 005A32F0 | 005A3540 | 005A3AB0 | 005A40F0 | 005A4350 | 005AB300 | 005ACB30 | 005AF350 | 005B2970 | 005B2F90 | 005B9B10 | 005BA560 | 005BAE00 | 005BC050 | 005BC5E0 | 005BD7A0 | 005C05F0 | 005C1A90 | 005C29B0 | 005C4930 | 005C6D40 | 005C7800 | 005CC840 | 005D1400 | 005DFA30 | 005E58D0 | 005E6770 | 005E7570 | 005E9D70
1	DebugSystemC	/DebugSystemC	4	4		4	1	1	high	observed_this_access_extent	005781C0 | 00578200
1	DumpClassC	/DumpClassC	20	20		20	3	3	high	observed_this_access_extent	00495920 | 00495980
1	FSGSTy	/FSGSTy	8387	8387	8387	8387	169	165	high	unique_allocation_size_and_this_accesses	0055BEB0 | 0055C500 | 0055C550 | 0055C6C0 | 0055C740 | 0055C790 | 0055C7E0 | 0055C830 | 00595E40 | 005967F0 | 00596CC0 | 00597120 | 00597E70 | 005999C0 | 00599BE0 | 00599E90 | 0059A320 | 0059A640 | 0059A910 | 0059B2C0 | 0059B740 | 0059B820 | 0059BE50 | 0059C520 | 0059C700 | 0059C9F0 | 0059CEE0 | 0059D240 | 0059D720 | 0059E7F0 | 0059EB00 | 0059F260 | 0059F670 | 005A0590 | 005A07F0 | 005A0A50 | 005A0AF0 | 005A0C80 | 005A0DC0 | 005A0FF0 | 005A1160 | 005A1430 | 005A1630 | 005A1920 | 005A1F00 | 005A2380 | 005A26C0 | 005A2A60 | 005A2C10 | 005A2D70 | 005A2FF0 | 005A32F0 | 005A3540 | 005A39A0 | 005A3AB0 | 005A40F0 | 005A4350
1	FrmPanelTy	/FrmPanelTy	483	483		483	25	25	high	observed_this_access_extent	004F9ED0 | 004FA870 | 004FAB10 | 004FB060 | 004FF380 | 00503BB0 | 0050F430 | 0050FD60 | 00510250 | 00510370 | 005104B0 | 005105E0 | 005107C0 | 00511FA0 | 0052F2B0 | 0053A820 | 005449B0
1	GameSystemC	/GameSystemC	1077	1077		1077	4	4	high	observed_this_access_extent	00576DD0 | 00576E10 | 00576EF0 | 005770D0
0	HelpPanelTy	/HelpPanelTy	596	596		596	65	61	manual	existing_manual_or_unowned_structure_preserved	00510E30 | 00511760 | 00511AB0 | 00511C70 | 00511DF0 | 00511FA0 | 005123A0 | 00512830 | 00513030 | 005134B0 | 005135F0 | 00513810 | 00513A40 | 00513BC0 | 00513FA0 | 00514330 | 005145E0 | 005149B0 | 00514F10 | 00515310 | 00515650 | 00515900 | 00515C00 | 00515E30 | 00516300 | 00516480 | 00516A40 | 00517A50 | 00518C20 | 0051A100 | 0051B5A0 | 0051C980 | 0051D360 | 0051D540 | 0051DA70 | 0051DDD0
1	HelpStringTy	/HelpStringTy	306	306		306	9	9	high	observed_this_access_extent	0051F8F0 | 0051FBA0
1	HoloTy	/HoloTy	51	51		51	13	13	high	observed_this_access_extent	00597120 | 00597E70 | 0059F670 | 005AACB0 | 005AAFB0 | 005AB0A0 | 005AB300 | 005AD390 | 005AF350 | 005B9B10 | 005BAE00 | 005BC050 | 005BC5E0 | 005BD7A0 | 005BF860 | 005C05F0 | 005C5130 | 005C6D40 | 005CBD00 | 005CC840 | 005E5E30 | 005E5FB0 | 005E6770 | 005E84D0 | 005E9D70
1	InfocPanelTy	/InfocPanelTy	985	985		985	95	95	high	observed_this_access_extent	004B9FA0 | 004F9ED0 | 004FA870 | 004FAB10 | 004FB060 | 004FFE90 | 00503BB0 | 0050F430 | 00511FA0 | 0051FF50 | 005204D0 | 005205E0 | 005206F0 | 00520B50 | 00520D10 | 00521490 | 0052F2B0 | 0053A820 | 005449B0
1	InterSystemC	/InterSystemC	52	52		52	6	6	high	observed_this_access_extent	00542440 | 005424A0 | 00542EC0
1	IntercomPanelTy	/IntercomPanelTy	421	421		421	19	19	high	observed_this_access_extent	00521900 | 005219E0 | 00521B90 | 00522D40 | 00522E80
1	JumpManagC	/JumpManagC	106	106		106	5	5	high	observed_this_access_extent	00617640 | 00617840 | 006178C0 | 006179D0 | 00617FB0 | 00618170 | 00618AD0
1	MAdvTy	/MAdvTy	98	98		98	13	13	high	observed_this_access_extent	00590170 | 00590410 | 00590580 | 00590860 | 005908B0
0	MMMObjTy	/MMMObjTy	1	746		746	1	1	manual	insufficient_layout_anchors	005C4930 | 005C6030 | 005C8A40
0	MMObjTy	/MMObjTy	227	227		227	5	5	manual	existing_manual_or_unowned_structure_preserved	005B5510 | 005B6220 | 005B6480
1	MMsgTy	/MMsgTy	7636	7636		7636	62	62	high	observed_this_access_extent	00591BF0 | 00595E40 | 005967F0 | 00597120 | 005AB300 | 005ACB30 | 005AD390 | 005B3430 | 005B6B20 | 005B6FF0 | 005B7210 | 005B7340 | 005B7540 | 005B7EF0 | 005B87D0 | 005B8C70 | 005B8F40 | 005B9010 | 005B9170 | 005B9330 | 005B9B10 | 005BA560 | 005BAE00 | 005C5130 | 005E6770 | 005E7570 | 005E84D0
1	MReportTy	/MReportTy	1115	1115		1115	104	102	high	observed_this_access_extent	005BD7A0 | 005BE310 | 005BE5B0 | 005BF860 | 005BFD30 | 005BFF00 | 005C00D0 | 005C0190 | 005C0230 | 005C05F0 | 005C0980 | 005C0B00 | 005C0E00 | 005C1340 | 005C1610 | 005C1A90
1	MTaskTy	/MTaskTy	1751	1751		1751	87	87	high	observed_this_access_extent	005B66E0 | 005DFA30 | 005E0470 | 005E09E0 | 005E0AC0 | 005E4180 | 005E4300 | 005E4570
1	MTestTy	/MTestTy	180	180		180	12	12	high	observed_this_access_extent	005E58D0 | 005E5BA0 | 005E5D50 | 005E5E30 | 005E5F60 | 005E5FB0
1	MainMenuTy	/MainMenuTy	7908	7908		7908	70	70	high	observed_this_access_extent	005B2970 | 005B2F90 | 005B3160 | 005B3430 | 005B3B00 | 005B3C30 | 005B3D60 | 005B47E0 | 005B4860 | 005B48E0 | 005B4BB0
1	MoneyTy	/MoneyTy	166	166		166	42	42	high	observed_this_access_extent	0052B760 | 0052B8A0 | 0052B8F0 | 0052B940 | 0052B990 | 0052BBE0 | 0052BDA0 | 0052BF00
1	OptPanelTy	/OptPanelTy	774	774		774	52	50	high	observed_this_access_extent	0052E500 | 0052E5E0 | 0052E8F0 | 0052EB50 | 0052EDF0 | 0052EFB0 | 0052F2B0 | 0052F7E0 | 0052F900 | 005325B0 | 00532A80 | 00532D50 | 00533470 | 00533880 | 00533A10 | 00533D10 | 005449B0 | 0054AEE0
1	OpticClassC	/OpticClassC	28	28		28	2	2	high	observed_this_access_extent	004A88C0
1	PanelTy	/PanelTy	108	108		108	14	14	high	observed_this_access_extent	005381B0 | 00538390 | 005384A0 | 00538690 | 005389E0 | 00538BA0 | 00538DB0 | 00538FC0
1	PausePanelTy	/PausePanelTy	392	392		392	16	16	high	observed_this_access_extent	00539280 | 00539490 | 005395B0 | 005396E0 | 005397F0
1	PlayPanelTy	/PlayPanelTy	481	481		481	27	25	high	observed_this_access_extent	00539B90 | 0053A380 | 0053A540 | 0053A6B0 | 0053A820 | 0053AA50 | 0053AC00 | 0053AFB0 | 0054AEE0 | 005776D0 | 00652810
1	PlaySystemTy	/PlaySystemTy	87	87		87	3	3	high	observed_this_access_extent	0054EC20
1	PopUpTy	/PopUpTy	161	161		161	7	7	high	observed_this_access_extent	0052D200 | 0052D370 | 0052D690 | 0052D980 | 0052DB90 | 0052DD20 | 0054D640
0	PrividerTy	/PrividerTy	7326	7326	7326	7326	58	58	manual	existing_manual_or_unowned_structure_preserved	005B9B10 | 005BA560 | 005BA8B0 | 005BAAC0 | 005BAE00 | 005BB910 | 005BB9F0 | 005BBA90 | 005BC050 | 005BC5E0
1	ProdPanelTy	/ProdPanelTy	421	421		421	24	24	high	observed_this_access_extent	004FA870 | 004FAB10 | 004FB060 | 00503BB0 | 0050F430 | 0053EE30 | 0053EF20 | 0053F220 | 0053F3A0 | 0053F650 | 0053F780 | 0053F940 | 0053FCD0 | 0053FEE0 | 005400F0 | 005449B0
1	ResearchPanelTy	/ResearchPanelTy	646	646		646	25	25	high	observed_this_access_extent	0053C120 | 0053C500 | 0053C620 | 0053C820 | 0053CA80
1	SAMPanelTy	/SAMPanelTy	465	465		465	18	18	high	observed_this_access_extent	004F9ED0 | 004FA870 | 004FAB10 | 004FB060 | 004FF380 | 00503BB0 | 0050F430 | 00511FA0 | 0052F2B0 | 0053A820 | 0053CEF0 | 0053D1A0 | 0053D290 | 0053D3B0 | 0053D4D0 | 005449B0
1	SIDTy	/SIDTy	7381	7381		7381	55	55	high	observed_this_access_extent	005D7A50 | 005D7F80 | 005D81F0 | 005D8450 | 005D8A90 | 005D8BF0 | 005D9250 | 005D9470
1	STAlgaC	/STAlgaC	76	76		76	8	8	high	observed_this_access_extent	00575CB0
1	STAllPlayersC	/STAllPlayersC	796	796		796	66	60	high	observed_this_access_extent	004210E0 | 00422210 | 0042A940 | 00430A90 | 00443F30 | 004EB010 | 005EC850 | 005F6DF0 | 00622AB0
1	STAppC	/STAppC	34138	34138		34138	90	90	high	observed_this_access_extent	004B8C80 | 004B9FA0 | 004BE500 | 004C84C0 | 004CEB00 | 004D32C0 | 004DC760 | 004DEC10 | 004DF3B0 | 004E0830 | 004E2AD0 | 004E2C30 | 0056A5F0 | 0056ADC0 | 0056C750 | 0056D1F0 | 0056D740 | 0056DB80 | 0056E9E0 | 0056EBE0 | 0056EE90 | 0056EF50 | 0056F040 | 0056FA60 | 00571400 | 006E5150 | 006E51B0
1	STArtiafactC	/STArtiafactC	1143	1143		1143	49	49	high	observed_this_access_extent	005EAF10 | 005EBCB0 | 005F0D00
1	STBHEShellC	/STBHEShellC	369	369		369	69	69	high	observed_this_access_extent	005F27C0 | 005F3440 | 005F3470 | 005F34B0 | 005F3B00 | 005F3BF0 | 005F4370 | 005F4680 | 005F4C50 | 005F4FA0 | 005F53A0 | 005F5700 | 005F5A90 | 005F5B80 | 005F5C40 | 005F5D10 | 005F5E30
1	STBoatC	/STBoatC	2106	2106		2106	516	439	high	observed_this_access_extent	004176C0 | 00417910 | 0044E690 | 0044EDC0 | 0044EE30 | 0045EEE0 | 0045EF00 | 0045F400 | 0045F6C0 | 0045F980 | 0045FD30 | 0045FF50 | 00460260 | 004602B0 | 00460360 | 004608B0 | 004620F0 | 004653B0 | 00465BE0 | 00465C60 | 0046AA50 | 0046B100 | 0046C980 | 0046CF20 | 0046D450 | 0046EFD0 | 0046F5C0 | 004714D0 | 00471AC0 | 004732F0 | 00474810 | 004749C0 | 00475530 | 004758E0 | 00476120 | 004761B0 | 00476A10 | 00476CE0 | 00478030 | 00478640 | 00479600 | 0047BF70 | 0047C050 | 0047CF20 | 0047D080 | 0047DA50 | 0047DF00 | 0047FAD0 | 0047FE10 | 004803D0 | 00481520 | 00482450 | 004827F0 | 00482A00 | 00486A40 | 00488F30 | 004899A0 | 0048A670 | 0048CC80 | 0048CEA0 | 0048D110 | 0048D130 | 0048D930 | 0048DBA0 | 0048FAC0 | 004900E0 | 00490570 | 00490CA0 | 00490E70 | 00490F60 | 00491070 | 00491240 | 00491720 | 00491FB0 | 00492080 | 00492280 | 00492390 | 00492420 | 004926C0 | 00493340 | 004939B0 | 004952C0 | 004952E0 | 004B7D00 | 004B7D50 | 004E1490 | 004E91E0 | 005F07A0 | 005F0A30
1	STColl3C	/STColl3C	755	755		755	60	60	high	observed_this_access_extent	005F5F20 | 005F6600 | 005F66B0 | 005F66F0 | 005F68B0 | 005F6AF0 | 005F6EC0 | 005F6F20 | 005F6F60 | 005F8650 | 005F9450 | 005F94C0 | 005FA070 | 005FA0B0 | 005FA8B0 | 005FB170 | 005FB5E0
1	STContainerC	/STContainerC	1147	1147		1147	48	48	high	observed_this_access_extent	005F0D90 | 005FB640 | 005FC3E0
1	STCrabC	/STCrabC	641	641		641	25	25	high	observed_this_access_extent	00578560 | 005785E0 | 00578630 | 00579170 | 0057A2A0
1	STDcResourcC	/STDcResourcC	631	631		631	29	29	high	observed_this_access_extent	0057E0A0 | 0057F1D0 | 0057F2E0 | 0057F3A0 | 0057F470 | 0057F580 | 0057F6E0 | 005805C0 | 00580F20 | 005810B0
1	STDestC	/STDestC	943	943		943	33	33	high	observed_this_access_extent	00601F80 | 006023F0 | 00602440 | 006024B0 | 006025D0 | 00602660 | 00602BE0 | 00603120
1	STExplosion	/STExplosion	703	703		703	28	28	high	observed_this_access_extent	00603740 | 00604080 | 00604120 | 00604350 | 00604970 | 00605130 | 00605780 | 00606050
1	STExplosionC	/STExplosionC	699	699		699	22	22	high	observed_this_access_extent	006041A0 | 00604A90 | 006051B0 | 006057C0
1	STFieldC	/STFieldC	601	601		601	8	8	high	observed_this_access_extent	00580B60 | 006099E0 | 00609B90 | 00609CD0 | 00609D60 | 0060C1A0 | 0060D660
1	STFishC	/STFishC	619	619		619	28	26	high	observed_this_access_extent	004162B0 | 00419A90 | 005449B0 | 00548C40 | 0054AEE0 | 0057BD20 | 0057BF20 | 0057BF60 | 0057CD70 | 0057D5F0 | 0057D700 | 0057DFB0 | 0066ACC0
1	STGameObjC	/STGameObjC	2082	2082		2082	128	128	high	observed_this_access_extent	004158E0 | 004189D0 | 00419DF0 | 0041A680 | 0041AF40 | 00423520 | 00423660 | 00423850 | 00423C70 | 00424530 | 00424620 | 004247B0 | 0042BB30 | 0042BEA0 | 0042C300 | 0042C5F0 | 0042D190 | 0042D370 | 0042D770 | 0042DFE0 | 004314E0 | 004353B0 | 00435930 | 00435B90 | 00436F20 | 00439100 | 0043AAF0 | 0043AE40 | 0043BEB0 | 0043EED0 | 00440860 | 00440990 | 00440AA0 | 00442300 | 00442B40 | 00442E50 | 00445A40 | 00446F80 | 0044B5F0 | 0044CC90 | 0044CD20 | 0044CDB0 | 0044CE40 | 0044D320 | 0044E260 | 0044EE30 | 0045FF10 | 00462180 | 00476CE0 | 00478030 | 00483300 | 004845E0 | 00486B40 | 004899A0 | 0048CEA0 | 00490B30 | 00490D90 | 00492370 | 00492B20 | 00492FC0 | 00493CD0 | 00497CD0 | 00499B80 | 00499DE0 | 0049AAF0 | 0049C210 | 0049CD30 | 0049D230 | 0049D750 | 0049DFA0 | 0049E510 | 0049EA00 | 0049ED40 | 0049F100 | 0049FBF0 | 004A0040 | 004A0990 | 004A0FA0 | 004A3430 | 004A3CD0 | 004A4240 | 004A80A0 | 004A8340 | 004A8690 | 004A87A0 | 004DE820 | 005825C0 | 00584060 | 00586AF0 | 005EF6C0 | 005FD750 | 005FF3A0 | 005FF430 | 0061C5F0 | 006406D0 | 0065BD70 | 0065DA50 | 0065DC00 | 0065DD30 | 0065E070 | 0065E3B0 | 0065E450 | 00661800 | 006618E0 | 00661CA0 | 00662240 | 00664960 | 00675DC0 | 00675FE0 | 00676260 | 006763F0
1	STGenBombC	/STGenBombC	598	598		598	8	8	high	observed_this_access_extent	006132F0
1	STGroupBoatC	/STGroupBoatC	864	864		864	261	184	high	observed_this_access_extent	004232A0 | 00436F20 | 0043BEB0 | 0044EE30 | 00486E20 | 00497AF0 | 00497CD0 | 00497E00 | 00498D20 | 004996F0 | 00499710 | 00499730 | 00499750 | 004999C0 | 00499B80 | 00499DE0 | 0049A500 | 0049A620 | 0049A940 | 0049AAF0 | 0049B4C0 | 0049B7D0 | 0049C210 | 0049CD30 | 0049D230 | 0049D750 | 0049DB40 | 0049DFA0 | 0049E510 | 0049EA00 | 0049ED40 | 0049F100 | 0049F640 | 0049F900 | 0049FBF0 | 004A0040 | 004A0590 | 004A0990 | 004A0EC0 | 004A0FA0 | 004A3430 | 004A3CD0 | 004A4240 | 004A4D60 | 004A4F10 | 004A67A0 | 004A7490 | 004A7AF0 | 004A7E30 | 004A80A0 | 004A8340 | 004A85B0 | 004A8690 | 004A87A0 | 004BEA70 | 004D0FC0 | 004E1930 | 004E46F0 | 00609950 | 0065FA10 | 0065FD00 | 0065FD50 | 0065FE10 | 00660010 | 00660420 | 006604B0 | 00660540 | 00660620 | 00660700 | 00660910 | 00660A40 | 00660B50
0	STGroupC	/STGroupC	61	61		61	12	12	manual	existing_manual_or_unowned_structure_preserved	004233E0 | 00423520 | 00423660 | 00423850 | 00423EC0 | 004240F0 | 00424360 | 004247B0
1	STJellyGunC	/STJellyGunC	1468	1468		1468	91	80	high	observed_this_access_extent	00415ED0 | 00416400 | 004C6D00 | 00580DC0 | 005823D0 | 00582530 | 00582580 | 005825C0 | 00583270 | 00583E30 | 00584060 | 00584380 | 005844E0 | 0060C2D0 | 0062FE00
1	STJellyManC	/STJellyManC	531	531		531	14	14	high	observed_this_access_extent	005810D0 | 00581AC0 | 00581BF0
1	STJumpMineC	/STJumpMineC	337	337		337	60	60	high	observed_this_access_extent	00618C00 | 00619170 | 006191A0 | 006192E0 | 00619350 | 006193E0 | 006195E0 | 00619A20 | 00619C70 | 0061B340
1	STLBombC	/STLBombC	630	630		630	24	24	high	observed_this_access_extent	00584970 | 005859A0
1	STLightC	/STLightC	176	176		176	41	41	high	observed_this_access_extent	0061D190 | 0061D620 | 0061D650 | 0061D6D0 | 0061D710 | 0061D8F0 | 0061D9C0 | 0061DB80 | 0061DFE0 | 0061E110 | 0061E4F0 | 0061E7F0 | 0061F290 | 0061F530
1	STMBombC	/STMBombC	672	672		672	40	40	high	observed_this_access_extent	005861F0 | 00588BC0
1	STManBasisC	/STManBasisC	72	72		72	11	11	high	observed_this_access_extent	005F10D0 | 005F1350 | 005F14B0 | 005F19A0 | 005F1FA0 | 005F2110 | 005F21D0 | 005F2330
1	STManRub3C	/STManRub3C	184	184		184	10	10	high	observed_this_access_extent	0062CCA0 | 0062CF00 | 0062CF50 | 0062D670 | 0062D840 | 0062DD40 | 0062E130
1	STManRuinC	/STManRuinC	117	117		117	22	22	high	observed_this_access_extent	00630430 | 00630870 | 00630AC0 | 00630BB0 | 00631010 | 00631220 | 00631390 | 00631450 | 00631560 | 00631880
1	STMineSetC	/STMineSetC	871	871		871	79	79	high	observed_this_access_extent	0041D1A0 | 0041D2B0 | 0041D6C0 | 00621B50 | 00622600 | 00622670 | 006226C0 | 00622880 | 00622BA0 | 00623170 | 006239A0 | 00624920 | 00625730 | 00626B50 | 00626EA0 | 00626FA0 | 00627390 | 00627400
1	STOctopusC	/STOctopusC	685	685		685	41	41	high	observed_this_access_extent	00589990 | 00589B50 | 00589C10 | 0058A8D0 | 0058AF70 | 0058B190 | 0058BA10
1	STParticleC	/STParticleC	264	264		264	58	58	high	observed_this_access_extent	00627EB0 | 00629070 | 00629830 | 006298A0 | 00629E60 | 00629F20 | 00629F90 | 0062A370 | 0062A860 | 0062AEF0 | 0062B4A0
1	STPlaySystemC	/STPlaySystemC	248	248		248	46	46	high	observed_this_access_extent	00416390 | 0041DA30 | 0041E530 | 0041F3B0 | 00420340 | 00420AE0 | 0042B7D0 | 0042E210 | 00430A90 | 00435850 | 0043FC50 | 00440700 | 00440750 | 00445A40 | 004461B0 | 00446520 | 00446F80 | 00448120 | 0044EE30 | 0046B100 | 0046F5C0 | 004732F0 | 004749C0 | 00479600 | 0047C050 | 0047D080 | 004803D0 | 00480600 | 00490F60 | 00491070 | 00491720 | 00495010 | 00497E00 | 00499DE0 | 0049A620 | 0049A940 | 0049B4C0 | 0049B7D0 | 0049C210 | 0049CD30 | 0049D230 | 0049D750 | 0049DB40 | 0049DFA0 | 0049E510 | 0049EA00 | 0049ED40 | 0049F100 | 0049F640 | 0049F900 | 0049FBF0 | 004A0040 | 004A0590 | 004A0990 | 004A0FA0 | 004A3430 | 004A3CD0 | 004A8920 | 004A9C80 | 004B2520 | 004B2D10 | 004B80D0 | 004B8C80 | 004B9FA0 | 004BEA70 | 004C3020 | 004C3570 | 004C3C00 | 004C4550 | 004C5DE0 | 004C5EB0 | 004C7CC0 | 004C84C0 | 004C9770 | 004CA7B0 | 004CBE10 | 004CC220 | 004CC370 | 004CC900 | 004CCC10 | 004CD3E0 | 004CD480 | 004CEB00 | 004D0310 | 004D0670 | 004D11D0 | 004D32C0 | 004D55B0 | 004D7010 | 004D7040 | 004D8110 | 004D8360 | 004D8D00 | 004D8E70 | 004D8F80 | 004D9000 | 004D9350 | 004D9790 | 004D9820 | 004D9B20 | 004D9C80 | 004D9FE0 | 004DA390 | 004DA9C0 | 004DB020 | 004DB0F0 | 004DC1E0 | 004DC260 | 004DC660 | 004DC760 | 004DCBF0 | 004DCE00 | 004DD070 | 004DD570 | 004DDD50 | 004DE1E0 | 004DE300 | 004DEC10 | 004DF2B0 | 004DF3B0 | 004DF8C0 | 004DFB00 | 004E0040 | 004E04A0 | 004E0830 | 004E1310 | 004E1E30 | 004E2200 | 004E2340 | 004E27E0 | 004E3880 | 004E3910 | 004E4630 | 004E46F0 | 004E4AA0 | 004E4B10 | 004E4E90 | 004E7EB0 | 004E7F20 | 004E8CC0 | 004E9050 | 004E9CE0 | 004EA7A0 | 004EA870 | 004EAA20 | 004EAD90 | 004EB010 | 004EB150 | 004EBDA0 | 004EC0F0 | 004EC2A0 | 004EC400 | 004ECC70 | 004ECCF0 | 004ECEA0 | 004ED210 | 004F4F90 | 004F80A0 | 004F8C80 | 00521CF0 | 0052FB00 | 00533880 | 00533B80 | 00533D10 | 0054C740 | 0054CB40 | 0054CC20 | 0054CFC0 | 0054D180 | 0054D2F0 | 0054D430 | 0054D550 | 0054D640 | 0054E4F0 | 0054E950 | 0054EBB0 | 0054EEE0 | 0054F1D0 | 00550110 | 00550190 | 00550250 | 005505D0 | 005564C0 | 00556760 | 00558840 | 0056FA60 | 00578630 | 00579350 | 0057A0B0 | 0057B670 | 0057B990 | 0057BF60 | 0057CD70 | 0057D700 | 0057DF20 | 0057E0A0 | 0057F6E0 | 005803E0 | 00580450 | 005804F0 | 005805C0 | 00581120 | 00581BC0 | 00582460 | 005825C0 | 00583270 | 00584380 | 00584A30 | 00584B10 | 00585020 | 005859A0 | 00586240 | 00586AF0 | 00588BC0 | 00589740 | 00589C10 | 0058A9E0 | 0058B190 | 0058B980 | 0058BAB0 | 0058BD90 | 0058C760 | 0058D480 | 0058D7C0 | 0058E570 | 0058FF70 | 00590010 | 005EAF10 | 005EBD80 | 005EC850 | 005EC9F0 | 005ECD70 | 005ED1C0 | 005EDE30 | 005EE6E0 | 005EFCD0 | 005F0BA0 | 005F0EC0 | 005F14B0 | 005F15F0 | 005F3BF0 | 005F4370 | 005F4C50 | 005F4FA0 | 005F5F20 | 005F6AF0 | 005F6F60 | 005F8650 | 005F8D10 | 005FA180 | 005FAC40 | 005FAEE0 | 005FAFB0 | 005FAFF0 | 005FB100 | 005FB640 | 005FC4A0 | 005FCFF0 | 005FD1B0 | 005FD750 | 005FDB50 | 005FE5D0 | 005FEA50 | 006001E0 | 00600750 | 00601D10 | 00601F80 | 006029C0 | 00602BE0 | 006034E0 | 00603740 | 00604080 | 00605130 | 006051B0 | 006057C0 | 00608E90 | 0060AA00 | 0060CCF0 | 0060D070 | 0060D340 | 0060D810 | 0060DAB0 | 0060ECE0 | 006101B0 | 006132F0 | 006139A0 | 006164E0 | 00616A80 | 00616F60 | 00617B10 | 00619C70 | 0061BDB0 | 0061D0C0 | 0061E770 | 0061E7F0 | 0061F290 | 0061F5C0 | 0061F660 | 0061F8B0 | 0061FE80 | 006202B0 | 00620670 | 00620A00 | 00620DA0 | 00620E40 | 006211E0 | 00621580 | 00621640 | 006216E0 | 00621780 | 00621A70 | 00621B50 | 00622BA0 | 00623170 | 00623600 | 006239A0 | 00624570 | 00624920 | 00625730 | 00626D70 | 00627390 | 00627400 | 00627850 | 00627EB0 | 0062AB10 | 0062AF90 | 0062B680 | 0062B770 | 0062B830 | 0062B990 | 0062E170 | 0062EF00 | 0062F0D0 | 0062F150 | 0062F830 | 00630430 | 006308F0 | 00631010 | 00632E30 | 00633770 | 00636260 | 006367D0 | 006389F0 | 00638CA0 | 00639990 | 00639C90 | 0063C510 | 0063CC50 | 0063D460 | 0063E410 | 0063E9C0 | 0063F790 | 0063FE70 | 00640170 | 00640390 | 006406D0 | 006457E0 | 00645880 | 00645F10 | 006461E0 | 00647370 | 006473E0 | 00648030 | 00652810 | 0065BD70 | 00667D90 | 0066ACC0 | 0067C7E0 | 00690B90
1	STResourceC	/STResourceC	621	621		621	10	10	high	observed_this_access_extent	0044A440 | 0057DFD0 | 005802A0 | 00580D30
1	STRubbishC	/STRubbishC	510	510		510	15	15	high	observed_this_access_extent	0062E740 | 0062ED10 | 0062ED90 | 0062EF00 | 0062F900 | 0062FCA0 | 0062FEA0 | 00630260
1	STSatC	/STSatC	659	659		659	29	29	high	observed_this_access_extent	0058BA30 | 0058C760
1	STSharkC	/STSharkC	655	655		655	34	34	high	observed_this_access_extent	0058D750 | 0058D7C0 | 0058E570 | 0058EFE0 | 0058F430 | 0058FF70
1	STSprGameObjC	/STSprGameObjC	783	783		783	49	49	high	observed_this_access_extent	0041E530 | 0041F3B0 | 0041F970 | 0041F9B0 | 00420340 | 00420AE0 | 005EC7E0 | 005EF9F0 | 005EFA10 | 005EFAC0 | 005F0030 | 005F0220
1	STT3DSprC	/STT3DSprC	64	64		64	18	18	high	observed_this_access_extent	004AB880 | 004ABB30 | 004ABE40 | 004ABF00 | 004AC040 | 004AC1A0 | 004AC410 | 004ACD30 | 004ACE30 | 004ACE60 | 004ACEF0 | 004ACF20 | 004ACF50 | 004ACF90 | 004ACFE0 | 004AD020 | 004AD070 | 004AD1F0 | 004AD310 | 004AD3C0 | 004AD790 | 004ADBA0 | 004B9FA0 | 004CEB00 | 004D11D0 | 004D32C0 | 006051B0
1	STTeamLissagC	/STTeamLissagC	45	45		45	8	8	high	observed_this_access_extent	00632A00
1	STTmMineC	/STTmMineC	879	879		879	16	16	high	observed_this_access_extent	0063D280 | 0063DDB0 | 0063DEF0 | 0063E160 | 0063F3D0
1	STTorpC	/STTorpC	649	649		649	60	54	high	observed_this_access_extent	004603B0 | 006406D0 | 00645020 | 006451B0 | 006452A0 | 00645420 | 006456C0
1	STVolcanoC	/STVolcanoC	181	181		181	31	31	high	observed_this_access_extent	006461E0 | 00646C90 | 00646D40 | 00646DB0 | 006472B0 | 006474E0 | 006479E0
1	SettMapMTy	/SettMapMTy	8773	8773		8773	76	76	high	observed_this_access_extent	005B5F00 | 005CBD00 | 005CC2D0 | 005CC440 | 005CC840 | 005CCE10 | 005CD430 | 005CDB20 | 005CDF60 | 005CE0E0 | 005CFCD0 | 005CFF40 | 005D00B0 | 005D0150 | 005D06C0 | 005D0850 | 005D0A20 | 005D0BB0 | 005D0ED0 | 005D1100 | 005D1380 | 005D1400 | 005D4850 | 005D4990
1	SettMapSTy	/SettMapSTy	8680	8680		8680	37	37	high	observed_this_access_extent	005D4E90 | 005D5160 | 005D5560
1	SettMapTy	/SettMapTy	8700	8700		8700	106	100	high	observed_this_access_extent	005C4930 | 005C4E20 | 005C5130 | 005C5B60 | 005C6030 | 005C6D40 | 005C87C0 | 005C8A40
1	SndUnderAttMenegC	/SndUnderAttMenegC	270	270		270	17	17	high	observed_this_access_extent	0061F660 | 0061FCC0
1	SoundClassTy	/SoundClassTy	4341	4341		4341	14	14	high	observed_this_access_extent	00568C50 | 00568DD0
1	SoundManagerTy	/SoundManagerTy	65	65		65	12	12	high	observed_this_access_extent	00566900 | 00566970 | 00566AA0 | 00566C20
1	SpecPanelTy	/SpecPanelTy	397	397		397	22	22	high	observed_this_access_extent	0053E3F0 | 0053E640 | 0053E760 | 0053E920 | 0053EA50 | 0053EB70
1	SpriteClassTy	/SpriteClassTy	145	145		145	30	30	high	observed_this_access_extent	00543C90 | 00715820
0	StartServTy	/StartServTy	1	746		746	1	1	manual	insufficient_layout_anchors	005B2970 | 005B2F90 | 005B3D60 | 005B4BB0
1	StartSystemTy	/StartSystemTy	1718	1718		1718	116	116	high	observed_this_access_extent	004ED630 | 004F3130 | 00502360 | 00503450 | 005097E0 | 0050E7D0 | 005123A0 | 00512830 | 0051FF50 | 00522E80 | 0052EB50 | 00539B90 | 0053C120 | 0053F940 | 005449B0 | 00550DB0 | 0056ADC0 | 0056DB80 | 0056FA60 | 00590170 | 00590580 | 00590B40 | 005916F0 | 00591940 | 00591BF0 | 005926E0 | 00593040 | 00593B50 | 005943F0 | 00594D40 | 00594EB0 | 005952B0 | 005956C0 | 00595E40 | 005967F0 | 00597120 | 00597E70 | 0059C700 | 0059C9F0 | 0059CEE0 | 0059D240 | 0059D720 | 0059E7F0 | 0059EB00 | 0059F260 | 005A0FF0 | 005A1160 | 005A1630 | 005A32F0 | 005A4350 | 005AB300 | 005ACB30 | 005AD050 | 005AD390 | 005ADF10 | 005AE050 | 005AE840 | 005AE950 | 005AEAB0 | 005AF350 | 005AFD00 | 005B0BA0 | 005B2970 | 005B2F90 | 005B3160 | 005B3430 | 005B3D60 | 005B4BB0 | 005B5510 | 005B5F00 | 005B66E0 | 005B6B20 | 005B6F10 | 005B7540 | 005B7EF0 | 005B87D0 | 005B8C70 | 005B9860 | 005B9B10 | 005BA560 | 005BA8B0 | 005BAAC0 | 005BAE00 | 005BB9F0 | 005BBA90 | 005BC050 | 005BC5E0 | 005BD7A0 | 005BE310 | 005C00D0 | 005C0190 | 005C0230 | 005C0980 | 005C1340 | 005C1A90 | 005C29B0 | 005C4930 | 005C4E20 | 005C5130 | 005C5B60 | 005C5CA0 | 005C5EB0 | 005C6030 | 005C6D40 | 005C7800 | 005C8200 | 005C87C0 | 005C8A40 | 005CBD00 | 005CC440 | 005CC840 | 005CCC30 | 005CCD00 | 005CCE10 | 005CE0E0 | 005D1400 | 005D4850 | 005D4990 | 005D5560 | 005D7A50 | 005D8450 | 005D9250 | 005D9470 | 005DA610 | 005DA910 | 005DAB30 | 005DAC80 | 005DADF0 | 005DAF20 | 005DB2A0 | 005DB4F0 | 005DC050 | 005DC730 | 005DCC10 | 005DCD90 | 005DCDB0 | 005DCE90 | 005DD470 | 005DD850 | 005DDC70 | 005DE050 | 005DE270 | 005DFA30 | 005E1330 | 005E4180 | 005E4570 | 005E58D0 | 005E6770 | 005E7570 | 005E79B0 | 005E7C00 | 005E7FE0 | 005E84D0 | 005E9830 | 005E9970 | 005E9A40 | 005E9B50 | 005E9D70 | 005EA680 | 006E5360 | 006E56B0
0	SubmarineTitans::Recovered::HiddenThis::AnonReceiver_00416270	/SubmarineTitans/Recovered/HiddenThis/AnonReceiver_00416270	746	746		746	2	2	manual	existing_manual_or_unowned_structure_preserved	005FAA10
0	SubmarineTitans::Recovered::HiddenThis::AnonReceiver_004167A0	/SubmarineTitans/Recovered/HiddenThis/AnonReceiver_004167A0	1032	228		228	19	19	manual	existing_manual_or_unowned_structure_preserved	00418030
0	SubmarineTitans::Recovered::HiddenThis::AnonReceiver_004248D0	/SubmarineTitans/Recovered/HiddenThis/AnonReceiver_004248D0	988	912		912	2	2	manual	existing_manual_or_unowned_structure_preserved	00427090
0	SubmarineTitans::Recovered::HiddenThis::AnonReceiver_00424E10	/SubmarineTitans/Recovered/HiddenThis/AnonReceiver_00424E10	988	988		988	29	29	manual	existing_manual_or_unowned_structure_preserved	00424E10 | 00427BB0 | 006E1EE0 | 006E9520
0	SubmarineTitans::Recovered::HiddenThis::AnonReceiver_004603B0	/SubmarineTitans/Recovered/HiddenThis/AnonReceiver_004603B0	2106	569		569	4	4	manual	existing_manual_or_unowned_structure_preserved	004838E0
0	SubmarineTitans::Recovered::HiddenThis::AnonReceiver_0048DFD0	/SubmarineTitans/Recovered/HiddenThis/AnonReceiver_0048DFD0	32	32		32	2	2	manual	existing_manual_or_unowned_structure_preserved	0048DFD0
0	SubmarineTitans::Recovered::HiddenThis::AnonReceiver_00490CD0	/SubmarineTitans/Recovered/HiddenThis/AnonReceiver_00490CD0	1147	1147		1147	3	3	manual	existing_manual_or_unowned_structure_preserved	00490CD0
0	SubmarineTitans::Recovered::HiddenThis::AnonReceiver_00493610	/SubmarineTitans/Recovered/HiddenThis/AnonReceiver_00493610	1571	1571		1571	6	6	manual	existing_manual_or_unowned_structure_preserved	00493610
0	SubmarineTitans::Recovered::HiddenThis::AnonReceiver_004DB160	/SubmarineTitans/Recovered/HiddenThis/AnonReceiver_004DB160	32	32		32	1	1	manual	existing_manual_or_unowned_structure_preserved	004DB160
0	SubmarineTitans::Recovered::HiddenThis::AnonReceiver_004EEFB0	/SubmarineTitans/Recovered/HiddenThis/AnonReceiver_004EEFB0	8485	8485		8485	22	22	manual	existing_manual_or_unowned_structure_preserved	00512BE0 | 005C8200
0	SubmarineTitans::Recovered::HiddenThis::AnonReceiver_005148A0	/SubmarineTitans/Recovered/HiddenThis/AnonReceiver_005148A0	459	459		459	2	2	manual	existing_manual_or_unowned_structure_preserved	005148A0
0	SubmarineTitans::Recovered::HiddenThis::AnonReceiver_0054A9B0	/SubmarineTitans/Recovered/HiddenThis/AnonReceiver_0054A9B0	1275	1275		1275	5	5	manual	existing_manual_or_unowned_structure_preserved	0054A9B0
0	SubmarineTitans::Recovered::HiddenThis::AnonReceiver_0054B700	/SubmarineTitans/Recovered/HiddenThis/AnonReceiver_0054B700	1255	1255		1255	2	2	manual	existing_manual_or_unowned_structure_preserved	0054B700
0	SubmarineTitans::Recovered::HiddenThis::AnonReceiver_005594A0	/SubmarineTitans/Recovered/HiddenThis/AnonReceiver_005594A0	280	280		280	4	4	manual	existing_manual_or_unowned_structure_preserved	005594A0 | 00559620
0	SubmarineTitans::Recovered::HiddenThis::AnonReceiver_00559D60	/SubmarineTitans/Recovered/HiddenThis/AnonReceiver_00559D60	280	280		280	3	3	manual	existing_manual_or_unowned_structure_preserved	00559D60
0	SubmarineTitans::Recovered::HiddenThis::AnonReceiver_00573260	/SubmarineTitans/Recovered/HiddenThis/AnonReceiver_00573260	1921	8		8	2	2	manual	existing_manual_or_unowned_structure_preserved	00573260
0	SubmarineTitans::Recovered::HiddenThis::AnonReceiver_005B5BE0	/SubmarineTitans/Recovered/HiddenThis/AnonReceiver_005B5BE0	6751	6751		6751	1	1	manual	existing_manual_or_unowned_structure_preserved	005B5BE0
0	SubmarineTitans::Recovered::HiddenThis::AnonReceiver_005B6730	/SubmarineTitans/Recovered/HiddenThis/AnonReceiver_005B6730	8696	8696		8696	68	68	manual	existing_manual_or_unowned_structure_preserved	005C29B0
0	SubmarineTitans::Recovered::HiddenThis::AnonReceiver_005F35F0	/SubmarineTitans/Recovered/HiddenThis/AnonReceiver_005F35F0	373	373		373	9	9	manual	existing_manual_or_unowned_structure_preserved	005F35F0
0	SubmarineTitans::Recovered::HiddenThis::AnonReceiver_005FDB50	/SubmarineTitans/Recovered/HiddenThis/AnonReceiver_005FDB50	567	567		567	3	3	manual	existing_manual_or_unowned_structure_preserved	005FDB50
0	SubmarineTitans::Recovered::HiddenThis::AnonReceiver_00601500	/SubmarineTitans/Recovered/HiddenThis/AnonReceiver_00601500	45	45		45	11	11	manual	existing_manual_or_unowned_structure_preserved	00601500
0	SubmarineTitans::Recovered::HiddenThis::AnonReceiver_00602E90	/SubmarineTitans/Recovered/HiddenThis/AnonReceiver_00602E90	903	903		903	6	6	manual	existing_manual_or_unowned_structure_preserved	00602E90
0	SubmarineTitans::Recovered::HiddenThis::AnonReceiver_0060EF40	/SubmarineTitans/Recovered/HiddenThis/AnonReceiver_0060EF40	747	746		746	56	56	manual	existing_manual_or_unowned_structure_preserved	0060EF40 | 006101B0
0	SubmarineTitans::Recovered::HiddenThis::AnonReceiver_006308F0	/SubmarineTitans/Recovered/HiddenThis/AnonReceiver_006308F0	117	101		101	5	5	manual	existing_manual_or_unowned_structure_preserved	00630C50
0	SubmarineTitans::Recovered::HiddenThis::AnonReceiver_00636260	/SubmarineTitans/Recovered/HiddenThis/AnonReceiver_00636260	52	52		52	12	12	manual	existing_manual_or_unowned_structure_preserved	00636260 | 00636FC0
0	SubmarineTitans::Recovered::HiddenThis::AnonReceiver_00644410	/SubmarineTitans/Recovered/HiddenThis/AnonReceiver_00644410	648	648		648	19	19	manual	existing_manual_or_unowned_structure_preserved	00644410 | 00645F10
0	SubmarineTitans::Recovered::HiddenThis::AnonReceiver_0064A970	/SubmarineTitans/Recovered/HiddenThis/AnonReceiver_0064A970	136	136		136	2	2	manual	existing_manual_or_unowned_structure_preserved	00668F50 | 0066ACC0 | 00672440
0	SubmarineTitans::Recovered::HiddenThis::AnonReceiver_0065DA50	/SubmarineTitans/Recovered/HiddenThis/AnonReceiver_0065DA50	130	130		130	3	3	manual	existing_manual_or_unowned_structure_preserved	0065DA50
0	SubmarineTitans::Recovered::HiddenThis::AnonReceiver_0065ED90	/SubmarineTitans/Recovered/HiddenThis/AnonReceiver_0065ED90	32	37		37	2	2	manual	existing_manual_or_unowned_structure_preserved	0065E700 | 0065ED90
0	SubmarineTitans::Recovered::HiddenThis::AnonReceiver_0065FA60	/SubmarineTitans/Recovered/HiddenThis/AnonReceiver_0065FA60	648	648		648	2	2	manual	existing_manual_or_unowned_structure_preserved	0065FA60
0	SubmarineTitans::Recovered::HiddenThis::AnonReceiver_00660180	/SubmarineTitans/Recovered/HiddenThis/AnonReceiver_00660180	171	171		171	4	4	manual	existing_manual_or_unowned_structure_preserved	00660180
0	SubmarineTitans::Recovered::HiddenThis::AnonReceiver_00664540	/SubmarineTitans/Recovered/HiddenThis/AnonReceiver_00664540	539	539		539	1	1	manual	existing_manual_or_unowned_structure_preserved	00664540
0	SubmarineTitans::Recovered::HiddenThis::AnonReceiver_00678E00	/SubmarineTitans/Recovered/HiddenThis/AnonReceiver_00678E00	1689	1689		1689	7	7	manual	existing_manual_or_unowned_structure_preserved	00679120
0	SubmarineTitans::Recovered::HiddenThis::AnonReceiver_00693D00	/SubmarineTitans/Recovered/HiddenThis/AnonReceiver_00693D00	12	12		12	3	3	manual	existing_manual_or_unowned_structure_preserved	00693D00
0	SubmarineTitans::Recovered::HiddenThis::AnonReceiver_006CEC40	/SubmarineTitans/Recovered/HiddenThis/AnonReceiver_006CEC40	788	652		652	2	2	manual	existing_manual_or_unowned_structure_preserved	006D63E0
0	SubmarineTitans::Recovered::HiddenThis::AnonReceiver_006E6AF0	/SubmarineTitans/Recovered/HiddenThis/AnonReceiver_006E6AF0	1210	992		992	2	2	manual	existing_manual_or_unowned_structure_preserved	006E6AF0
0	SubmarineTitans::Recovered::HiddenThis::AnonReceiver_006EA050	/SubmarineTitans/Recovered/HiddenThis/AnonReceiver_006EA050	800	800		800	2	2	manual	existing_manual_or_unowned_structure_preserved	006EA050 | 006EA460
0	SubmarineTitans::Recovered::HiddenThis::AnonReceiver_006F31D0	/SubmarineTitans/Recovered/HiddenThis/AnonReceiver_006F31D0	820	820		820	22	22	manual	existing_manual_or_unowned_structure_preserved	006F31D0
0	SubmarineTitans::Recovered::HiddenThis::AnonReceiver_00702510	/SubmarineTitans/Recovered/HiddenThis/AnonReceiver_00702510	756	756		756	17	17	manual	existing_manual_or_unowned_structure_preserved	00708D10
0	SubmarineTitans::Recovered::HiddenThis::AnonReceiver_00714CE0	/SubmarineTitans/Recovered/HiddenThis/AnonReceiver_00714CE0	8	8		8	2	2	manual	existing_manual_or_unowned_structure_preserved	00714CE0
0	SubmarineTitans::Recovered::HiddenThis::AnonReceiver_00727C80	/SubmarineTitans/Recovered/HiddenThis/AnonReceiver_00727C80	744	744		744	12	12	manual	existing_manual_or_unowned_structure_preserved	00727DA0 | 007282B0
0	SubmarineTitans::Recovered::HiddenThis::AnonReceiver_00728640	/SubmarineTitans/Recovered/HiddenThis/AnonReceiver_00728640	64	64		64	7	7	manual	existing_manual_or_unowned_structure_preserved	00728A80
0	SystemClassTy	/SystemClassTy	32	28		28	7	7	manual	existing_manual_or_unowned_structure_preserved	004B8C80 | 004B9FA0 | 004D32C0 | 0067C7E0 | 006E51C0
1	SystemWithNamedObjClassTy	/SystemWithNamedObjClassTy	36	36		36	2	2	high	observed_this_access_extent	006E6100
1	TLOBaseTy	/TLOBaseTy	1571	1571		1571	220	190	high	observed_this_access_extent	00417D30 | 00419D30 | 0041D590 | 004B7AA0 | 004B7EF0 | 004B7F90 | 004B80D0 | 004B8C80 | 004B98E0 | 004B9A40 | 004B9FA0 | 004BE0F0 | 004BE140 | 004BE160 | 004BE220 | 004BE450 | 004BE500 | 004C2F70 | 004C34A0 | 004C3570 | 004C3C00 | 004C4550 | 004C56B0 | 004C6C70 | 004C84C0 | 004C90C0 | 004C94B0 | 004C96E0 | 004C9770 | 004CA3C0 | 004CA7B0 | 004CABB0 | 004CAFC0 | 004CBA30 | 004CBC10 | 004CBE10 | 004CBF30 | 004CC330 | 004CE7A0 | 004CEB00 | 004D32C0 | 004D67B0 | 004D8E30 | 004D9350 | 004D9C20 | 004D9FE0 | 004DC150 | 004DC260 | 004DC760 | 004DD570 | 004DEC10 | 004DF3B0 | 004DF9F0 | 004E0830 | 004E27E0 | 004E2AD0 | 004E2C30 | 004E3120 | 004E9050 | 004E9CE0 | 004EA620 | 004EA830 | 004EA870 | 004ECE40 | 004ED210
1	TLOBldMark	/TLOBldMark	60	60		60	8	8	high	observed_this_access_extent	004C60A0 | 004C61A0 | 004C61E0
1	TLOEmbryoTy	/TLOEmbryoTy	884	884		884	62	62	high	observed_this_access_extent	0041C3F0 | 004D10A0 | 004D11D0 | 004D55B0
1	TLOFakeTy	/TLOFakeTy	593	593		593	9	9	high	observed_this_access_extent	004D0920 | 004D0B90
1	TradePanelTy	/TradePanelTy	481	481		481	31	27	high	observed_this_access_extent	004FA870 | 004FAB10 | 004FB060 | 0050F430 | 0052BC30 | 005449B0 | 00550DB0 | 005512F0 | 00551460 | 00551690 | 00551800 | 00551B10 | 00551BA0 | 00551EC0 | 005521B0 | 005522A0
1	TraksClassTy	/TraksClassTy	2092	2092		2092	5	5	high	observed_this_access_extent	005556D0 | 00555910 | 00555D90 | 00555E80 | 00555FE0 | 00556170 | 005564C0 | 00556760 | 00556DD0
1	UPanelTy	/UPanelTy	108	108		108	8	8	high	observed_this_access_extent	0053D7A0 | 0053D920 | 0053DAF0 | 0053DCC0 | 0053DEA0 | 0053E1C0
1	UpgPanelTy	/UpgPanelTy	1015	1015		1015	16	16	high	observed_this_access_extent	004F9ED0 | 004FA870 | 004FAB10 | 004FB060 | 004FF380 | 00503BB0 | 0050F430 | 00511FA0 | 0052F2B0 | 0053A820 | 005449B0 | 005528B0 | 00552A30 | 00552AF0 | 00552BC0
1	Visible	/Visible	280	280		280	17	17	high	observed_this_access_extent	005585F0
1	VisibleClassTy	/VisibleClassTy	476	476		476	31	31	high	observed_this_access_extent	0041C710 | 0041CAF0 | 0041D350 | 0041D620 | 0041D6C0 | 004C6440 | 00522810 | 0054A9B0 | 00556760 | 005577C0 | 005578D0 | 00557C90 | 00558140 | 005582A0 | 00558840 | 00558C00 | 00558DC0 | 00559110 | 005597A0 | 00559B30 | 00559EC0 | 0055A270 | 0055A620 | 0055A9D0 | 0055AB50 | 0057E0A0 | 005EEFF0 | 005F19A0 | 005F23D0 | 005F27C0 | 005F3940 | 005F4680 | 005F5440 | 005FDB50 | 00600750 | 006028A0 | 00602BE0 | 00604350 | 006051B0 | 006057C0 | 0060A4B0 | 0060AEF0 | 0060DD70 | 006101B0 | 006132F0 | 006191A0 | 00619A20 | 00619C70 | 0061E110 | 0061E7F0 | 0061F290 | 006226C0 | 00623600 | 006239A0 | 00627EB0 | 00629070 | 006298A0 | 0062B4A0 | 0062F150 | 0062FEA0 | 00635BF0 | 00635DA0 | 00636FC0 | 00638CA0 | 00639C90 | 0063C510 | 00643E20 | 00646E00 | 00652810
1	WaitTy	/WaitTy	6916	6916	6916	6916	43	41	high	unique_allocation_size_and_this_accesses	005E6770 | 005E7570 | 005E79B0 | 005E7C00 | 005E7FE0 | 005E84D0 | 005E9830 | 005E9970 | 005E9A40 | 005E9B50 | 005E9D70 | 005EA680
1	cLoadingTy	/cLoadingTy	92	92		92	23	23	high	observed_this_access_extent	00554660 | 00554800 | 00554AD0 | 00554C80 | 00554F20 | 00555040 | 00555570 | 00555680
