apply	type_path	offset	size	proposed_name	proposed_type	evidence_count	reason
0	/SubmarineTitans/Recovered/ClassPointees/AnonPointee_AiEventClassTy_0000	20	4	field_0014	/undefined4	1	nested reads=1, writes=0
0	/SubmarineTitans/Recovered/ClassPointees/AnonPointee_AiEventClassTy_0000	24	4	field_0018	/undefined4	2	nested reads=99, writes=0
0	/SubmarineTitans/Recovered/ClassPointees/AnonPointee_AiEventClassTy_0000	48	4	field_0030	/undefined4	1	nested reads=2, writes=0
0	/SubmarineTitans/Recovered/ClassPointees/AnonPointee_AiFltClassTy_022F	8	4	field_0008	/undefined4	1	nested reads=1, writes=0
0	/SubmarineTitans/Recovered/ClassPointees/AnonPointee_AiFltClassTy_022F	28	4	field_001C	/undefined4	1	nested reads=1, writes=0
0	/SubmarineTitans/Recovered/ClassPointees/AnonPointee_AiFltClassTy_0284	130	2	field_0082	/undefined2	1	nested reads=1, writes=0
0	/SubmarineTitans/Recovered/ClassPointees/AnonPointee_AiFltClassTy_0284	132	2	field_0084	/undefined2	1	nested reads=1, writes=0
0	/SubmarineTitans/Recovered/ClassPointees/AnonPointee_AiFltClassTy_0284	134	2	field_0086	/undefined2	1	nested reads=1, writes=0
0	/SubmarineTitans/Recovered/ClassPointees/AnonPointee_CBaseRenderer_0000	40	4	field_0028	/undefined4	2	nested reads=2, writes=0
0	/SubmarineTitans/Recovered/ClassPointees/AnonPointee_CBaseRenderer_0000	96	4	field_0060	/undefined4	2	nested reads=2, writes=0
0	/SubmarineTitans/Recovered/ClassPointees/AnonPointee_CBaseRenderer_0000	108	4	field_006C	/undefined4	2	nested reads=2, writes=0
0	/SubmarineTitans/Recovered/ClassPointees/AnonPointee_CBaseRenderer_0000	112	4	field_0070	/undefined4	2	nested reads=2, writes=0
0	/SubmarineTitans/Recovered/ClassPointees/AnonPointee_CPanelTy_01B0	4	4	field_0004	/undefined4	1	nested reads=1, writes=0
0	/SubmarineTitans/Recovered/ClassPointees/AnonPointee_CPanelTy_01B0	8	4	field_0008	/undefined4	1	nested reads=1, writes=0
0	/SubmarineTitans/Recovered/ClassPointees/AnonPointee_CPanelTy_01B0	14	2	field_000E	/undefined2	1	nested reads=1, writes=0
0	/SubmarineTitans/Recovered/ClassPointees/AnonPointee_CPanelTy_01B0	20	4	field_0014	/undefined4	1	nested reads=1, writes=0
0	/SubmarineTitans/Recovered/ClassPointees/AnonPointee_CPanelTy_09ED	4	4	field_0004	/undefined4	2	nested reads=13, writes=0
0	/SubmarineTitans/Recovered/ClassPointees/AnonPointee_CPanelTy_09ED	8	4	field_0008	/undefined4	1	nested reads=3, writes=0
0	/SubmarineTitans/Recovered/ClassPointees/AnonPointee_ChooseMapTy_0000	0	4	field_0000	/undefined4	1	nested reads=4, writes=0
0	/SubmarineTitans/Recovered/ClassPointees/AnonPointee_ChooseMapTy_0000	8	4	field_0008	/undefined4	1	nested reads=7, writes=0
0	/SubmarineTitans/Recovered/ClassPointees/AnonPointee_ChooseMapTy_000C	0	4	field_0000	/undefined4	1	nested reads=3, writes=0
0	/SubmarineTitans/Recovered/ClassPointees/AnonPointee_ChooseMapTy_000C	20	4	field_0014	/undefined4	1	nested reads=2, writes=0
0	/SubmarineTitans/Recovered/ClassPointees/AnonPointee_ChooseMapTy_1A5B	320	4	field_0140	/undefined4	1	nested reads=1, writes=1
0	/SubmarineTitans/Recovered/ClassPointees/AnonPointee_ChooseMapTy_1A5B	742	4	field_02E6	/undefined4	6	nested reads=23, writes=0
0	/SubmarineTitans/Recovered/ClassPointees/AnonPointee_ChooseMapTy_1A5B	1356	4	field_054C	/undefined4	1	nested reads=1, writes=0
0	/SubmarineTitans/Recovered/ClassPointees/AnonPointee_ChooseMapTy_1A5B	1670	4	field_0686	/undefined4	1	nested reads=5, writes=0
0	/SubmarineTitans/Recovered/ClassPointees/AnonPointee_ChooseMapTy_1C7B	4	4	field_0004	/undefined4	3	nested reads=4, writes=0
0	/SubmarineTitans/Recovered/ClassPointees/AnonPointee_ChooseMapTy_1C7B	8	4	field_0008	/undefined4	1	nested reads=1, writes=0
0	/SubmarineTitans/Recovered/ClassPointees/AnonPointee_ChooseMapTy_1C8B	4	4	field_0004	/undefined4	1	nested reads=2, writes=0
0	/SubmarineTitans/Recovered/ClassPointees/AnonPointee_ChooseMapTy_1C8B	8	4	field_0008	/undefined4	2	nested reads=2, writes=0
0	/SubmarineTitans/Recovered/ClassPointees/AnonPointee_ChooseMapTy_1C97	8	4	field_0008	/undefined4	3	nested reads=15, writes=0
0	/SubmarineTitans/Recovered/ClassPointees/AnonPointee_ChooseMapTy_1C97	20	4	field_0014	/undefined4	3	nested reads=7, writes=0
0	/SubmarineTitans/Recovered/ClassPointees/AnonPointee_ChooseMapTy_1C9F	8	4	field_0008	/undefined4	3	nested reads=17, writes=0
0	/SubmarineTitans/Recovered/ClassPointees/AnonPointee_ChooseMapTy_1C9F	20	4	field_0014	/undefined4	3	nested reads=8, writes=0
0	/SubmarineTitans/Recovered/ClassPointees/AnonPointee_ChooseMapTy_20B8	0	1	field_0000	/undefined1	1	nested reads=1, writes=0
0	/SubmarineTitans/Recovered/ClassPointees/AnonPointee_ChooseMapTy_20B8	2	1	field_0002	/undefined1	2	nested reads=0, writes=2
0	/SubmarineTitans/Recovered/ClassPointees/AnonPointee_ChooseMapTy_20B8	3	4	field_0003	/undefined4	3	nested reads=4, writes=0
0	/SubmarineTitans/Recovered/ClassPointees/AnonPointee_ChooseMapTy_20B8	19	4	field_0013	/undefined4	1	nested reads=1, writes=0
0	/SubmarineTitans/Recovered/ClassPointees/AnonPointee_ChooseMapTy_20B8	23	4	field_0017	/undefined4	2	nested reads=0, writes=2
0	/SubmarineTitans/Recovered/ClassPointees/AnonPointee_ChooseMapTy_20BC	0	1	field_0000	/undefined1	1	nested reads=1, writes=0
0	/SubmarineTitans/Recovered/ClassPointees/AnonPointee_ChooseMapTy_20BC	2	1	field_0002	/undefined1	2	nested reads=0, writes=2
0	/SubmarineTitans/Recovered/ClassPointees/AnonPointee_ChooseMapTy_20BC	3	4	field_0003	/undefined4	3	nested reads=4, writes=0
0	/SubmarineTitans/Recovered/ClassPointees/AnonPointee_ChooseMapTy_20BC	19	4	field_0013	/undefined4	1	nested reads=1, writes=0
0	/SubmarineTitans/Recovered/ClassPointees/AnonPointee_ChooseMapTy_20BC	23	4	field_0017	/undefined4	2	nested reads=0, writes=2
0	/SubmarineTitans/Recovered/ClassPointees/AnonPointee_ChooseMapTy_20C0	0	1	field_0000	/undefined1	1	nested reads=1, writes=0
0	/SubmarineTitans/Recovered/ClassPointees/AnonPointee_ChooseMapTy_20C0	2	1	field_0002	/undefined1	2	nested reads=0, writes=2
0	/SubmarineTitans/Recovered/ClassPointees/AnonPointee_ChooseMapTy_20C0	3	4	field_0003	/undefined4	3	nested reads=4, writes=0
0	/SubmarineTitans/Recovered/ClassPointees/AnonPointee_ChooseMapTy_20C0	19	4	field_0013	/undefined4	1	nested reads=1, writes=0
0	/SubmarineTitans/Recovered/ClassPointees/AnonPointee_ChooseMapTy_20C0	23	4	field_0017	/undefined4	2	nested reads=0, writes=2
0	/SubmarineTitans/Recovered/ClassPointees/AnonPointee_ComboTy_0104	4	4	field_0004	/undefined4	1	nested reads=2, writes=0
0	/SubmarineTitans/Recovered/ClassPointees/AnonPointee_ComboTy_0104	8	4	field_0008	/undefined4	1	nested reads=2, writes=0
0	/SubmarineTitans/Recovered/ClassPointees/AnonPointee_ComboTy_0104	14	2	field_000E	/undefined2	1	nested reads=1, writes=0
0	/SubmarineTitans/Recovered/ClassPointees/AnonPointee_ComboTy_0104	20	4	field_0014	/undefined4	1	nested reads=1, writes=0
0	/SubmarineTitans/Recovered/ClassPointees/AnonPointee_CursorClassTy_049A	0	4	field_0000	/undefined4	2	nested reads=5, writes=0
0	/SubmarineTitans/Recovered/ClassPointees/AnonPointee_CursorClassTy_049A	24	4	field_0018	/undefined4	1	nested reads=7, writes=0
0	/SubmarineTitans/Recovered/ClassPointees/AnonPointee_CursorClassTy_049A	601	4	field_0259	/undefined4	2	nested reads=2, writes=0
0	/SubmarineTitans/Recovered/ClassPointees/AnonPointee_FSGSTy_0000	0	4	field_0000	/undefined4	1	nested reads=3, writes=0
0	/SubmarineTitans/Recovered/ClassPointees/AnonPointee_FSGSTy_0000	8	4	field_0008	/undefined4	3	nested reads=13, writes=0
0	/SubmarineTitans/Recovered/ClassPointees/AnonPointee_FSGSTy_0031	8	4	field_0008	/undefined4	2	nested reads=2, writes=0
0	/SubmarineTitans/Recovered/ClassPointees/AnonPointee_FSGSTy_0031	20	4	field_0014	/undefined4	2	nested reads=2, writes=0
0	/SubmarineTitans/Recovered/ClassPointees/AnonPointee_FSGSTy_1A5B	48	4	field_0030	/undefined4	1	nested reads=1, writes=0
0	/SubmarineTitans/Recovered/ClassPointees/AnonPointee_FSGSTy_1A5B	52	4	field_0034	/undefined4	1	nested reads=1, writes=0
0	/SubmarineTitans/Recovered/ClassPointees/AnonPointee_FSGSTy_1A5B	320	4	field_0140	/undefined4	1	nested reads=0, writes=1
0	/SubmarineTitans/Recovered/ClassPointees/AnonPointee_FSGSTy_1A5B	742	4	field_02E6	/undefined4	8	nested reads=55, writes=0
0	/SubmarineTitans/Recovered/ClassPointees/AnonPointee_FSGSTy_1A5B	1686	4	field_0696	/undefined4	1	nested reads=2, writes=0
0	/SubmarineTitans/Recovered/ClassPointees/AnonPointee_FSGSTy_1A73	92	4	field_005C	/undefined4	1	nested reads=1, writes=0
0	/SubmarineTitans/Recovered/ClassPointees/AnonPointee_FSGSTy_1A73	138	4	field_008A	/undefined4	2	nested reads=3, writes=0
0	/SubmarineTitans/Recovered/ClassPointees/AnonPointee_FSGSTy_1A73	160	4	field_00A0	/undefined4	2	nested reads=4, writes=0
0	/SubmarineTitans/Recovered/ClassPointees/AnonPointee_FSGSTy_1A77	138	4	field_008A	/undefined4	1	nested reads=2, writes=0
0	/SubmarineTitans/Recovered/ClassPointees/AnonPointee_FSGSTy_1A77	160	4	field_00A0	/undefined4	1	nested reads=2, writes=0
0	/SubmarineTitans/Recovered/ClassPointees/AnonPointee_FSGSTy_1A97	4	4	field_0004	/undefined4	2	nested reads=2, writes=0
0	/SubmarineTitans/Recovered/ClassPointees/AnonPointee_FSGSTy_1A97	8	4	field_0008	/undefined4	2	nested reads=2, writes=0
0	/SubmarineTitans/Recovered/ClassPointees/AnonPointee_FSGSTy_1A97	14	2	field_000E	/undefined2	1	nested reads=1, writes=0
0	/SubmarineTitans/Recovered/ClassPointees/AnonPointee_FSGSTy_1A97	20	4	field_0014	/undefined4	1	nested reads=1, writes=0
0	/SubmarineTitans/Recovered/ClassPointees/AnonPointee_FSGSTy_1AC0	4	4	field_0004	/undefined4	12	nested reads=13, writes=0
0	/SubmarineTitans/Recovered/ClassPointees/AnonPointee_FSGSTy_1AC0	8	4	field_0008	/undefined4	12	nested reads=13, writes=0
0	/SubmarineTitans/Recovered/ClassPointees/AnonPointee_FSGSTy_1AC0	14	2	field_000E	/undefined2	11	nested reads=12, writes=0
0	/SubmarineTitans/Recovered/ClassPointees/AnonPointee_FSGSTy_1AC0	20	4	field_0014	/undefined4	11	nested reads=12, writes=0
0	/SubmarineTitans/Recovered/ClassPointees/AnonPointee_FSGSTy_1AE8	8	4	field_0008	/undefined4	1	nested reads=7, writes=0
0	/SubmarineTitans/Recovered/ClassPointees/AnonPointee_FSGSTy_1AE8	20	4	field_0014	/undefined4	1	nested reads=8, writes=0
0	/SubmarineTitans/Recovered/ClassPointees/AnonPointee_FSGSTy_1AEC	8	4	field_0008	/undefined4	1	nested reads=6, writes=0
0	/SubmarineTitans/Recovered/ClassPointees/AnonPointee_FSGSTy_1AEC	20	4	field_0014	/undefined4	1	nested reads=6, writes=0
0	/SubmarineTitans/Recovered/ClassPointees/AnonPointee_FSGSTy_1AF4	8	4	field_0008	/undefined4	1	nested reads=2, writes=0
0	/SubmarineTitans/Recovered/ClassPointees/AnonPointee_FSGSTy_1AF4	20	4	field_0014	/undefined4	1	nested reads=2, writes=0
0	/SubmarineTitans/Recovered/ClassPointees/AnonPointee_FSGSTy_1AF8	8	4	field_0008	/undefined4	1	nested reads=2, writes=0
0	/SubmarineTitans/Recovered/ClassPointees/AnonPointee_FSGSTy_1AF8	20	4	field_0014	/undefined4	1	nested reads=2, writes=0
0	/SubmarineTitans/Recovered/ClassPointees/AnonPointee_FSGSTy_1AFC	8	4	field_0008	/undefined4	1	nested reads=2, writes=0
0	/SubmarineTitans/Recovered/ClassPointees/AnonPointee_FSGSTy_1AFC	20	4	field_0014	/undefined4	1	nested reads=2, writes=0
0	/SubmarineTitans/Recovered/ClassPointees/AnonPointee_FSGSTy_1B00	8	4	field_0008	/undefined4	1	nested reads=2, writes=0
0	/SubmarineTitans/Recovered/ClassPointees/AnonPointee_FSGSTy_1B00	20	4	field_0014	/undefined4	1	nested reads=2, writes=0
0	/SubmarineTitans/Recovered/ClassPointees/AnonPointee_FSGSTy_1B0C	0	1	field_0000	/undefined1	3	nested reads=3, writes=0
0	/SubmarineTitans/Recovered/ClassPointees/AnonPointee_FSGSTy_1B0C	1	1	field_0001	/undefined1	3	nested reads=3, writes=0
0	/SubmarineTitans/Recovered/ClassPointees/AnonPointee_FSGSTy_1EA2	8	4	field_0008	/undefined4	1	nested reads=3, writes=0
0	/SubmarineTitans/Recovered/ClassPointees/AnonPointee_FSGSTy_1EA2	20	4	field_0014	/undefined4	1	nested reads=3, writes=0
0	/SubmarineTitans/Recovered/ClassPointees/AnonPointee_FSGSTy_1F23	2	1	field_0002	/undefined1	2	nested reads=0, writes=8
0	/SubmarineTitans/Recovered/ClassPointees/AnonPointee_FSGSTy_1F23	3	4	field_0003	/undefined4	3	nested reads=9, writes=0
0	/SubmarineTitans/Recovered/ClassPointees/AnonPointee_FSGSTy_1F23	19	4	field_0013	/undefined4	1	nested reads=4, writes=0
0	/SubmarineTitans/Recovered/ClassPointees/AnonPointee_FSGSTy_1F23	23	4	field_0017	/undefined4	2	nested reads=0, writes=8
0	/SubmarineTitans/Recovered/ClassPointees/AnonPointee_FSGSTy_1F27	2	1	field_0002	/undefined1	2	nested reads=0, writes=2
0	/SubmarineTitans/Recovered/ClassPointees/AnonPointee_FSGSTy_1F27	3	4	field_0003	/undefined4	3	nested reads=3, writes=0
0	/SubmarineTitans/Recovered/ClassPointees/AnonPointee_FSGSTy_1F27	19	4	field_0013	/undefined4	1	nested reads=1, writes=0
0	/SubmarineTitans/Recovered/ClassPointees/AnonPointee_FSGSTy_1F27	23	4	field_0017	/undefined4	2	nested reads=0, writes=2
0	/SubmarineTitans/Recovered/ClassPointees/AnonPointee_FSGSTy_1F2B	2	1	field_0002	/undefined1	2	nested reads=0, writes=4
0	/SubmarineTitans/Recovered/ClassPointees/AnonPointee_FSGSTy_1F2B	3	4	field_0003	/undefined4	3	nested reads=5, writes=0
0	/SubmarineTitans/Recovered/ClassPointees/AnonPointee_FSGSTy_1F2B	19	4	field_0013	/undefined4	1	nested reads=2, writes=0
0	/SubmarineTitans/Recovered/ClassPointees/AnonPointee_FSGSTy_1F2B	23	4	field_0017	/undefined4	2	nested reads=0, writes=4
0	/SubmarineTitans/Recovered/ClassPointees/AnonPointee_FSGSTy_1F2F	2	1	field_0002	/undefined1	2	nested reads=0, writes=2
0	/SubmarineTitans/Recovered/ClassPointees/AnonPointee_FSGSTy_1F2F	3	4	field_0003	/undefined4	3	nested reads=3, writes=0
0	/SubmarineTitans/Recovered/ClassPointees/AnonPointee_FSGSTy_1F2F	19	4	field_0013	/undefined4	1	nested reads=1, writes=0
0	/SubmarineTitans/Recovered/ClassPointees/AnonPointee_FSGSTy_1F2F	23	4	field_0017	/undefined4	2	nested reads=0, writes=2
0	/SubmarineTitans/Recovered/ClassPointees/AnonPointee_HelpPanelTy_0068	4	4	field_0004	/undefined4	1	nested reads=1, writes=0
0	/SubmarineTitans/Recovered/ClassPointees/AnonPointee_HelpPanelTy_0068	8	4	field_0008	/undefined4	1	nested reads=1, writes=0
0	/SubmarineTitans/Recovered/ClassPointees/AnonPointee_HelpPanelTy_0068	14	2	field_000E	/undefined2	1	nested reads=1, writes=0
0	/SubmarineTitans/Recovered/ClassPointees/AnonPointee_HelpPanelTy_0068	20	4	field_0014	/undefined4	1	nested reads=1, writes=0
0	/SubmarineTitans/Recovered/ClassPointees/AnonPointee_HelpPanelTy_01B3	8	4	field_0008	/undefined4	4	nested reads=5, writes=0
0	/SubmarineTitans/Recovered/ClassPointees/AnonPointee_HelpPanelTy_01B3	28	4	field_001C	/undefined4	4	nested reads=5, writes=0
0	/SubmarineTitans/Recovered/ClassPointees/AnonPointee_HelpPanelTy_01C7	0	4	field_0000	/undefined4	6	nested reads=6, writes=0
0	/SubmarineTitans/Recovered/ClassPointees/AnonPointee_HelpPanelTy_01C7	4	4	field_0004	/undefined4	4	nested reads=4, writes=0
1	/SubmarineTitans/Recovered/ClassPointees/AnonPointee_HelpPanelTy_01EC	4	4	field_0004	/undefined4	1	nested reads=1, writes=0
1	/SubmarineTitans/Recovered/ClassPointees/AnonPointee_HelpPanelTy_01EC	8	4	field_0008	/undefined4	1	nested reads=5, writes=0
1	/SubmarineTitans/Recovered/ClassPointees/AnonPointee_HelpPanelTy_01EC	14	2	field_000E	/undefined2	1	nested reads=1, writes=0
1	/SubmarineTitans/Recovered/ClassPointees/AnonPointee_HelpPanelTy_01EC	20	4	field_0014	/undefined4	1	nested reads=1, writes=0
0	/SubmarineTitans/Recovered/ClassPointees/AnonPointee_HelpPanelTy_0218	4	4	field_0004	/undefined4	3	nested reads=4, writes=0
0	/SubmarineTitans/Recovered/ClassPointees/AnonPointee_HelpPanelTy_0218	8	4	field_0008	/undefined4	3	nested reads=5, writes=0
0	/SubmarineTitans/Recovered/ClassPointees/AnonPointee_HelpPanelTy_0218	14	2	field_000E	/undefined2	2	nested reads=2, writes=0
0	/SubmarineTitans/Recovered/ClassPointees/AnonPointee_HelpPanelTy_0218	20	4	field_0014	/undefined4	2	nested reads=2, writes=0
0	/SubmarineTitans/Recovered/ClassPointees/AnonPointee_HelpStringTy_012A	4	4	field_0004	/undefined4	1	nested reads=1, writes=0
0	/SubmarineTitans/Recovered/ClassPointees/AnonPointee_HelpStringTy_012A	8	4	field_0008	/undefined4	1	nested reads=1, writes=0
0	/SubmarineTitans/Recovered/ClassPointees/AnonPointee_HelpStringTy_012A	14	2	field_000E	/undefined2	1	nested reads=1, writes=0
0	/SubmarineTitans/Recovered/ClassPointees/AnonPointee_HelpStringTy_012A	20	4	field_0014	/undefined4	1	nested reads=1, writes=0
0	/SubmarineTitans/Recovered/ClassPointees/AnonPointee_InterSystemC_0000	8	4	field_0008	/undefined4	1	nested reads=25, writes=0
0	/SubmarineTitans/Recovered/ClassPointees/AnonPointee_InterSystemC_0000	16	4	field_0010	/undefined4	1	nested reads=1, writes=0
0	/SubmarineTitans/Recovered/ClassPointees/AnonPointee_MReportTy_0073	4	4	field_0004	/undefined4	1	nested reads=4, writes=0
0	/SubmarineTitans/Recovered/ClassPointees/AnonPointee_MReportTy_0073	8	4	field_0008	/undefined4	1	nested reads=2, writes=0
0	/SubmarineTitans/Recovered/ClassPointees/AnonPointee_MReportTy_0077	4	4	field_0004	/undefined4	1	nested reads=2, writes=0
0	/SubmarineTitans/Recovered/ClassPointees/AnonPointee_MReportTy_0077	8	4	field_0008	/undefined4	1	nested reads=2, writes=0
0	/SubmarineTitans/Recovered/ClassPointees/AnonPointee_MReportTy_0077	14	2	field_000E	/undefined2	1	nested reads=1, writes=0
0	/SubmarineTitans/Recovered/ClassPointees/AnonPointee_MReportTy_0077	20	4	field_0014	/undefined4	1	nested reads=1, writes=0
0	/SubmarineTitans/Recovered/ClassPointees/AnonPointee_MReportTy_0083	88	4	field_0058	/undefined4	1	nested reads=1, writes=0
0	/SubmarineTitans/Recovered/ClassPointees/AnonPointee_MReportTy_0083	134	4	field_0086	/undefined4	1	nested reads=1, writes=0
0	/SubmarineTitans/Recovered/ClassPointees/AnonPointee_MReportTy_0083	160	4	field_00A0	/undefined4	1	nested reads=1, writes=0
0	/SubmarineTitans/Recovered/ClassPointees/AnonPointee_MReportTy_0453	0	1	field_0000	/undefined1	1	nested reads=1, writes=0
0	/SubmarineTitans/Recovered/ClassPointees/AnonPointee_MReportTy_0453	2	1	field_0002	/undefined1	1	nested reads=0, writes=1
0	/SubmarineTitans/Recovered/ClassPointees/AnonPointee_MReportTy_0453	3	4	field_0003	/undefined4	2	nested reads=3, writes=0
0	/SubmarineTitans/Recovered/ClassPointees/AnonPointee_MReportTy_0453	19	4	field_0013	/undefined4	1	nested reads=1, writes=0
0	/SubmarineTitans/Recovered/ClassPointees/AnonPointee_MReportTy_0453	23	4	field_0017	/undefined4	1	nested reads=0, writes=1
0	/SubmarineTitans/Recovered/ClassPointees/AnonPointee_MReportTy_0457	0	1	field_0000	/undefined1	1	nested reads=1, writes=0
0	/SubmarineTitans/Recovered/ClassPointees/AnonPointee_MReportTy_0457	2	1	field_0002	/undefined1	1	nested reads=0, writes=1
0	/SubmarineTitans/Recovered/ClassPointees/AnonPointee_MReportTy_0457	3	4	field_0003	/undefined4	2	nested reads=3, writes=0
0	/SubmarineTitans/Recovered/ClassPointees/AnonPointee_MReportTy_0457	19	4	field_0013	/undefined4	1	nested reads=1, writes=0
0	/SubmarineTitans/Recovered/ClassPointees/AnonPointee_MReportTy_0457	23	4	field_0017	/undefined4	1	nested reads=0, writes=1
0	/SubmarineTitans/Recovered/ClassPointees/AnonPointee_MTaskTy_008D	138	4	field_008A	/undefined4	1	nested reads=2, writes=0
0	/SubmarineTitans/Recovered/ClassPointees/AnonPointee_MTaskTy_008D	160	4	field_00A0	/undefined4	1	nested reads=2, writes=0
0	/SubmarineTitans/Recovered/ClassPointees/AnonPointee_MTaskTy_06BF	4	4	field_0004	/undefined4	1	nested reads=1, writes=0
0	/SubmarineTitans/Recovered/ClassPointees/AnonPointee_MTaskTy_06BF	8	4	field_0008	/undefined4	1	nested reads=1, writes=0
0	/SubmarineTitans/Recovered/ClassPointees/AnonPointee_MTaskTy_06BF	14	2	field_000E	/undefined2	1	nested reads=1, writes=0
0	/SubmarineTitans/Recovered/ClassPointees/AnonPointee_MTaskTy_06BF	20	4	field_0014	/undefined4	1	nested reads=1, writes=0
0	/SubmarineTitans/Recovered/ClassPointees/AnonPointee_MTaskTy_06CB	4	4	field_0004	/undefined4	1	nested reads=2, writes=0
0	/SubmarineTitans/Recovered/ClassPointees/AnonPointee_MTaskTy_06CB	8	4	field_0008	/undefined4	1	nested reads=2, writes=0
0	/SubmarineTitans/Recovered/ClassPointees/AnonPointee_MTaskTy_06CB	14	2	field_000E	/undefined2	1	nested reads=1, writes=0
0	/SubmarineTitans/Recovered/ClassPointees/AnonPointee_MTaskTy_06CB	20	4	field_0014	/undefined4	1	nested reads=1, writes=0
0	/SubmarineTitans/Recovered/ClassPointees/AnonPointee_MainMenuTy_1AA7	0	4	field_0000	/undefined4	1	nested reads=1, writes=0
0	/SubmarineTitans/Recovered/ClassPointees/AnonPointee_MainMenuTy_1AA7	4	4	field_0004	/undefined4	1	nested reads=1, writes=0
0	/SubmarineTitans/Recovered/ClassPointees/AnonPointee_MainMenuTy_1AA7	8	4	field_0008	/undefined4	1	nested reads=1, writes=0
0	/SubmarineTitans/Recovered/ClassPointees/AnonPointee_MainMenuTy_1AA7	12	4	field_000C	/undefined4	1	nested reads=1, writes=0
0	/SubmarineTitans/Recovered/ClassPointees/AnonPointee_MoneyTy_0072	4	4	field_0004	/undefined4	1	nested reads=2, writes=0
0	/SubmarineTitans/Recovered/ClassPointees/AnonPointee_MoneyTy_0072	8	4	field_0008	/undefined4	1	nested reads=2, writes=0
0	/SubmarineTitans/Recovered/ClassPointees/AnonPointee_MoneyTy_0072	14	2	field_000E	/undefined2	1	nested reads=1, writes=0
0	/SubmarineTitans/Recovered/ClassPointees/AnonPointee_MoneyTy_0072	20	4	field_0014	/undefined4	1	nested reads=1, writes=0
0	/SubmarineTitans/Recovered/ClassPointees/AnonPointee_MoneyTy_0076	4	4	field_0004	/undefined4	1	nested reads=2, writes=0
0	/SubmarineTitans/Recovered/ClassPointees/AnonPointee_MoneyTy_0076	8	4	field_0008	/undefined4	1	nested reads=2, writes=0
0	/SubmarineTitans/Recovered/ClassPointees/AnonPointee_MoneyTy_0076	14	2	field_000E	/undefined2	1	nested reads=1, writes=0
0	/SubmarineTitans/Recovered/ClassPointees/AnonPointee_MoneyTy_0076	20	4	field_0014	/undefined4	1	nested reads=1, writes=0
0	/SubmarineTitans/Recovered/ClassPointees/AnonPointee_MoneyTy_007A	4	4	field_0004	/undefined4	1	nested reads=2, writes=0
0	/SubmarineTitans/Recovered/ClassPointees/AnonPointee_MoneyTy_007A	8	4	field_0008	/undefined4	1	nested reads=2, writes=0
0	/SubmarineTitans/Recovered/ClassPointees/AnonPointee_MoneyTy_007A	14	2	field_000E	/undefined2	1	nested reads=1, writes=0
0	/SubmarineTitans/Recovered/ClassPointees/AnonPointee_MoneyTy_007A	20	4	field_0014	/undefined4	1	nested reads=1, writes=0
0	/SubmarineTitans/Recovered/ClassPointees/AnonPointee_OptPanelTy_01E9	8	4	field_0008	/undefined4	2	nested reads=2, writes=0
0	/SubmarineTitans/Recovered/ClassPointees/AnonPointee_OptPanelTy_01E9	20	4	field_0014	/undefined4	1	nested reads=1, writes=0
0	/SubmarineTitans/Recovered/ClassPointees/AnonPointee_PlayPanelTy_0068	4	4	field_0004	/undefined4	1	nested reads=1, writes=0
0	/SubmarineTitans/Recovered/ClassPointees/AnonPointee_PlayPanelTy_0068	8	4	field_0008	/undefined4	1	nested reads=1, writes=0
0	/SubmarineTitans/Recovered/ClassPointees/AnonPointee_PlayPanelTy_0068	14	2	field_000E	/undefined2	1	nested reads=1, writes=0
0	/SubmarineTitans/Recovered/ClassPointees/AnonPointee_PlayPanelTy_0068	20	4	field_0014	/undefined4	1	nested reads=1, writes=0
0	/SubmarineTitans/Recovered/ClassPointees/AnonPointee_PlaySystemTy_0039	0	4	field_0000	/undefined4	1	nested reads=2, writes=0
0	/SubmarineTitans/Recovered/ClassPointees/AnonPointee_PlaySystemTy_0039	15	4	field_000F	/undefined4	1	nested reads=2, writes=0
0	/SubmarineTitans/Recovered/ClassPointees/AnonPointee_PlaySystemTy_0039	19	4	field_0013	/undefined4	1	nested reads=2, writes=0
0	/SubmarineTitans/Recovered/ClassPointees/AnonPointee_PopUpTy_0090	4	4	field_0004	/undefined4	6	nested reads=9, writes=0
0	/SubmarineTitans/Recovered/ClassPointees/AnonPointee_PopUpTy_0090	8	4	field_0008	/undefined4	2	nested reads=2, writes=0
0	/SubmarineTitans/Recovered/ClassPointees/AnonPointee_PopUpTy_0090	14	2	field_000E	/undefined2	2	nested reads=2, writes=0
0	/SubmarineTitans/Recovered/ClassPointees/AnonPointee_PopUpTy_0090	20	4	field_0014	/undefined4	2	nested reads=2, writes=0
0	/SubmarineTitans/Recovered/ClassPointees/AnonPointee_PrividerTy_1A5B	320	4	field_0140	/undefined4	1	nested reads=0, writes=1
0	/SubmarineTitans/Recovered/ClassPointees/AnonPointee_PrividerTy_1A5B	742	4	field_02E6	/undefined4	5	nested reads=20, writes=0
0	/SubmarineTitans/Recovered/ClassPointees/AnonPointee_PrividerTy_1C82	4	4	field_0004	/undefined4	3	nested reads=4, writes=0
0	/SubmarineTitans/Recovered/ClassPointees/AnonPointee_PrividerTy_1C82	8	4	field_0008	/undefined4	1	nested reads=1, writes=0
0	/SubmarineTitans/Recovered/ClassPointees/AnonPointee_PrividerTy_1C82	14	2	field_000E	/undefined2	1	nested reads=1, writes=0
0	/SubmarineTitans/Recovered/ClassPointees/AnonPointee_PrividerTy_1C82	20	4	field_0014	/undefined4	1	nested reads=1, writes=0
0	/SubmarineTitans/Recovered/ClassPointees/AnonPointee_PrividerTy_1C96	0	1	field_0000	/undefined1	1	nested reads=1, writes=0
0	/SubmarineTitans/Recovered/ClassPointees/AnonPointee_PrividerTy_1C96	2	1	field_0002	/undefined1	2	nested reads=0, writes=2
0	/SubmarineTitans/Recovered/ClassPointees/AnonPointee_PrividerTy_1C96	3	4	field_0003	/undefined4	3	nested reads=4, writes=0
0	/SubmarineTitans/Recovered/ClassPointees/AnonPointee_PrividerTy_1C96	19	4	field_0013	/undefined4	1	nested reads=1, writes=0
0	/SubmarineTitans/Recovered/ClassPointees/AnonPointee_PrividerTy_1C96	23	4	field_0017	/undefined4	2	nested reads=0, writes=2
0	/SubmarineTitans/Recovered/ClassPointees/AnonPointee_PrividerTy_1C9A	0	1	field_0000	/undefined1	1	nested reads=1, writes=0
0	/SubmarineTitans/Recovered/ClassPointees/AnonPointee_PrividerTy_1C9A	2	1	field_0002	/undefined1	3	nested reads=0, writes=3
0	/SubmarineTitans/Recovered/ClassPointees/AnonPointee_PrividerTy_1C9A	3	4	field_0003	/undefined4	4	nested reads=5, writes=0
0	/SubmarineTitans/Recovered/ClassPointees/AnonPointee_PrividerTy_1C9A	19	4	field_0013	/undefined4	2	nested reads=2, writes=0
0	/SubmarineTitans/Recovered/ClassPointees/AnonPointee_PrividerTy_1C9A	23	4	field_0017	/undefined4	3	nested reads=0, writes=3
0	/SubmarineTitans/Recovered/ClassPointees/AnonPointee_ProdPanelTy_0068	4	4	field_0004	/undefined4	1	nested reads=1, writes=0
0	/SubmarineTitans/Recovered/ClassPointees/AnonPointee_ProdPanelTy_0068	8	4	field_0008	/undefined4	1	nested reads=1, writes=0
0	/SubmarineTitans/Recovered/ClassPointees/AnonPointee_ProdPanelTy_0068	14	2	field_000E	/undefined2	1	nested reads=1, writes=0
0	/SubmarineTitans/Recovered/ClassPointees/AnonPointee_ProdPanelTy_0068	20	4	field_0014	/undefined4	1	nested reads=1, writes=0
0	/SubmarineTitans/Recovered/ClassPointees/AnonPointee_SIDTy_1CB8	4	4	field_0004	/undefined4	1	nested reads=1, writes=0
0	/SubmarineTitans/Recovered/ClassPointees/AnonPointee_SIDTy_1CB8	8	4	field_0008	/undefined4	1	nested reads=1, writes=0
0	/SubmarineTitans/Recovered/ClassPointees/AnonPointee_SIDTy_1CB8	14	2	field_000E	/undefined2	1	nested reads=1, writes=0
0	/SubmarineTitans/Recovered/ClassPointees/AnonPointee_SIDTy_1CBC	4	4	field_0004	/undefined4	1	nested reads=1, writes=0
0	/SubmarineTitans/Recovered/ClassPointees/AnonPointee_SIDTy_1CBC	8	4	field_0008	/undefined4	1	nested reads=1, writes=0
0	/SubmarineTitans/Recovered/ClassPointees/AnonPointee_SIDTy_1CBC	14	2	field_000E	/undefined2	1	nested reads=1, writes=0
0	/SubmarineTitans/Recovered/ClassPointees/AnonPointee_SIDTy_1CBC	20	4	field_0014	/undefined4	1	nested reads=1, writes=0
0	/SubmarineTitans/Recovered/ClassPointees/AnonPointee_SIDTy_1CC0	4	4	field_0004	/undefined4	1	nested reads=2, writes=0
0	/SubmarineTitans/Recovered/ClassPointees/AnonPointee_SIDTy_1CC0	8	4	field_0008	/undefined4	1	nested reads=2, writes=0
0	/SubmarineTitans/Recovered/ClassPointees/AnonPointee_SIDTy_1CC0	14	2	field_000E	/undefined2	1	nested reads=1, writes=0
0	/SubmarineTitans/Recovered/ClassPointees/AnonPointee_SIDTy_1CC0	20	4	field_0014	/undefined4	1	nested reads=1, writes=0
0	/SubmarineTitans/Recovered/ClassPointees/AnonPointee_SIDTy_1CC8	4	4	field_0004	/undefined4	1	nested reads=2, writes=0
0	/SubmarineTitans/Recovered/ClassPointees/AnonPointee_SIDTy_1CC8	8	4	field_0008	/undefined4	1	nested reads=2, writes=0
0	/SubmarineTitans/Recovered/ClassPointees/AnonPointee_SIDTy_1CC8	14	2	field_000E	/undefined2	1	nested reads=1, writes=0
0	/SubmarineTitans/Recovered/ClassPointees/AnonPointee_SIDTy_1CC8	20	4	field_0014	/undefined4	1	nested reads=1, writes=0
0	/SubmarineTitans/Recovered/ClassPointees/AnonPointee_SIDTy_1CCC	8	4	field_0008	/undefined4	2	nested reads=9, writes=0
0	/SubmarineTitans/Recovered/ClassPointees/AnonPointee_SIDTy_1CCC	20	4	field_0014	/undefined4	2	nested reads=7, writes=0
0	/SubmarineTitans/Recovered/ClassPointees/AnonPointee_SIDTy_1CD0	8	4	field_0008	/undefined4	1	nested reads=3, writes=0
0	/SubmarineTitans/Recovered/ClassPointees/AnonPointee_SIDTy_1CD0	20	4	field_0014	/undefined4	1	nested reads=3, writes=0
0	/SubmarineTitans/Recovered/ClassPointees/AnonPointee_STAllPlayersC_018D	0	4	field_0000	/undefined4	1	nested reads=1, writes=0
0	/SubmarineTitans/Recovered/ClassPointees/AnonPointee_STAllPlayersC_018D	4	4	field_0004	/undefined4	1	nested reads=1, writes=0
0	/SubmarineTitans/Recovered/ClassPointees/AnonPointee_STAllPlayersC_018D	8	4	field_0008	/undefined4	1	nested reads=1, writes=0
0	/SubmarineTitans/Recovered/ClassPointees/AnonPointee_STAllPlayersC_018D	12	4	field_000C	/undefined4	1	nested reads=1, writes=0
0	/SubmarineTitans/Recovered/ClassPointees/AnonPointee_STAllPlayersC_0191	0	4	field_0000	/undefined4	1	nested reads=1, writes=0
0	/SubmarineTitans/Recovered/ClassPointees/AnonPointee_STAllPlayersC_0191	4	4	field_0004	/undefined4	1	nested reads=1, writes=0
0	/SubmarineTitans/Recovered/ClassPointees/AnonPointee_STAllPlayersC_0191	8	4	field_0008	/undefined4	1	nested reads=1, writes=0
0	/SubmarineTitans/Recovered/ClassPointees/AnonPointee_STAllPlayersC_0191	12	4	field_000C	/undefined4	1	nested reads=1, writes=0
0	/SubmarineTitans/Recovered/ClassPointees/AnonPointee_STAllPlayersC_0195	0	4	field_0000	/undefined4	1	nested reads=1, writes=0
0	/SubmarineTitans/Recovered/ClassPointees/AnonPointee_STAllPlayersC_0195	4	4	field_0004	/undefined4	1	nested reads=1, writes=0
0	/SubmarineTitans/Recovered/ClassPointees/AnonPointee_STAllPlayersC_0195	8	4	field_0008	/undefined4	1	nested reads=1, writes=0
0	/SubmarineTitans/Recovered/ClassPointees/AnonPointee_STAllPlayersC_0195	12	4	field_000C	/undefined4	1	nested reads=1, writes=0
0	/SubmarineTitans/Recovered/ClassPointees/AnonPointee_STAllPlayersC_0195	16	2	field_0010	/undefined2	1	nested reads=1, writes=0
0	/SubmarineTitans/Recovered/ClassPointees/AnonPointee_STAllPlayersC_0195	18	1	field_0012	/undefined1	1	nested reads=1, writes=0
0	/SubmarineTitans/Recovered/ClassPointees/AnonPointee_STAllPlayersC_0199	0	4	field_0000	/undefined4	1	nested reads=1, writes=0
0	/SubmarineTitans/Recovered/ClassPointees/AnonPointee_STAllPlayersC_0199	4	4	field_0004	/undefined4	1	nested reads=1, writes=0
0	/SubmarineTitans/Recovered/ClassPointees/AnonPointee_STAllPlayersC_0199	8	4	field_0008	/undefined4	1	nested reads=1, writes=0
0	/SubmarineTitans/Recovered/ClassPointees/AnonPointee_STAllPlayersC_0199	12	4	field_000C	/undefined4	1	nested reads=1, writes=0
0	/SubmarineTitans/Recovered/ClassPointees/AnonPointee_STAllPlayersC_0199	16	2	field_0010	/undefined2	1	nested reads=1, writes=0
0	/SubmarineTitans/Recovered/ClassPointees/AnonPointee_STAllPlayersC_0199	18	1	field_0012	/undefined1	1	nested reads=1, writes=0
0	/SubmarineTitans/Recovered/ClassPointees/AnonPointee_STAllPlayersC_01A5	0	4	field_0000	/undefined4	1	nested reads=1, writes=0
0	/SubmarineTitans/Recovered/ClassPointees/AnonPointee_STAllPlayersC_01A5	4	4	field_0004	/undefined4	1	nested reads=1, writes=0
0	/SubmarineTitans/Recovered/ClassPointees/AnonPointee_STAllPlayersC_01A5	8	4	field_0008	/undefined4	1	nested reads=1, writes=0
0	/SubmarineTitans/Recovered/ClassPointees/AnonPointee_STAllPlayersC_01A9	0	4	field_0000	/undefined4	1	nested reads=1, writes=0
0	/SubmarineTitans/Recovered/ClassPointees/AnonPointee_STAllPlayersC_01A9	4	4	field_0004	/undefined4	1	nested reads=1, writes=0
0	/SubmarineTitans/Recovered/ClassPointees/AnonPointee_STAllPlayersC_01A9	8	4	field_0008	/undefined4	1	nested reads=1, writes=0
0	/SubmarineTitans/Recovered/ClassPointees/AnonPointee_STAllPlayersC_01AD	0	4	field_0000	/undefined4	1	nested reads=1, writes=0
0	/SubmarineTitans/Recovered/ClassPointees/AnonPointee_STAllPlayersC_01AD	4	4	field_0004	/undefined4	1	nested reads=1, writes=0
0	/SubmarineTitans/Recovered/ClassPointees/AnonPointee_STAllPlayersC_01AD	8	2	field_0008	/undefined2	1	nested reads=1, writes=0
0	/SubmarineTitans/Recovered/ClassPointees/AnonPointee_STAllPlayersC_01AD	10	1	field_000A	/undefined1	1	nested reads=1, writes=0
0	/SubmarineTitans/Recovered/ClassPointees/AnonPointee_STAllPlayersC_01B1	0	4	field_0000	/undefined4	1	nested reads=1, writes=0
0	/SubmarineTitans/Recovered/ClassPointees/AnonPointee_STAllPlayersC_01B1	4	4	field_0004	/undefined4	1	nested reads=1, writes=0
0	/SubmarineTitans/Recovered/ClassPointees/AnonPointee_STAllPlayersC_01B1	8	2	field_0008	/undefined2	1	nested reads=1, writes=0
0	/SubmarineTitans/Recovered/ClassPointees/AnonPointee_STAllPlayersC_01B1	10	1	field_000A	/undefined1	1	nested reads=1, writes=0
0	/SubmarineTitans/Recovered/ClassPointees/AnonPointee_STAllPlayersC_01B5	0	4	field_0000	/undefined4	1	nested reads=1, writes=0
0	/SubmarineTitans/Recovered/ClassPointees/AnonPointee_STAllPlayersC_01B5	4	4	field_0004	/undefined4	1	nested reads=1, writes=0
0	/SubmarineTitans/Recovered/ClassPointees/AnonPointee_STAllPlayersC_01B5	8	2	field_0008	/undefined2	1	nested reads=1, writes=0
0	/SubmarineTitans/Recovered/ClassPointees/AnonPointee_STAllPlayersC_01B5	10	1	field_000A	/undefined1	1	nested reads=1, writes=0
0	/SubmarineTitans/Recovered/ClassPointees/AnonPointee_STAllPlayersC_01B9	0	4	field_0000	/undefined4	1	nested reads=1, writes=0
0	/SubmarineTitans/Recovered/ClassPointees/AnonPointee_STAllPlayersC_01B9	4	4	field_0004	/undefined4	1	nested reads=1, writes=0
0	/SubmarineTitans/Recovered/ClassPointees/AnonPointee_STAllPlayersC_01B9	8	2	field_0008	/undefined2	1	nested reads=1, writes=0
0	/SubmarineTitans/Recovered/ClassPointees/AnonPointee_STAllPlayersC_01B9	10	1	field_000A	/undefined1	1	nested reads=1, writes=0
0	/SubmarineTitans/Recovered/ClassPointees/AnonPointee_STAppC_0000	4	4	field_0004	/undefined4	1	nested reads=1, writes=0
0	/SubmarineTitans/Recovered/ClassPointees/AnonPointee_STAppC_0000	24	4	field_0018	/undefined4	2	nested reads=3, writes=0
0	/SubmarineTitans/Recovered/ClassPointees/AnonPointee_STAppC_115A	0	4	field_0000	/undefined4	2	nested reads=2, writes=0
0	/SubmarineTitans/Recovered/ClassPointees/AnonPointee_STAppC_115A	4	4	field_0004	/undefined4	2	nested reads=4, writes=0
0	/SubmarineTitans/Recovered/ClassPointees/AnonPointee_STArtiafactC_0000	172	4	field_00AC	/undefined4	1	nested reads=1, writes=0
0	/SubmarineTitans/Recovered/ClassPointees/AnonPointee_STArtiafactC_0000	216	4	field_00D8	/undefined4	1	nested reads=1, writes=0
0	/SubmarineTitans/Recovered/ClassPointees/AnonPointee_STArtiafactC_0000	292	4	field_0124	/undefined4	1	nested reads=2, writes=0
0	/SubmarineTitans/Recovered/ClassPointees/AnonPointee_STBoatC_0000	16	4	field_0010	/undefined4	3	nested reads=3, writes=0
0	/SubmarineTitans/Recovered/ClassPointees/AnonPointee_STBoatC_0000	32	4	field_0020	/undefined4	2	nested reads=2, writes=0
0	/SubmarineTitans/Recovered/ClassPointees/AnonPointee_STBoatC_0000	44	4	field_002C	/undefined4	1	nested reads=2, writes=0
0	/SubmarineTitans/Recovered/ClassPointees/AnonPointee_STBoatC_0000	144	4	field_0090	/undefined4	2	nested reads=2, writes=0
0	/SubmarineTitans/Recovered/ClassPointees/AnonPointee_STBoatC_0000	216	4	field_00D8	/undefined4	10	nested reads=10, writes=0
0	/SubmarineTitans/Recovered/ClassPointees/AnonPointee_STBoatC_0000	256	4	field_0100	/undefined4	1	nested reads=1, writes=0
0	/SubmarineTitans/Recovered/ClassPointees/AnonPointee_STBoatC_0097	8	2	field_0008	/undefined2	1	nested reads=1, writes=0
0	/SubmarineTitans/Recovered/ClassPointees/AnonPointee_STBoatC_0097	10	2	field_000A	/undefined2	1	nested reads=1, writes=0
0	/SubmarineTitans/Recovered/ClassPointees/AnonPointee_STBoatC_0097	12	2	field_000C	/undefined2	1	nested reads=1, writes=0
0	/SubmarineTitans/Recovered/ClassPointees/AnonPointee_STContainerC_0000	172	4	field_00AC	/undefined4	1	nested reads=1, writes=0
0	/SubmarineTitans/Recovered/ClassPointees/AnonPointee_STContainerC_0000	216	4	field_00D8	/undefined4	1	nested reads=1, writes=0
0	/SubmarineTitans/Recovered/ClassPointees/AnonPointee_STContainerC_0000	292	4	field_0124	/undefined4	1	nested reads=2, writes=0
0	/SubmarineTitans/Recovered/ClassPointees/AnonPointee_STGameObjC_0000	48	4	field_0030	/undefined4	1	nested reads=1, writes=0
0	/SubmarineTitans/Recovered/ClassPointees/AnonPointee_STGameObjC_0000	52	4	field_0034	/undefined4	1	nested reads=1, writes=0
0	/SubmarineTitans/Recovered/ClassPointees/AnonPointee_STGameObjC_0000	64	4	field_0040	/undefined4	1	nested reads=1, writes=0
0	/SubmarineTitans/Recovered/ClassPointees/AnonPointee_STGameObjC_0000	76	4	field_004C	/undefined4	1	nested reads=1, writes=0
0	/SubmarineTitans/Recovered/ClassPointees/AnonPointee_STGameObjC_0000	88	4	field_0058	/undefined4	1	nested reads=1, writes=0
0	/SubmarineTitans/Recovered/ClassPointees/AnonPointee_STGameObjC_0000	96	4	field_0060	/undefined4	1	nested reads=1, writes=0
0	/SubmarineTitans/Recovered/ClassPointees/AnonPointee_STGameObjC_0000	204	4	field_00CC	/undefined4	1	nested reads=1, writes=0
0	/SubmarineTitans/Recovered/ClassPointees/AnonPointee_STGameObjC_0195	0	4	field_0000	/undefined4	1	nested reads=0, writes=1
0	/SubmarineTitans/Recovered/ClassPointees/AnonPointee_STGameObjC_0195	4	4	field_0004	/undefined4	1	nested reads=0, writes=1
0	/SubmarineTitans/Recovered/ClassPointees/AnonPointee_STGameObjC_0195	8	4	field_0008	/undefined4	1	nested reads=0, writes=1
0	/SubmarineTitans/Recovered/ClassPointees/AnonPointee_STGameObjC_0195	12	4	field_000C	/undefined4	1	nested reads=0, writes=1
0	/SubmarineTitans/Recovered/ClassPointees/AnonPointee_STGameObjC_0195	16	2	field_0010	/undefined2	1	nested reads=0, writes=1
0	/SubmarineTitans/Recovered/ClassPointees/AnonPointee_STGameObjC_0195	18	1	field_0012	/undefined1	1	nested reads=0, writes=1
0	/SubmarineTitans/Recovered/ClassPointees/AnonPointee_STGameObjC_0199	0	4	field_0000	/undefined4	1	nested reads=1, writes=0
0	/SubmarineTitans/Recovered/ClassPointees/AnonPointee_STGameObjC_0199	4	4	field_0004	/undefined4	1	nested reads=1, writes=0
0	/SubmarineTitans/Recovered/ClassPointees/AnonPointee_STGameObjC_0199	8	4	field_0008	/undefined4	1	nested reads=1, writes=0
0	/SubmarineTitans/Recovered/ClassPointees/AnonPointee_STGameObjC_0199	12	4	field_000C	/undefined4	1	nested reads=1, writes=0
0	/SubmarineTitans/Recovered/ClassPointees/AnonPointee_STGameObjC_0199	16	2	field_0010	/undefined2	1	nested reads=1, writes=0
0	/SubmarineTitans/Recovered/ClassPointees/AnonPointee_STGameObjC_0199	18	1	field_0012	/undefined1	1	nested reads=1, writes=0
0	/SubmarineTitans/Recovered/ClassPointees/AnonPointee_STGameObjC_01AD	0	4	field_0000	/undefined4	1	nested reads=0, writes=1
0	/SubmarineTitans/Recovered/ClassPointees/AnonPointee_STGameObjC_01AD	4	4	field_0004	/undefined4	1	nested reads=0, writes=1
0	/SubmarineTitans/Recovered/ClassPointees/AnonPointee_STGameObjC_01AD	8	2	field_0008	/undefined2	1	nested reads=0, writes=1
0	/SubmarineTitans/Recovered/ClassPointees/AnonPointee_STGameObjC_01AD	10	1	field_000A	/undefined1	1	nested reads=0, writes=1
0	/SubmarineTitans/Recovered/ClassPointees/AnonPointee_STGameObjC_01B1	0	4	field_0000	/undefined4	1	nested reads=1, writes=0
0	/SubmarineTitans/Recovered/ClassPointees/AnonPointee_STGameObjC_01B1	4	4	field_0004	/undefined4	1	nested reads=1, writes=0
0	/SubmarineTitans/Recovered/ClassPointees/AnonPointee_STGameObjC_01B1	8	2	field_0008	/undefined2	1	nested reads=1, writes=0
0	/SubmarineTitans/Recovered/ClassPointees/AnonPointee_STGameObjC_01B1	10	1	field_000A	/undefined1	1	nested reads=1, writes=0
0	/SubmarineTitans/Recovered/ClassPointees/AnonPointee_STGroupBoatC_022E	12	4	field_000C	/undefined4	3	nested reads=4, writes=0
0	/SubmarineTitans/Recovered/ClassPointees/AnonPointee_STGroupBoatC_022E	28	4	field_001C	/undefined4	1	nested reads=1, writes=0
0	/SubmarineTitans/Recovered/ClassPointees/AnonPointee_STPlaySystemC_0000	8	4	field_0008	/undefined4	1	nested reads=1, writes=0
0	/SubmarineTitans/Recovered/ClassPointees/AnonPointee_STPlaySystemC_0000	24	4	field_0018	/undefined4	2	nested reads=2, writes=0
0	/SubmarineTitans/Recovered/ClassPointees/AnonPointee_STPlaySystemC_003D	4	1	field_0004	/undefined1	2	nested reads=0, writes=2
0	/SubmarineTitans/Recovered/ClassPointees/AnonPointee_STPlaySystemC_003D	5	2	field_0005	/undefined2	3	nested reads=4, writes=5
0	/SubmarineTitans/Recovered/ClassPointees/AnonPointee_STSharkC_0000	28	4	field_001C	/undefined4	1	nested reads=1, writes=0
0	/SubmarineTitans/Recovered/ClassPointees/AnonPointee_STSharkC_0000	32	4	field_0020	/undefined4	1	nested reads=1, writes=0
0	/SubmarineTitans/Recovered/ClassPointees/AnonPointee_STSharkC_0000	216	4	field_00D8	/undefined4	1	nested reads=1, writes=0
0	/SubmarineTitans/Recovered/ClassPointees/AnonPointee_STSprGameObjC_0000	12	4	field_000C	/undefined4	1	nested reads=1, writes=0
0	/SubmarineTitans/Recovered/ClassPointees/AnonPointee_STSprGameObjC_0000	44	4	field_002C	/undefined4	2	nested reads=3, writes=0
0	/SubmarineTitans/Recovered/ClassPointees/AnonPointee_SettMapMTy_0000	0	4	field_0000	/undefined4	1	nested reads=6, writes=0
0	/SubmarineTitans/Recovered/ClassPointees/AnonPointee_SettMapMTy_0000	8	4	field_0008	/undefined4	1	nested reads=1, writes=0
0	/SubmarineTitans/Recovered/ClassPointees/AnonPointee_SettMapMTy_0000	32	4	field_0020	/undefined4	1	nested reads=1, writes=0
0	/SubmarineTitans/Recovered/ClassPointees/AnonPointee_SettMapMTy_0000	36	4	field_0024	/undefined4	1	nested reads=1, writes=0
0	/SubmarineTitans/Recovered/ClassPointees/AnonPointee_SettMapMTy_0000	44	4	field_002C	/undefined4	7	nested reads=9, writes=0
0	/SubmarineTitans/Recovered/ClassPointees/AnonPointee_SettMapMTy_000C	0	4	field_0000	/undefined4	3	nested reads=5, writes=0
0	/SubmarineTitans/Recovered/ClassPointees/AnonPointee_SettMapMTy_000C	20	4	field_0014	/undefined4	1	nested reads=2, writes=0
0	/SubmarineTitans/Recovered/ClassPointees/AnonPointee_SettMapMTy_1A5B	0	4	field_0000	/undefined4	1	nested reads=1, writes=0
0	/SubmarineTitans/Recovered/ClassPointees/AnonPointee_SettMapMTy_1A5B	742	4	field_02E6	/undefined4	3	nested reads=14, writes=0
0	/SubmarineTitans/Recovered/ClassPointees/AnonPointee_SettMapMTy_1A5B	1356	4	field_054C	/undefined4	1	nested reads=1, writes=0
0	/SubmarineTitans/Recovered/ClassPointees/AnonPointee_SettMapMTy_1A5B	1670	4	field_0686	/undefined4	1	nested reads=5, writes=0
0	/SubmarineTitans/Recovered/ClassPointees/AnonPointee_SettMapMTy_1A5B	1690	4	field_069A	/undefined4	1	nested reads=4, writes=0
0	/SubmarineTitans/Recovered/ClassPointees/AnonPointee_SettMapMTy_1A5B	1694	4	field_069E	/undefined4	1	nested reads=2, writes=0
0	/SubmarineTitans/Recovered/ClassPointees/AnonPointee_SettMapMTy_1A5B	1698	4	field_06A2	/undefined4	1	nested reads=3, writes=1
0	/SubmarineTitans/Recovered/ClassPointees/AnonPointee_SettMapMTy_1A5B	1702	4	field_06A6	/undefined4	2	nested reads=8, writes=0
0	/SubmarineTitans/Recovered/ClassPointees/AnonPointee_SettMapMTy_1A5B	1706	4	field_06AA	/undefined4	1	nested reads=1, writes=0
0	/SubmarineTitans/Recovered/ClassPointees/AnonPointee_SettMapMTy_1A5B	1710	4	field_06AE	/undefined4	1	nested reads=1, writes=0
0	/SubmarineTitans/Recovered/ClassPointees/AnonPointee_SettMapMTy_1A5B	1714	4	field_06B2	/undefined4	1	nested reads=1, writes=0
0	/SubmarineTitans/Recovered/ClassPointees/AnonPointee_SettMapMTy_21F8	2	1	field_0002	/undefined1	2	nested reads=0, writes=2
0	/SubmarineTitans/Recovered/ClassPointees/AnonPointee_SettMapMTy_21F8	3	4	field_0003	/undefined4	2	nested reads=2, writes=0
0	/SubmarineTitans/Recovered/ClassPointees/AnonPointee_SettMapMTy_21F8	19	4	field_0013	/undefined4	1	nested reads=1, writes=0
0	/SubmarineTitans/Recovered/ClassPointees/AnonPointee_SettMapMTy_21F8	23	4	field_0017	/undefined4	2	nested reads=0, writes=2
0	/SubmarineTitans/Recovered/ClassPointees/AnonPointee_SettMapMTy_2204	4	4	field_0004	/undefined4	1	nested reads=1, writes=0
0	/SubmarineTitans/Recovered/ClassPointees/AnonPointee_SettMapMTy_2204	8	4	field_0008	/undefined4	2	nested reads=2, writes=0
0	/SubmarineTitans/Recovered/ClassPointees/AnonPointee_SettMapSTy_0000	8	4	field_0008	/undefined4	1	nested reads=2, writes=0
0	/SubmarineTitans/Recovered/ClassPointees/AnonPointee_SettMapSTy_0000	32	4	field_0020	/undefined4	1	nested reads=1, writes=0
0	/SubmarineTitans/Recovered/ClassPointees/AnonPointee_SettMapSTy_0000	36	4	field_0024	/undefined4	1	nested reads=1, writes=0
0	/SubmarineTitans/Recovered/ClassPointees/AnonPointee_SettMapSTy_0000	44	4	field_002C	/undefined4	1	nested reads=5, writes=0
0	/SubmarineTitans/Recovered/ClassPointees/AnonPointee_SettMapTy_0000	8	4	field_0008	/undefined4	1	nested reads=4, writes=0
0	/SubmarineTitans/Recovered/ClassPointees/AnonPointee_SettMapTy_0000	12	4	field_000C	/undefined4	1	nested reads=1, writes=0
0	/SubmarineTitans/Recovered/ClassPointees/AnonPointee_SettMapTy_0000	16	4	field_0010	/undefined4	1	nested reads=1, writes=0
0	/SubmarineTitans/Recovered/ClassPointees/AnonPointee_SettMapTy_0000	20	4	field_0014	/undefined4	1	nested reads=1, writes=0
0	/SubmarineTitans/Recovered/ClassPointees/AnonPointee_SettMapTy_0000	28	4	field_001C	/undefined4	1	nested reads=1, writes=0
0	/SubmarineTitans/Recovered/ClassPointees/AnonPointee_SettMapTy_0000	32	4	field_0020	/undefined4	1	nested reads=1, writes=0
0	/SubmarineTitans/Recovered/ClassPointees/AnonPointee_SettMapTy_0000	36	4	field_0024	/undefined4	1	nested reads=1, writes=0
0	/SubmarineTitans/Recovered/ClassPointees/AnonPointee_SettMapTy_0000	40	4	field_0028	/undefined4	1	nested reads=1, writes=0
0	/SubmarineTitans/Recovered/ClassPointees/AnonPointee_SettMapTy_0000	44	4	field_002C	/undefined4	1	nested reads=3, writes=0
0	/SubmarineTitans/Recovered/ClassPointees/AnonPointee_SettMapTy_21E8	2	1	field_0002	/undefined1	1	nested reads=0, writes=1
0	/SubmarineTitans/Recovered/ClassPointees/AnonPointee_SettMapTy_21E8	3	4	field_0003	/undefined4	1	nested reads=1, writes=0
0	/SubmarineTitans/Recovered/ClassPointees/AnonPointee_SettMapTy_21E8	23	4	field_0017	/undefined4	1	nested reads=0, writes=1
0	/SubmarineTitans/Recovered/ClassPointees/AnonPointee_SettMapTy_21EC	2	1	field_0002	/undefined1	1	nested reads=0, writes=1
0	/SubmarineTitans/Recovered/ClassPointees/AnonPointee_SettMapTy_21EC	3	4	field_0003	/undefined4	1	nested reads=1, writes=0
0	/SubmarineTitans/Recovered/ClassPointees/AnonPointee_SettMapTy_21EC	23	4	field_0017	/undefined4	1	nested reads=0, writes=1
0	/SubmarineTitans/Recovered/ClassPointees/AnonPointee_SettMapTy_21F0	2	1	field_0002	/undefined1	1	nested reads=0, writes=1
0	/SubmarineTitans/Recovered/ClassPointees/AnonPointee_SettMapTy_21F0	3	4	field_0003	/undefined4	1	nested reads=1, writes=0
0	/SubmarineTitans/Recovered/ClassPointees/AnonPointee_SettMapTy_21F0	23	4	field_0017	/undefined4	1	nested reads=0, writes=1
0	/SubmarineTitans/Recovered/ClassPointees/AnonPointee_SettMapTy_21F4	2	1	field_0002	/undefined1	1	nested reads=0, writes=1
0	/SubmarineTitans/Recovered/ClassPointees/AnonPointee_SettMapTy_21F4	3	4	field_0003	/undefined4	1	nested reads=1, writes=0
0	/SubmarineTitans/Recovered/ClassPointees/AnonPointee_SettMapTy_21F4	23	4	field_0017	/undefined4	1	nested reads=0, writes=1
0	/SubmarineTitans/Recovered/ClassPointees/AnonPointee_SpecPanelTy_0068	4	4	field_0004	/undefined4	1	nested reads=1, writes=0
0	/SubmarineTitans/Recovered/ClassPointees/AnonPointee_SpecPanelTy_0068	8	4	field_0008	/undefined4	1	nested reads=1, writes=0
0	/SubmarineTitans/Recovered/ClassPointees/AnonPointee_SpecPanelTy_0068	14	2	field_000E	/undefined2	1	nested reads=1, writes=0
0	/SubmarineTitans/Recovered/ClassPointees/AnonPointee_SpecPanelTy_0068	20	4	field_0014	/undefined4	1	nested reads=1, writes=0
0	/SubmarineTitans/Recovered/ClassPointees/AnonPointee_StartSystemTy_0000	8	4	field_0008	/undefined4	3	nested reads=16, writes=0
0	/SubmarineTitans/Recovered/ClassPointees/AnonPointee_StartSystemTy_0000	16	4	field_0010	/undefined4	1	nested reads=1, writes=0
0	/SubmarineTitans/Recovered/ClassPointees/AnonPointee_StartSystemTy_0000	24	4	field_0018	/undefined4	1	nested reads=1, writes=0
0	/SubmarineTitans/Recovered/ClassPointees/AnonPointee_StartSystemTy_000C	0	4	field_0000	/undefined4	1	nested reads=1, writes=0
0	/SubmarineTitans/Recovered/ClassPointees/AnonPointee_StartSystemTy_000C	4	4	field_0004	/undefined4	1	nested reads=1, writes=1
0	/SubmarineTitans/Recovered/ClassPointees/AnonPointee_StartSystemTy_0034	126	4	field_007E	/undefined4	2	nested reads=0, writes=2
0	/SubmarineTitans/Recovered/ClassPointees/AnonPointee_StartSystemTy_0034	138	4	field_008A	/undefined4	4	nested reads=4, writes=0
0	/SubmarineTitans/Recovered/ClassPointees/AnonPointee_StartSystemTy_0034	160	4	field_00A0	/undefined4	4	nested reads=4, writes=0
0	/SubmarineTitans/Recovered/ClassPointees/AnonPointee_StartSystemTy_02F0	4	4	field_0004	/undefined4	1	nested reads=1, writes=0
0	/SubmarineTitans/Recovered/ClassPointees/AnonPointee_StartSystemTy_02F0	8	4	field_0008	/undefined4	1	nested reads=1, writes=0
0	/SubmarineTitans/Recovered/ClassPointees/AnonPointee_StartSystemTy_02F0	14	2	field_000E	/undefined2	1	nested reads=3, writes=0
0	/SubmarineTitans/Recovered/ClassPointees/AnonPointee_StartSystemTy_0544	4	4	field_0004	/undefined4	4	nested reads=5, writes=0
0	/SubmarineTitans/Recovered/ClassPointees/AnonPointee_StartSystemTy_0544	8	4	field_0008	/undefined4	2	nested reads=2, writes=0
0	/SubmarineTitans/Recovered/ClassPointees/AnonPointee_StartSystemTy_067E	4	4	field_0004	/undefined4	5	nested reads=6, writes=0
0	/SubmarineTitans/Recovered/ClassPointees/AnonPointee_StartSystemTy_067E	8	4	field_0008	/undefined4	3	nested reads=3, writes=0
0	/SubmarineTitans/Recovered/ClassPointees/AnonPointee_StartSystemTy_067E	14	2	field_000E	/undefined2	1	nested reads=1, writes=0
0	/SubmarineTitans/Recovered/ClassPointees/AnonPointee_StartSystemTy_067E	20	4	field_0014	/undefined4	1	nested reads=1, writes=0
0	/SubmarineTitans/Recovered/ClassPointees/AnonPointee_StartSystemTy_0682	4	4	field_0004	/undefined4	2	nested reads=2, writes=0
0	/SubmarineTitans/Recovered/ClassPointees/AnonPointee_StartSystemTy_0682	8	4	field_0008	/undefined4	2	nested reads=3, writes=0
0	/SubmarineTitans/Recovered/ClassPointees/AnonPointee_StartSystemTy_0682	14	2	field_000E	/undefined2	1	nested reads=1, writes=0
0	/SubmarineTitans/Recovered/ClassPointees/AnonPointee_StartSystemTy_0682	20	4	field_0014	/undefined4	1	nested reads=1, writes=0
0	/SubmarineTitans/Recovered/ClassPointees/AnonPointee_SubmarineTitans__Recovered__HiddenThis__AnonReceiver_00416270_02E6	4	4	field_0004	/undefined4	2	nested reads=0, writes=2
0	/SubmarineTitans/Recovered/ClassPointees/AnonPointee_SubmarineTitans__Recovered__HiddenThis__AnonReceiver_00416270_02E6	20	4	field_0014	/undefined4	2	nested reads=0, writes=2
0	/SubmarineTitans/Recovered/ClassPointees/AnonPointee_SubmarineTitans__Recovered__HiddenThis__AnonReceiver_00416270_02E6	24	4	field_0018	/undefined4	2	nested reads=0, writes=2
0	/SubmarineTitans/Recovered/ClassPointees/AnonPointee_SubmarineTitans__Recovered__HiddenThis__AnonReceiver_00416270_02E6	28	4	field_001C	/undefined4	2	nested reads=0, writes=2
0	/SubmarineTitans/Recovered/ClassPointees/AnonPointee_SubmarineTitans__Recovered__HiddenThis__AnonReceiver_00417FF0_0097	8	2	field_0008	/undefined2	1	nested reads=1, writes=0
0	/SubmarineTitans/Recovered/ClassPointees/AnonPointee_SubmarineTitans__Recovered__HiddenThis__AnonReceiver_00417FF0_0097	10	2	field_000A	/undefined2	2	nested reads=1, writes=2
0	/SubmarineTitans/Recovered/ClassPointees/AnonPointee_SubmarineTitans__Recovered__HiddenThis__AnonReceiver_00417FF0_0097	12	2	field_000C	/undefined2	2	nested reads=1, writes=2
0	/SubmarineTitans/Recovered/ClassPointees/AnonPointee_SubmarineTitans__Recovered__HiddenThis__AnonReceiver_00417FF0_0097	14	2	field_000E	/undefined2	2	nested reads=0, writes=2
0	/SubmarineTitans/Recovered/ClassPointees/AnonPointee_SubmarineTitans__Recovered__HiddenThis__AnonReceiver_004EEFB0_01E4	138	4	field_008A	/undefined4	2	nested reads=2, writes=0
0	/SubmarineTitans/Recovered/ClassPointees/AnonPointee_SubmarineTitans__Recovered__HiddenThis__AnonReceiver_004EEFB0_01E4	160	4	field_00A0	/undefined4	2	nested reads=2, writes=0
0	/SubmarineTitans/Recovered/ClassPointees/AnonPointee_SubmarineTitans__Recovered__HiddenThis__AnonReceiver_0054A9B0_04E7	0	4	field_0000	/undefined4	2	nested reads=2, writes=0
0	/SubmarineTitans/Recovered/ClassPointees/AnonPointee_SubmarineTitans__Recovered__HiddenThis__AnonReceiver_0054A9B0_04E7	9	4	field_0009	/undefined4	2	nested reads=4, writes=0
0	/SubmarineTitans/Recovered/ClassPointees/AnonPointee_SubmarineTitans__Recovered__HiddenThis__AnonReceiver_0054A9B0_04E7	13	4	field_000D	/undefined4	2	nested reads=4, writes=0
0	/SubmarineTitans/Recovered/ClassPointees/AnonPointee_SubmarineTitans__Recovered__HiddenThis__AnonReceiver_0054A9B0_04E7	33	4	field_0021	/undefined4	2	nested reads=2, writes=0
0	/SubmarineTitans/Recovered/ClassPointees/AnonPointee_SubmarineTitans__Recovered__HiddenThis__AnonReceiver_0054A9B0_04EB	0	4	field_0000	/undefined4	2	nested reads=2, writes=0
0	/SubmarineTitans/Recovered/ClassPointees/AnonPointee_SubmarineTitans__Recovered__HiddenThis__AnonReceiver_0054A9B0_04EB	4	4	field_0004	/undefined4	2	nested reads=2, writes=0
0	/SubmarineTitans/Recovered/ClassPointees/AnonPointee_SubmarineTitans__Recovered__HiddenThis__AnonReceiver_0054A9B0_04EB	8	4	field_0008	/undefined4	2	nested reads=0, writes=2
0	/SubmarineTitans/Recovered/ClassPointees/AnonPointee_SubmarineTitans__Recovered__HiddenThis__AnonReceiver_0054A9B0_04EB	28	4	field_001C	/undefined4	2	nested reads=4, writes=2
0	/SubmarineTitans/Recovered/ClassPointees/AnonPointee_SubmarineTitans__Recovered__HiddenThis__AnonReceiver_0054A9B0_04EB	32	4	field_0020	/undefined4	2	nested reads=4, writes=2
0	/SubmarineTitans/Recovered/ClassPointees/AnonPointee_SubmarineTitans__Recovered__HiddenThis__AnonReceiver_0054A9B0_04EB	64	4	field_0040	/undefined4	2	nested reads=0, writes=2
0	/SubmarineTitans/Recovered/ClassPointees/AnonPointee_SubmarineTitans__Recovered__HiddenThis__AnonReceiver_0054A9B0_04EB	72	4	field_0048	/undefined4	2	nested reads=2, writes=0
0	/SubmarineTitans/Recovered/ClassPointees/AnonPointee_SubmarineTitans__Recovered__HiddenThis__AnonReceiver_00573260_0004	56	4	field_0038	/undefined4	2	nested reads=2, writes=0
0	/SubmarineTitans/Recovered/ClassPointees/AnonPointee_SubmarineTitans__Recovered__HiddenThis__AnonReceiver_00573260_0004	80	4	field_0050	/undefined4	2	nested reads=2, writes=0
0	/SubmarineTitans/Recovered/ClassPointees/AnonPointee_SubmarineTitans__Recovered__HiddenThis__AnonReceiver_00573260_0004	104	4	field_0068	/undefined4	2	nested reads=2, writes=0
0	/SubmarineTitans/Recovered/ClassPointees/AnonPointee_SubmarineTitans__Recovered__HiddenThis__AnonReceiver_00573260_0004	128	4	field_0080	/undefined4	2	nested reads=2, writes=0
0	/SubmarineTitans/Recovered/ClassPointees/AnonPointee_SubmarineTitans__Recovered__HiddenThis__AnonReceiver_005B6730_1A5B	320	4	field_0140	/undefined4	2	nested reads=0, writes=2
0	/SubmarineTitans/Recovered/ClassPointees/AnonPointee_SubmarineTitans__Recovered__HiddenThis__AnonReceiver_005B6730_1A5B	742	4	field_02E6	/undefined4	2	nested reads=10, writes=0
0	/SubmarineTitans/Recovered/ClassPointees/AnonPointee_SubmarineTitans__Recovered__HiddenThis__AnonReceiver_005B6730_1C67	4	4	field_0004	/undefined4	2	nested reads=2, writes=0
0	/SubmarineTitans/Recovered/ClassPointees/AnonPointee_SubmarineTitans__Recovered__HiddenThis__AnonReceiver_005B6730_1C67	8	4	field_0008	/undefined4	2	nested reads=2, writes=0
0	/SubmarineTitans/Recovered/ClassPointees/AnonPointee_SubmarineTitans__Recovered__HiddenThis__AnonReceiver_005B6730_1E1E	4	4	field_0004	/undefined4	2	nested reads=2, writes=0
0	/SubmarineTitans/Recovered/ClassPointees/AnonPointee_SubmarineTitans__Recovered__HiddenThis__AnonReceiver_005B6730_1E1E	8	4	field_0008	/undefined4	2	nested reads=2, writes=0
0	/SubmarineTitans/Recovered/ClassPointees/AnonPointee_SubmarineTitans__Recovered__HiddenThis__AnonReceiver_005B6730_21E8	2	1	field_0002	/undefined1	2	nested reads=0, writes=2
0	/SubmarineTitans/Recovered/ClassPointees/AnonPointee_SubmarineTitans__Recovered__HiddenThis__AnonReceiver_005B6730_21E8	3	4	field_0003	/undefined4	2	nested reads=2, writes=0
0	/SubmarineTitans/Recovered/ClassPointees/AnonPointee_SubmarineTitans__Recovered__HiddenThis__AnonReceiver_005B6730_21E8	19	4	field_0013	/undefined4	2	nested reads=2, writes=0
0	/SubmarineTitans/Recovered/ClassPointees/AnonPointee_SubmarineTitans__Recovered__HiddenThis__AnonReceiver_005B6730_21E8	23	4	field_0017	/undefined4	2	nested reads=0, writes=2
0	/SubmarineTitans/Recovered/ClassPointees/AnonPointee_SubmarineTitans__Recovered__HiddenThis__AnonReceiver_005B6730_21EC	2	1	field_0002	/undefined1	2	nested reads=0, writes=2
0	/SubmarineTitans/Recovered/ClassPointees/AnonPointee_SubmarineTitans__Recovered__HiddenThis__AnonReceiver_005B6730_21EC	3	4	field_0003	/undefined4	2	nested reads=2, writes=0
0	/SubmarineTitans/Recovered/ClassPointees/AnonPointee_SubmarineTitans__Recovered__HiddenThis__AnonReceiver_005B6730_21EC	19	4	field_0013	/undefined4	2	nested reads=2, writes=0
0	/SubmarineTitans/Recovered/ClassPointees/AnonPointee_SubmarineTitans__Recovered__HiddenThis__AnonReceiver_005B6730_21EC	23	4	field_0017	/undefined4	2	nested reads=0, writes=2
0	/SubmarineTitans/Recovered/ClassPointees/AnonPointee_SubmarineTitans__Recovered__HiddenThis__AnonReceiver_005B6730_21F0	2	1	field_0002	/undefined1	2	nested reads=0, writes=2
0	/SubmarineTitans/Recovered/ClassPointees/AnonPointee_SubmarineTitans__Recovered__HiddenThis__AnonReceiver_005B6730_21F0	3	4	field_0003	/undefined4	2	nested reads=2, writes=0
0	/SubmarineTitans/Recovered/ClassPointees/AnonPointee_SubmarineTitans__Recovered__HiddenThis__AnonReceiver_005B6730_21F0	19	4	field_0013	/undefined4	2	nested reads=2, writes=0
0	/SubmarineTitans/Recovered/ClassPointees/AnonPointee_SubmarineTitans__Recovered__HiddenThis__AnonReceiver_005B6730_21F0	23	4	field_0017	/undefined4	2	nested reads=0, writes=2
0	/SubmarineTitans/Recovered/ClassPointees/AnonPointee_SubmarineTitans__Recovered__HiddenThis__AnonReceiver_005B6730_21F4	2	1	field_0002	/undefined1	2	nested reads=0, writes=2
0	/SubmarineTitans/Recovered/ClassPointees/AnonPointee_SubmarineTitans__Recovered__HiddenThis__AnonReceiver_005B6730_21F4	3	4	field_0003	/undefined4	2	nested reads=2, writes=0
0	/SubmarineTitans/Recovered/ClassPointees/AnonPointee_SubmarineTitans__Recovered__HiddenThis__AnonReceiver_005B6730_21F4	19	4	field_0013	/undefined4	2	nested reads=2, writes=0
0	/SubmarineTitans/Recovered/ClassPointees/AnonPointee_SubmarineTitans__Recovered__HiddenThis__AnonReceiver_005B6730_21F4	23	4	field_0017	/undefined4	2	nested reads=0, writes=2
0	/SubmarineTitans/Recovered/ClassPointees/AnonPointee_SubmarineTitans__Recovered__HiddenThis__AnonReceiver_0060EF40_02DD	0	2	field_0000	/undefined2	2	nested reads=0, writes=4
0	/SubmarineTitans/Recovered/ClassPointees/AnonPointee_SubmarineTitans__Recovered__HiddenThis__AnonReceiver_0060EF40_02DD	2	2	field_0002	/undefined2	2	nested reads=0, writes=4
0	/SubmarineTitans/Recovered/ClassPointees/AnonPointee_SubmarineTitans__Recovered__HiddenThis__AnonReceiver_0060EF40_02DD	4	2	field_0004	/undefined2	2	nested reads=0, writes=4
0	/SubmarineTitans/Recovered/ClassPointees/AnonPointee_SubmarineTitans__Recovered__HiddenThis__AnonReceiver_0060EF40_02DD	6	2	field_0006	/undefined2	2	nested reads=4, writes=2
0	/SubmarineTitans/Recovered/ClassPointees/AnonPointee_SubmarineTitans__Recovered__HiddenThis__AnonReceiver_0060EF40_02DD	8	4	field_0008	/undefined4	3	nested reads=1, writes=4
0	/SubmarineTitans/Recovered/ClassPointees/AnonPointee_SubmarineTitans__Recovered__HiddenThis__AnonReceiver_0060EF40_02DD	24	4	field_0018	/undefined4	2	nested reads=0, writes=2
0	/SubmarineTitans/Recovered/ClassPointees/AnonPointee_SubmarineTitans__Recovered__HiddenThis__AnonReceiver_0060EF40_02DD	28	2	field_001C	/undefined2	2	nested reads=2, writes=0
0	/SubmarineTitans/Recovered/ClassPointees/AnonPointee_SubmarineTitans__Recovered__HiddenThis__AnonReceiver_0060EF40_02DD	30	2	field_001E	/undefined2	2	nested reads=2, writes=0
0	/SubmarineTitans/Recovered/ClassPointees/AnonPointee_SubmarineTitans__Recovered__HiddenThis__AnonReceiver_0060EF40_02DD	32	2	field_0020	/undefined2	2	nested reads=2, writes=0
0	/SubmarineTitans/Recovered/ClassPointees/AnonPointee_SubmarineTitans__Recovered__HiddenThis__AnonReceiver_0060EF40_02DD	34	2	field_0022	/undefined2	2	nested reads=2, writes=0
0	/SubmarineTitans/Recovered/ClassPointees/AnonPointee_SubmarineTitans__Recovered__HiddenThis__AnonReceiver_0064A970_0000	0	4	field_0000	/undefined4	2	nested reads=12, writes=0
0	/SubmarineTitans/Recovered/ClassPointees/AnonPointee_SubmarineTitans__Recovered__HiddenThis__AnonReceiver_0064A970_0000	4	4	field_0004	/undefined4	1	nested reads=1, writes=0
0	/SubmarineTitans/Recovered/ClassPointees/AnonPointee_SubmarineTitans__Recovered__HiddenThis__AnonReceiver_0064A970_0000	8	4	field_0008	/undefined4	1	nested reads=1, writes=0
0	/SubmarineTitans/Recovered/ClassPointees/AnonPointee_SubmarineTitans__Recovered__HiddenThis__AnonReceiver_0064A970_0000	16	4	field_0010	/undefined4	1	nested reads=2, writes=0
0	/SubmarineTitans/Recovered/ClassPointees/AnonPointee_SubmarineTitans__Recovered__HiddenThis__AnonReceiver_0064A970_0000	24	4	field_0018	/undefined4	1	nested reads=2, writes=0
0	/SubmarineTitans/Recovered/ClassPointees/AnonPointee_SubmarineTitans__Recovered__HiddenThis__AnonReceiver_0064A970_0000	28	4	field_001C	/undefined4	1	nested reads=1, writes=0
0	/SubmarineTitans/Recovered/ClassPointees/AnonPointee_SubmarineTitans__Recovered__HiddenThis__AnonReceiver_0064A970_0000	36	4	field_0024	/undefined4	1	nested reads=1, writes=0
0	/SubmarineTitans/Recovered/ClassPointees/AnonPointee_SubmarineTitans__Recovered__HiddenThis__AnonReceiver_0064A970_0000	40	4	field_0028	/undefined4	1	nested reads=1, writes=0
0	/SubmarineTitans/Recovered/ClassPointees/AnonPointee_SubmarineTitans__Recovered__HiddenThis__AnonReceiver_0064A970_0000	44	4	field_002C	/undefined4	1	nested reads=1, writes=0
0	/SubmarineTitans/Recovered/ClassPointees/AnonPointee_SubmarineTitans__Recovered__HiddenThis__AnonReceiver_006CEC40_0284	4	4	field_0004	/undefined4	2	nested reads=6, writes=0
0	/SubmarineTitans/Recovered/ClassPointees/AnonPointee_SubmarineTitans__Recovered__HiddenThis__AnonReceiver_006CEC40_0284	8	4	field_0008	/undefined4	2	nested reads=6, writes=0
0	/SubmarineTitans/Recovered/ClassPointees/AnonPointee_SubmarineTitans__Recovered__HiddenThis__AnonReceiver_006CEC40_0284	14	2	field_000E	/undefined2	2	nested reads=5, writes=0
0	/SubmarineTitans/Recovered/ClassPointees/AnonPointee_SubmarineTitans__Recovered__HiddenThis__AnonReceiver_006CEC40_0288	8	4	field_0008	/undefined4	2	nested reads=8, writes=0
0	/SubmarineTitans/Recovered/ClassPointees/AnonPointee_SubmarineTitans__Recovered__HiddenThis__AnonReceiver_006CEC40_0288	12	4	field_000C	/undefined4	2	nested reads=10, writes=0
0	/SubmarineTitans/Recovered/ClassPointees/AnonPointee_SubmarineTitans__Recovered__HiddenThis__AnonReceiver_006CEC40_0288	16	4	field_0010	/undefined4	2	nested reads=11, writes=0
0	/SubmarineTitans/Recovered/ClassPointees/AnonPointee_SubmarineTitans__Recovered__HiddenThis__AnonReceiver_006CEC40_0288	20	4	field_0014	/undefined4	2	nested reads=13, writes=0
0	/SubmarineTitans/Recovered/ClassPointees/AnonPointee_SubmarineTitans__Recovered__HiddenThis__AnonReceiver_006CEC40_0288	32	4	field_0020	/undefined4	2	nested reads=3, writes=0
0	/SubmarineTitans/Recovered/ClassPointees/AnonPointee_SubmarineTitans__Recovered__HiddenThis__AnonReceiver_006CEC40_0288	36	4	field_0024	/undefined4	2	nested reads=3, writes=0
0	/SubmarineTitans/Recovered/ClassPointees/AnonPointee_SubmarineTitans__Recovered__HiddenThis__AnonReceiver_006CEC40_0288	40	4	field_0028	/undefined4	2	nested reads=31, writes=0
0	/SubmarineTitans/Recovered/ClassPointees/AnonPointee_TLOBaseTy_0000	16	4	field_0010	/undefined4	2	nested reads=2, writes=0
0	/SubmarineTitans/Recovered/ClassPointees/AnonPointee_TLOBaseTy_0000	144	4	field_0090	/undefined4	4	nested reads=12, writes=0
0	/SubmarineTitans/Recovered/ClassPointees/AnonPointee_TLOBaseTy_0000	248	4	field_00F8	/undefined4	2	nested reads=2, writes=0
0	/SubmarineTitans/Recovered/ClassPointees/AnonPointee_TLOBaseTy_01F5	304	4	field_0130	/undefined4	1	nested reads=1, writes=0
0	/SubmarineTitans/Recovered/ClassPointees/AnonPointee_TLOBaseTy_01F5	308	4	field_0134	/undefined4	1	nested reads=1, writes=0
0	/SubmarineTitans/Recovered/ClassPointees/AnonPointee_TLOBaseTy_01F5	312	4	field_0138	/undefined4	1	nested reads=1, writes=0
0	/SubmarineTitans/Recovered/ClassPointees/AnonPointee_TLOBaseTy_01F5	448	4	field_01C0	/undefined4	1	nested reads=0, writes=1
0	/SubmarineTitans/Recovered/ClassPointees/AnonPointee_TLOBaseTy_01F5	452	4	field_01C4	/undefined4	2	nested reads=1, writes=1
0	/SubmarineTitans/Recovered/ClassPointees/AnonPointee_TLOBaseTy_01F5	484	4	field_01E4	/undefined4	2	nested reads=2, writes=1
0	/SubmarineTitans/Recovered/ClassPointees/AnonPointee_TLOBaseTy_01F5	488	4	field_01E8	/undefined4	2	nested reads=2, writes=1
0	/SubmarineTitans/Recovered/ClassPointees/AnonPointee_TLOBaseTy_01F5	492	4	field_01EC	/undefined4	1	nested reads=1, writes=0
0	/SubmarineTitans/Recovered/ClassPointees/AnonPointee_TLOBaseTy_01F5	520	4	field_0208	/undefined4	1	nested reads=1, writes=0
0	/SubmarineTitans/Recovered/ClassPointees/AnonPointee_TLOBaseTy_01F5	524	4	field_020C	/undefined4	2	nested reads=2, writes=0
0	/SubmarineTitans/Recovered/ClassPointees/AnonPointee_TLOBaseTy_01F5	528	4	field_0210	/undefined4	1	nested reads=2, writes=0
0	/SubmarineTitans/Recovered/ClassPointees/AnonPointee_TLOBaseTy_0291	65	2	field_0041	/undefined2	1	nested reads=2, writes=0
0	/SubmarineTitans/Recovered/ClassPointees/AnonPointee_TLOBaseTy_0291	67	2	field_0043	/undefined2	1	nested reads=2, writes=0
0	/SubmarineTitans/Recovered/ClassPointees/AnonPointee_TLOBaseTy_0291	69	2	field_0045	/undefined2	1	nested reads=2, writes=0
0	/SubmarineTitans/Recovered/ClassPointees/AnonPointee_TLOBaseTy_05B4	725	4	field_02D5	/undefined4	1	nested reads=0, writes=1
0	/SubmarineTitans/Recovered/ClassPointees/AnonPointee_TLOBaseTy_05B4	729	4	field_02D9	/undefined4	1	nested reads=0, writes=1
0	/SubmarineTitans/Recovered/ClassPointees/AnonPointee_TLOBaseTy_05B4	733	4	field_02DD	/undefined4	1	nested reads=0, writes=1
0	/SubmarineTitans/Recovered/ClassPointees/AnonPointee_TLOEmbryoTy_0000	44	4	field_002C	/undefined4	1	nested reads=1, writes=0
0	/SubmarineTitans/Recovered/ClassPointees/AnonPointee_TLOEmbryoTy_0000	144	4	field_0090	/undefined4	1	nested reads=2, writes=0
0	/SubmarineTitans/Recovered/ClassPointees/AnonPointee_WaitTy_000C	0	4	field_0000	/undefined4	1	nested reads=1, writes=0
0	/SubmarineTitans/Recovered/ClassPointees/AnonPointee_WaitTy_000C	20	4	field_0014	/undefined4	1	nested reads=2, writes=0
0	/SubmarineTitans/Recovered/ClassPointees/AnonPointee_WaitTy_1A5B	320	4	field_0140	/undefined4	1	nested reads=0, writes=1
0	/SubmarineTitans/Recovered/ClassPointees/AnonPointee_WaitTy_1A5B	742	4	field_02E6	/undefined4	3	nested reads=8, writes=0
0	/SubmarineTitans/Recovered/ClassPointees/AnonPointee_WaitTy_1A5B	1356	4	field_054C	/undefined4	1	nested reads=1, writes=0
0	/SubmarineTitans/Recovered/ClassPointees/AnonPointee_WaitTy_1A5B	1670	4	field_0686	/undefined4	1	nested reads=5, writes=0
0	/SubmarineTitans/Recovered/ClassPointees/AnonPointee_WaitTy_1AEC	4	4	field_0004	/undefined4	2	nested reads=6, writes=0
0	/SubmarineTitans/Recovered/ClassPointees/AnonPointee_WaitTy_1AEC	8	4	field_0008	/undefined4	1	nested reads=1, writes=0
0	/SubmarineTitans/Recovered/ClassPointees/AnonPointee_WaitTy_1AEC	14	2	field_000E	/undefined2	1	nested reads=1, writes=0
0	/SubmarineTitans/Recovered/ClassPointees/AnonPointee_WaitTy_1AEC	20	4	field_0014	/undefined4	1	nested reads=1, writes=0
0	/SubmarineTitans/Recovered/ClassPointees/AnonPointee_WaitTy_1AF0	8	4	field_0008	/undefined4	1	nested reads=8, writes=0
0	/SubmarineTitans/Recovered/ClassPointees/AnonPointee_WaitTy_1AF0	20	4	field_0014	/undefined4	1	nested reads=1, writes=0
0	/SubmarineTitans/Recovered/ClassPointees/AnonPointee_WaitTy_1AF8	0	1	field_0000	/undefined1	1	nested reads=1, writes=0
0	/SubmarineTitans/Recovered/ClassPointees/AnonPointee_WaitTy_1AF8	2	1	field_0002	/undefined1	2	nested reads=0, writes=2
0	/SubmarineTitans/Recovered/ClassPointees/AnonPointee_WaitTy_1AF8	3	4	field_0003	/undefined4	3	nested reads=4, writes=0
0	/SubmarineTitans/Recovered/ClassPointees/AnonPointee_WaitTy_1AF8	19	4	field_0013	/undefined4	1	nested reads=1, writes=0
0	/SubmarineTitans/Recovered/ClassPointees/AnonPointee_WaitTy_1AF8	23	4	field_0017	/undefined4	2	nested reads=0, writes=2
0	/SubmarineTitans/Recovered/ClassPointees/AnonPointee_WaitTy_1AFC	0	1	field_0000	/undefined1	1	nested reads=1, writes=0
0	/SubmarineTitans/Recovered/ClassPointees/AnonPointee_WaitTy_1AFC	2	1	field_0002	/undefined1	2	nested reads=0, writes=2
0	/SubmarineTitans/Recovered/ClassPointees/AnonPointee_WaitTy_1AFC	3	4	field_0003	/undefined4	3	nested reads=4, writes=0
0	/SubmarineTitans/Recovered/ClassPointees/AnonPointee_WaitTy_1AFC	19	4	field_0013	/undefined4	1	nested reads=1, writes=0
0	/SubmarineTitans/Recovered/ClassPointees/AnonPointee_WaitTy_1AFC	23	4	field_0017	/undefined4	2	nested reads=0, writes=2
0	/SubmarineTitans/Recovered/ClassPointees/AnonPointee_WaitTy_1B00	0	1	field_0000	/undefined1	1	nested reads=1, writes=0
0	/SubmarineTitans/Recovered/ClassPointees/AnonPointee_WaitTy_1B00	2	1	field_0002	/undefined1	2	nested reads=0, writes=2
0	/SubmarineTitans/Recovered/ClassPointees/AnonPointee_WaitTy_1B00	3	4	field_0003	/undefined4	3	nested reads=4, writes=0
0	/SubmarineTitans/Recovered/ClassPointees/AnonPointee_WaitTy_1B00	19	4	field_0013	/undefined4	1	nested reads=1, writes=0
0	/SubmarineTitans/Recovered/ClassPointees/AnonPointee_WaitTy_1B00	23	4	field_0017	/undefined4	2	nested reads=0, writes=2
0	/SubmarineTitans/Recovered/ClassPointees/AnonPointee_cLoadingTy_0004	4	4	field_0004	/undefined4	1	nested reads=1, writes=0
0	/SubmarineTitans/Recovered/ClassPointees/AnonPointee_cLoadingTy_0004	8	4	field_0008	/undefined4	1	nested reads=1, writes=0
0	/SubmarineTitans/Recovered/ClassPointees/AnonPointee_cLoadingTy_0004	14	2	field_000E	/undefined2	1	nested reads=1, writes=0
0	/SubmarineTitans/Recovered/ClassPointees/AnonPointee_cLoadingTy_0004	20	4	field_0014	/undefined4	1	nested reads=1, writes=0
0	/SubmarineTitans/Recovered/ClassPointees/AnonPointee_cLoadingTy_0008	80	4	field_0050	/undefined4	1	nested reads=0, writes=1
0	/SubmarineTitans/Recovered/ClassPointees/AnonPointee_cLoadingTy_0008	84	4	field_0054	/undefined4	1	nested reads=0, writes=1
0	/SubmarineTitans/Recovered/ClassPointees/AnonPointee_cLoadingTy_0008	88	4	field_0058	/undefined4	1	nested reads=0, writes=1
0	/SubmarineTitans/Recovered/ClassPointees/AnonPointee_cLoadingTy_0008	92	4	field_005C	/undefined4	1	nested reads=0, writes=1
0	/SubmarineTitans/Recovered/ClassPointees/AnonPointee_cLoadingTy_0008	96	4	field_0060	/undefined4	1	nested reads=0, writes=1
0	/SubmarineTitans/Recovered/ClassPointees/AnonPointee_cLoadingTy_0008	100	4	field_0064	/undefined4	1	nested reads=0, writes=1
0	/SubmarineTitans/Recovered/ClassPointees/AnonPointee_cLoadingTy_0008	104	4	field_0068	/undefined4	1	nested reads=0, writes=1
0	/SubmarineTitans/Recovered/ClassPointees/AnonPointee_cLoadingTy_0008	108	4	field_006C	/undefined4	1	nested reads=0, writes=1
