type_apply	name_apply	address	expected_name	expected_name_source	expected_data_type	expected_data_length	proposed_name	proposed_type	confidence	evidence_sites	reason
0	0	00792CA0	DAT_00792ca0	DEFAULT	/undefined4	4		/SubmarineTitans/Recovered/Enums/STSprGameObjC_CheckRay_param_7Enum	review	004C3C00 passed to STSprGameObjC::CheckRay parameter param_7 @ 004C401E	type_evidence={/SubmarineTitans/Recovered/Enums/STSprGameObjC_CheckRay_param_7Enum=1}; name_evidence={}; strong_evidence=0; closed_named_pointer_stores=0
0	0	00798FC8	DAT_00798fc8	DEFAULT	/undefined4	4	g_anonShape_0041D2B0_CE8C6BD3_00798FC8	pointer:/SubmarineTitans/Recovered/PointerShapes/AnonShape_0041D2B0_CE8C6BD3	review	004CCAD0 passed to FUN_0041d2b0 parameter param_1 @ 004CCB98	type_evidence={pointer:/SubmarineTitans/Recovered/PointerShapes/AnonShape_0041D2B0_CE8C6BD3=1}; name_evidence={}; strong_evidence=0; closed_named_pointer_stores=0
0	0	007C2B14	DAT_007c2b14	DEFAULT	/undefined4	4	g_char_007C2B14	pointer:/char	review	0056DB80 passed to FUN_006e8640 parameter param_2 @ 0056E413	type_evidence={pointer:/char=1}; name_evidence={}; strong_evidence=0; closed_named_pointer_stores=0
0	0	007C2B20	DAT_007c2b20	DEFAULT	/undefined4	4	g_text_007C2B20	pointer:/char	review	0056DB80 passed to FUN_006e8640 parameter text @ 0056E413	type_evidence={pointer:/char=1}; name_evidence={text=1}; strong_evidence=0; closed_named_pointer_stores=0
0	0	007C3B5C	DAT_007c3b5c	DEFAULT	/undefined1	1	g_text_007C3B5C	/char	review	00514F10 passed to Library::DKW::TBL::FUN_006b5aa0 parameter text @ 00515003 | 0052D320 passed to PopUpTy::AddStr parameter param_1 @ 0052D33A | 0052D320 passed to PopUpTy::AddStr parameter param_1 @ 0052D347 | 005DC050 passed to Library::DKW::TBL::FUN_006b5aa0 parameter text @ 005DC31A | 005DC050 passed to Library::DKW::TBL::FUN_006b5aa0 parameter text @ 005DC39D | 005DC050 passed to Library::DKW::TBL::FUN_006b5aa0 parameter text @ 005DC3F9 | 005DC730 passed to Library::DKW::TBL::FUN_006b5aa0 parameter text @ 005DC915 | 005DC730 passed to Library::DKW::TBL::FUN_006b5aa0 parameter text @ 005DC998 | 005DC730 passed to Library::DKW::TBL::FUN_006b5aa0 parameter text @ 005DC9D3 | 005E1330 passed to Library::DKW::TBL::FUN_006b5aa0 parameter text @ 005E2432 | 005E1330 passed to Library::DKW::TBL::FUN_006b5aa0 parameter text @ 005E2488	type_evidence={/char=11}; name_evidence={text=9}; strong_evidence=0; closed_named_pointer_stores=0; address_of_global_requires_review
0	0	007C3B60	DAT_007c3b60	DEFAULT	/undefined1	1	g_text_007C3B60	/char	review	00514F10 passed to FUN_005411a0 parameter text @ 00514F92	type_evidence={/char=1}; name_evidence={text=1}; strong_evidence=0; closed_named_pointer_stores=0; address_of_global_requires_review
0	0	007C7078	DAT_007c7078	DEFAULT	/undefined1	1		/char	review	007535F0 passed to Library::MSVCRT::__makepath parameter _Ext @ 007536C3 | 007535F0 passed to Library::MSVCRT::__strcmpi parameter _Str2 @ 0075362A | 007535F0 passed to Library::MSVCRT::__strcmpi parameter _Str2 @ 007536EB	type_evidence={/char=3}; name_evidence={_Ext=1, _Str2=2}; strong_evidence=3; closed_named_pointer_stores=0; address_of_global_requires_review
0	0	007C7080	DAT_007c7080	DEFAULT	/undefined1	1		/char	review	007535F0 passed to Library::MSVCRT::__makepath parameter _Ext @ 00753784 | 007535F0 passed to Library::MSVCRT::__strcmpi parameter _Str2 @ 00753642 | 007535F0 passed to Library::MSVCRT::__strcmpi parameter _Str2 @ 00753703	type_evidence={/char=3}; name_evidence={_Ext=1, _Str2=2}; strong_evidence=3; closed_named_pointer_stores=0; address_of_global_requires_review
0	0	007C7274	DAT_007c7274	DEFAULT	/undefined1	1	g__Source_007C7274	/char	review	006AD2A0 passed to Library::MSVCRT::_strncpy parameter _Source @ 006AD2E6 | 006AD4D0 passed to Library::MSVCRT::_strncpy parameter _Source @ 006AD657 | 006AD4D0 passed to Library::MSVCRT::_strncpy parameter _Source @ 006AD71A | 006AD4D0 passed to Library::MSVCRT::_strncpy parameter _Source @ 006AD85B	type_evidence={/char=4}; name_evidence={_Source=4}; strong_evidence=4; closed_named_pointer_stores=0; address_of_global_requires_review
0	0	007C8FF4	DAT_007c8ff4	DEFAULT	/undefined1	1		/char	review	00555680 passed to Library::MSVCRT::FUN_0072eb70 parameter param_1 @ 005556A4 | 006AD4D0 passed to Library::MSVCRT::FUN_00733f70 parameter text @ 006AD98B | 006AD4D0 passed to Library::MSVCRT::FUN_00733f70 parameter text @ 006AD9B6 | 006ADC30 passed to Library::MSVCRT::FUN_00733f70 parameter text @ 006ADF16 | 006ADC30 passed to Library::MSVCRT::FUN_00733f70 parameter text @ 006ADF73 | 006ADC30 passed to Library::MSVCRT::FUN_00733f70 parameter text @ 006AE001 | 006ADC30 passed to Library::MSVCRT::FUN_00733f70 parameter text @ 006AE02E | 006ADC30 passed to Library::MSVCRT::FUN_00733f70 parameter text @ 006AE0A0 | 006ADC30 passed to Library::MSVCRT::FUN_00733f70 parameter text @ 006AE0CF | 00711470 passed to Library::MSVCRT::FUN_00730590 parameter param_2 @ 00711491 | 007114C0 passed to Library::MSVCRT::FUN_00730590 parameter param_2 @ 007114EF | 007140E0 passed to Library::MSVCRT::FUN_00730590 parameter param_2 @ 0071433E | 007140E0 passed to Library::MSVCRT::FUN_00730590 parameter param_2 @ 0071438E | 007140E0 passed to Library::MSVCRT::FUN_00730590 parameter param_2 @ 007143CE | 007140E0 passed to Library::MSVCRT::FUN_00730590 parameter param_2 @ 0071485B | 007140E0 passed to Library::MSVCRT::FUN_00730590 parameter param_2 @ 007148AB | 007140E0 passed to Library::MSVCRT::FUN_00730590 parameter param_2 @ 007148EB | 007140E0 passed to Library::MSVCRT::_strncmp parameter _Str2 @ 00714247 | 007140E0 passed to Library::MSVCRT::_strncmp parameter _Str2 @ 00714760	type_evidence={/char=19}; name_evidence={_Str2=2, text=8}; strong_evidence=2; closed_named_pointer_stores=0; address_of_global_requires_review
0	0	007CC8BC	DAT_007cc8bc	DEFAULT	/undefined1	1	g_text_007CC8BC	/char	review	005D9470 passed to FUN_00725910 parameter text @ 005D96FB	type_evidence={/char=1}; name_evidence={text=1}; strong_evidence=0; closed_named_pointer_stores=0; address_of_global_requires_review
0	0	007D03B8	DAT_007d03b8	DEFAULT	/undefined2	2		/short	review	00625730 MOVSX @ 00625C07	type_evidence={/short=1}; name_evidence={}; strong_evidence=0; closed_named_pointer_stores=0
0	0	007D03BA	DAT_007d03ba	DEFAULT	/undefined2	2		/short	review	00625730 MOVSX @ 00625C0B	type_evidence={/short=1}; name_evidence={}; strong_evidence=0; closed_named_pointer_stores=0
0	0	007D03BC	DAT_007d03bc	DEFAULT	/undefined2	2		/short	review	00625730 MOVSX @ 00625C14	type_evidence={/short=1}; name_evidence={}; strong_evidence=0; closed_named_pointer_stores=0
0	0	007D1DB8	DAT_007d1db8	DEFAULT	/undefined4	4	g_text_007D1DB8	/char	review	00639990 passed to STT3DSprC::LoadSequence parameter text @ 00639AEB	type_evidence={/char=1}; name_evidence={text=1}; strong_evidence=0; closed_named_pointer_stores=0; address_of_global_requires_review
0	0	007D8010	DAT_007d8010	DEFAULT	/undefined2	2		/short	review	0069F8D0 MOVSX @ 0069FBC6	type_evidence={/short=1}; name_evidence={}; strong_evidence=0; closed_named_pointer_stores=0
0	0	007D8012	DAT_007d8012	DEFAULT	/undefined2	2		/short	review	0069F8D0 MOVSX @ 0069FBD6	type_evidence={/short=1}; name_evidence={}; strong_evidence=0; closed_named_pointer_stores=0
0	0	007DF9E8	DAT_007df9e8	DEFAULT	/undefined2	2		/short	review	006A1620 MOVSX @ 006A16C9	type_evidence={/short=1}; name_evidence={}; strong_evidence=0; closed_named_pointer_stores=0
0	0	007EDCA4	DAT_007edca4	DEFAULT	/undefined2	2		/short	review	0055DEE0 MOVSX @ 0055E19B	type_evidence={/short=1}; name_evidence={}; strong_evidence=0; closed_named_pointer_stores=0
0	0	007EDCA6	DAT_007edca6	DEFAULT	/undefined2	2		/short	review	0055DEE0 MOVSX @ 0055E1BE	type_evidence={/short=1}; name_evidence={}; strong_evidence=0; closed_named_pointer_stores=0
0	0	007EDCA9	DAT_007edca9	DEFAULT	/undefined2	2		/short	review	0055DEE0 MOVSX @ 0055E063	type_evidence={/short=1}; name_evidence={}; strong_evidence=0; closed_named_pointer_stores=0
0	0	007EDCAB	DAT_007edcab	DEFAULT	/undefined2	2		/short	review	0055DEE0 MOVSX @ 0055E086	type_evidence={/short=1}; name_evidence={}; strong_evidence=0; closed_named_pointer_stores=0
0	0	007EE1AC	DAT_007ee1ac	DEFAULT	/undefined4	4		/uint	review	006E8580 passed to Library::DKW::DDX::FUN_006cff10 parameter param_2 @ 006E85E1	type_evidence={/uint=1}; name_evidence={}; strong_evidence=0; closed_named_pointer_stores=0; address_of_global_requires_review
0	0	007EE1B0	DAT_007ee1b0	DEFAULT	/undefined4	4		/uint	review	006E8580 passed to Library::DKW::DDX::FUN_006cff10 parameter param_2 @ 006E8618	type_evidence={/uint=1}; name_evidence={}; strong_evidence=0; closed_named_pointer_stores=0; address_of_global_requires_review
0	0	007F4D04	DAT_007f4d04	DEFAULT	/undefined4	4	g_short_007F4D04	pointer:/short	review	00415160 passed to FUN_006a5e90 parameter param_1 @ 0041546D | 00415590 passed to FUN_006a5e90 parameter param_1 @ 004157E8	type_evidence={pointer:/short=2}; name_evidence={}; strong_evidence=0; closed_named_pointer_stores=0
0	0	007F4D18	DAT_007f4d18	DEFAULT	/undefined4	4	g_value_007F4D18	/void *32	review	00414A70 passed to FreeAndNull parameter value @ 00414F05	type_evidence={/void *32=1}; name_evidence={value=1}; strong_evidence=0; closed_named_pointer_stores=0; address_of_global_requires_review
0	0	007FA168	DAT_007fa168	DEFAULT	/undefined4	4	g_value_007FA168	/void *32	review	00430A90 passed to FreeAndNull parameter value @ 00431186	type_evidence={/void *32=1}; name_evidence={value=1}; strong_evidence=0; closed_named_pointer_stores=0; address_of_global_requires_review
0	0	007FB230	g_pathingScratchGrid	ANALYSIS	/SubmarineTitans/Recovered/GlobalRecords/STPathingGrid16	12		/short	review	00418030 MOVSX @ 00418606 | 00495980 MOVSX @ 00495B84 | 00495980 MOVSX @ 00495B9B | 00496CC0 MOVSX @ 00496D9B | 00496CC0 MOVSX @ 00496DB2	type_evidence={/short=5}; name_evidence={}; strong_evidence=0; closed_named_pointer_stores=0; concrete_existing_data_preserved
0	0	007FB240	g_worldGrid	ANALYSIS	/SubmarineTitans/Recovered/GlobalRecords/STWorldGrid	12		/short	review	00417F30 MOVSX @ 00417F82 | 00418030 MOVSX @ 00418328 | 00418030 MOVSX @ 00418395 | 00418D20 MOVSX @ 00418D61 | 00418D20 MOVSX @ 00418DFC | 00418D20 MOVSX @ 00418E62 | 00418D20 MOVSX @ 00418F2A | 00418D20 MOVSX @ 00418F81 | 00418D20 MOVSX @ 00418FED | 00418D20 MOVSX @ 0041902E | 00418D20 MOVSX @ 004190AC | 00418D20 MOVSX @ 0041910E | 00418D20 MOVSX @ 0041914F | 00418D20 MOVSX @ 004191E0 | 00418D20 MOVSX @ 00419269 | 00418D20 MOVSX @ 004192F8 | 00418D20 MOVSX @ 00419342 | 00418D20 MOVSX @ 00419398 | 00418D20 MOVSX @ 0041945B | 00418D20 MOVSX @ 004194AC | 00418D20 MOVSX @ 00419579 | 00418D20 MOVSX @ 004195C4 | 00418D20 MOVSX @ 0041961F | 00418D20 MOVSX @ 004196D5 | 00418D20 MOVSX @ 00419728 | 0041F9B0 MOVSX @ 0041FC47 | 0042B1F0 MOVSX @ 0042B261 | 0042B1F0 MOVSX @ 0042B37B | 0042B1F0 MOVSX @ 0042B3AC | 0042B1F0 MOVSX @ 0042B3CD | 00436F20 MOVSX @ 00437147 | 00436F20 MOVSX @ 00437D93 | 00436F20 MOVSX @ 004380A0 | 0043E9A0 MOVSX @ 0043E9E7 | 0043EC20 MOVSX @ 0043EC64 | 0043EC20 MOVSX @ 0043ECB5 | 0043EC20 MOVSX @ 0043ECE9 | 0043EC20 MOVSX @ 0043ED0A | 0043F380 MOVSX @ 0043F3C7 | 0043F580 MOVSX @ 0043F5C7 | 0043F580 MOVSX @ 0043F622 | 0043F580 MOVSX @ 0043F648 | 0043F580 MOVSX @ 0043F66C | 0043F7B0 MOVSX @ 0043F7F8 | 0043F7B0 MOVSX @ 0043F84F | 0043F7B0 MOVSX @ 0043F87F | 0043F7B0 MOVSX @ 0043F8A5 | 0044E260 MOVSX @ 0044E397 | 0044E260 MOVSX @ 0044E3FD | 0044E260 MOVSX @ 0044E41A | 0044EE30 MOVSX @ 0044F023 | 0044EE30 MOVSX @ 0045A25A | 0044EE30 MOVSX @ 0045A3E8 | 0044EE30 MOVSX @ 0045A54C | 0044EE30 MOVSX @ 0045AA60 | 0044EE30 MOVSX @ 0045AB4A | 00462180 MOVSX @ 00462B47 | 00462180 MOVSX @ 00462EDD | 00462180 MOVSX @ 00463062 | 00462180 MOVSX @ 0046396B | 00462180 MOVSX @ 004639C6 | 00462180 MOVSX @ 00463B24 | 00462180 MOVSX @ 00463B7E | 00462180 MOVSX @ 00463CDD | 00462180 MOVSX @ 00463D37 | 00462180 MOVSX @ 004640AE | 00462180 MOVSX @ 00464124 | 00462180 MOVSX @ 00464207 | 00462180 MOVSX @ 00464261 | 00465C60 MOVSX @ 004690AC | 00465C60 MOVSX @ 00469150 | 004732F0 MOVSX @ 00473589 | 004732F0 MOVSX @ 00473768 | 00476CE0 MOVSX @ 00476F6F | 00478640 MOVSX @ 0047879C | 00478640 MOVSX @ 00478925 | 00478640 MOVSX @ 00478AB1 | 00478640 MOVSX @ 00478C63 | 00478640 MOVSX @ 00478DCD | 00478640 MOVSX @ 00478EDE | 00478640 MOVSX @ 004791A3 | 00482DB0 MOVSX @ 00482ECA | 00482DB0 MOVSX @ 00482F33 | 00484020 MOVSX @ 004840CA | 00484020 MOVSX @ 004841F0 | 0048D650 MOVSX @ 0048D6C4 | 0048D7C0 MOVSX @ 0048D834 | 0048DCF0 MOVSX @ 0048DD98 | 004908A0 MOVSX @ 00490912 | 00493610 MOVSX @ 004936A5 | 004939B0 MOVSX @ 00493A5A | 004950B0 MOVSX @ 0049515A | 00495420 MOVSX @ 0049549A | 00495980 MOVSX @ 00495B5D | 00496250 MOVSX @ 004962F6 | 00496B30 MOVSX @ 00496BA8 | 00496B30 MOVSX @ 00496BDF | 0049AAF0 MOVSX @ 0049AF5B | 004AF080 MOVSX @ 004AF11B | 004AF080 MOVSX @ 004AF3A4 | 004AF080 MOVSX @ 004AF3E4 | 004AF080 MOVSX @ 004AF442 | 004AF080 MOVSX @ 004AF46A | 004AF080 MOVSX @ 004AF490 | 004AF080 MOVSX @ 004AF4EF | 004AF080 MOVSX @ 004AF570 | 004AF080 MOVSX @ 004AF97A | 004AF080 MOVSX @ 004AF9B7 | 004AF080 MOVSX @ 004AFAD1 | 004AF080 MOVSX @ 004AFC37 | 004AFFA0 MOVSX @ 004B0070 | 004B0250 MOVSX @ 004B0608 | 004B1120 MOVSX @ 004B1253 | 004B1120 MOVSX @ 004B1351 | 004B1120 MOVSX @ 004B1435 | 004B1120 MOVSX @ 004B147E | 004B1CF0 MOVSX @ 004B1D75 | 004B1CF0 MOVSX @ 004B1E13 | 004B1CF0 MOVSX @ 004B1E43 | 004B1FB0 MOVSX @ 004B201F | 004B2D10 MOVSX @ 004B2E23 | 004B2D10 MOVSX @ 004B2E95 | 004B33D0 MOVSX @ 004B36C1 | 004B33D0 MOVSX @ 004B41CF | 004B33D0 MOVSX @ 004B4222 | 004B33D0 MOVSX @ 004B4719 | 004B33D0 MOVSX @ 004B475E | 004B33D0 MOVSX @ 004B47E1 | 004B33D0 MOVSX @ 004B4966 | 004B33D0 MOVSX @ 004B49C6 | 004B33D0 MOVSX @ 004B4A4B | 004B33D0 MOVSX @ 004B4AF8 | 004B33D0 MOVSX @ 004B4B8B | 004B33D0 MOVSX @ 004B4D1C | 004B33D0 MOVSX @ 004B4E95 | 004B33D0 MOVSX @ 004B5421 | 004B33D0 MOVSX @ 004B5493 | 004B33D0 MOVSX @ 004B54E0 | 004B33D0 MOVSX @ 004B5527 | 004B33D0 MOVSX @ 004B5777 | 004B33D0 MOVSX @ 004B58FA | 004B33D0 MOVSX @ 004B5A67 | 004B33D0 MOVSX @ 004B5BD4 | 004B33D0 MOVSX @ 004B5D37 | 004B33D0 MOVSX @ 004B5D90 | 004B33D0 MOVSX @ 004B5F3E | 004B33D0 MOVSX @ 004B5F94 | 004B9FA0 MOVSX @ 004BC421 | 004B9FA0 MOVSX @ 004BCE17 | 004C21A0 MOVSX @ 004C22CD | 004C21A0 MOVSX @ 004C2329 | 004C21A0 MOVSX @ 004C236E | 004C21A0 MOVSX @ 004C23F4 | 004C21A0 MOVSX @ 004C24FE | 004C21A0 MOVSX @ 004C2575 | 004C3C00 MOVSX @ 004C3D07 | 004C4550 MOVSX @ 004C46E9 | 004C5F30 MOVSX @ 004C5FAB | 004C6440 MOVSX @ 004C64F7 | 004CD790 MOVSX @ 004CD8A5 | 004CD790 MOVSX @ 004CD902 | 004CD790 MOVSX @ 004CDA14 | 004CD790 MOVSX @ 004CDB73 | 004CD790 MOVSX @ 004CDBD1 | 004D83D0 MOVSX @ 004D8405 | 004D83D0 MOVSX @ 004D844D | 004DB160 MOVSX @ 004DB294 | 004DB160 MOVSX @ 004DB4EA | 004DB160 MOVSX @ 004DB59D | 004DB160 MOVSX @ 004DB7B1 | 004E3910 MOVSX @ 004E3E02 | 004E46F0 MOVSX @ 004E475F | 005578D0 MOVSX @ 00557906 | 0055F410 MOVSX @ 0055FB10 | 00562F50 MOVSX @ 00563656 | 00565820 MOVSX @ 005659BC | 00578630 MOVSX @ 00578865 | 00579170 MOVSX @ 00579172 | 005797B0 MOVSX @ 00579856 | 005797B0 MOVSX @ 00579BE3 | 005797B0 MOVSX @ 00579CF6 | 0057A2C0 MOVSX @ 0057A75B | 0057BA30 MOVSX @ 0057BAD7 | 0057BF60 MOVSX @ 0057C166 | 0057BF60 MOVSX @ 0057C6C7 | 0057CB30 MOVSX @ 0057CB30 | 0057D700 MOVSX @ 0057D706 | 0057E0A0 MOVSX @ 0057E4D9 | 0057F6E0 MOVSX @ 0057F753 | 0057F6E0 MOVSX @ 0057F90A | 0057F6E0 MOVSX @ 0057FAE8 | 0057F6E0 MOVSX @ 0057FC83 | 00581200 MOVSX @ 00581257 | 00581200 MOVSX @ 0058133E | 00581BF0 MOVSX @ 00581DE6 | 005825C0 MOVSX @ 0058289B | 005845B0 MOVSX @ 0058475B | 00586320 MOVSX @ 005863B7 | 00586320 MOVSX @ 00586477 | 00586AF0 MOVSX @ 00586F4D | 00586AF0 MOVSX @ 005871B9 | 00586AF0 MOVSX @ 005874D5 | 00586AF0 MOVSX @ 00587AAA | 00586AF0 MOVSX @ 0058813D | 00586AF0 MOVSX @ 00588432 | 00589C10 MOVSX @ 00589EBF | 00589C10 MOVSX @ 0058A40B | 0058A8D0 MOVSX @ 0058A8DC | 0058B190 MOVSX @ 0058B1A8 | 0058BD90 MOVSX @ 0058BFDC | 0058BD90 MOVSX @ 0058C33E | 0058D480 MOVSX @ 0058D4A7 | 0058D7C0 MOVSX @ 0058DBBF | 0058E570 MOVSX @ 0058E802 | 0058E570 MOVSX @ 0058EAD8 | 0058EEB0 MOVSX @ 0058EEB0 | 00590010 MOVSX @ 00590072 | 005EAF10 MOVSX @ 005EB18A | 005EAF10 MOVSX @ 005EB265 | 005EBD80 MOVSX @ 005EBF27 | 005EBD80 MOVSX @ 005EBFE5 | 005ECFE0 MOVSX @ 005ED081 | 005ED1C0 MOVSX @ 005ED499 | 005ED1C0 MOVSX @ 005ED52A | 005EF7A0 MOVSX @ 005EF86B | 005EFCD0 MOVSX @ 005EFD26 | 005F4FA0 MOVSX @ 005F518B | 005F89F0 MOVSX @ 005F8A54 | 005F8BA0 MOVSX @ 005F8C1E | 005FA360 MOVSX @ 005FA44A | 005FB640 MOVSX @ 005FB908 | 005FB640 MOVSX @ 005FB9E4 | 005FC4A0 MOVSX @ 005FC647 | 005FC4A0 MOVSX @ 005FC705 | 005FE5D0 MOVSX @ 005FE72F | 005FEB60 MOVSX @ 005FECBF | 00601500 MOVSX @ 006016B7 | 00601500 MOVSX @ 0060178E | 00601500 MOVSX @ 006018ED | 00601500 MOVSX @ 00601A2D | 00603120 MOVSX @ 006031FA | 00603120 MOVSX @ 00603274 | 00604350 MOVSX @ 006044A1 | 0060AEF0 MOVSX @ 0060B01E | 0060C320 MOVSX @ 0060C403 | 0060DD70 MOVSX @ 0060DE9F | 0060EF40 MOVSX @ 0060F0BD | 0060EF40 MOVSX @ 0060F2B0 | 00614400 MOVSX @ 0061466F | 00617CA0 MOVSX @ 00617D49 | 00618240 MOVSX @ 0061831F | 00619C70 MOVSX @ 00619DD1 | 00619C70 MOVSX @ 0061A325 | 0061B340 MOVSX @ 0061B37B | 0061BDB0 MOVSX @ 0061BFCB | 0061F660 MOVSX @ 0061F6D2 | 00621B50 MOVSX @ 00621E01 | 00622BA0 MOVSX @ 00622EE4 | 00624140 MOVSX @ 0062417C | 00625730 MOVSX @ 00625781 | 00625730 MOVSX @ 006257DF | 00625730 MOVSX @ 00625C44 | 00627400 MOVSX @ 00627457 | 00627400 MOVSX @ 006274D8 | 0062AF90 MOVSX @ 0062B02C | 0062D2D0 MOVSX @ 0062D359 | 0062FA80 MOVSX @ 0062FB25 | 00630430 MOVSX @ 00630512 | 006308F0 MOVSX @ 006308F8 | 00630AC0 MOVSX @ 00630AF1 | 006315D0 MOVSX @ 006315F5 | 006383E0 MOVSX @ 006384DC | 0063CC50 MOVSX @ 0063CD0E | 0063CC50 MOVSX @ 0063CD3C | 006406D0 MOVSX @ 00641245 | 00644410 MOVSX @ 006445FA | 00646E00 MOVSX @ 00646F43 | 00652810 MOVSX @ 006557E9 | 00652810 MOVSX @ 00655852 | 006756D0 MOVSX @ 006756E1 | 006757C0 MOVSX @ 006757D4 | 00675950 MOVSX @ 006759E9 | 006777D0 MOVSX @ 00677806 | 006778C0 MOVSX @ 006778EF	type_evidence={/short=284}; name_evidence={}; strong_evidence=0; closed_named_pointer_stores=0; concrete_existing_data_preserved
0	0	007FB24C	DAT_007fb24c	DEFAULT	/undefined4	4	g_value_007FB24C	/void *32	review	00496E40 passed to FreeAndNull parameter value @ 00496EB5 | 00497000 passed to FreeAndNull parameter value @ 0049700C	type_evidence={/void *32=2}; name_evidence={value=2}; strong_evidence=0; closed_named_pointer_stores=0; address_of_global_requires_review
0	0	007FB278	g_pathingGrid	ANALYSIS	/SubmarineTitans/Recovered/GlobalRecords/STPathingGrid16	12		/short	review	0040AE40 MOVSX @ 0040AFBF | 0040AE40 MOVSX @ 0040B0AF | 0040AE40 MOVSX @ 0040B0FF | 0040AE40 MOVSX @ 0040B17E | 0040AE40 MOVSX @ 0040B1D3 | 0040AE40 MOVSX @ 0040B2B6 | 0040AE40 MOVSX @ 0040B30E | 0040AE40 MOVSX @ 0040B366 | 0040AE40 MOVSX @ 0040B3CB | 0040AE40 MOVSX @ 0040B426 | 0040AE40 MOVSX @ 0040B5D7 | 0040AE40 MOVSX @ 0040B791 | 0040AE40 MOVSX @ 0040B7BB | 0040AE40 MOVSX @ 0040B845 | 0040AE40 MOVSX @ 0040B8A4 | 0040AE40 MOVSX @ 0040B91F | 0040BC90 MOVSX @ 0040BCBD | 0040BC90 MOVSX @ 0040BCE3 | 0040BC90 MOVSX @ 0040BD3E | 0040BC90 MOVSX @ 0040BDF2 | 0040BC90 MOVSX @ 0040BE34 | 0040BC90 MOVSX @ 0040BE5F | 0040BC90 MOVSX @ 0040BEBF | 0040BC90 MOVSX @ 0040BF0C | 0040BC90 MOVSX @ 0040BF5E | 0040C080 MOVSX @ 0040C226 | 0040C080 MOVSX @ 0040C2BA | 0040C080 MOVSX @ 0040C34B | 0040C080 MOVSX @ 0040C39C | 0040C080 MOVSX @ 0040C3F6 | 0040C080 MOVSX @ 0040C448 | 0040C080 MOVSX @ 0040C4FF | 0040C080 MOVSX @ 0040C551 | 0040C080 MOVSX @ 0040C59B | 0040C080 MOVSX @ 0040C5F8 | 0040CE20 MOVSX @ 0040CE26 | 0040CE20 MOVSX @ 0040CF35 | 0040CE20 MOVSX @ 0040CFE3 | 0040CE20 MOVSX @ 0040D157 | 0040CE20 MOVSX @ 0040D32B | 0040D540 MOVSX @ 0040D62D | 0040D540 MOVSX @ 0040D7DB | 0040D540 MOVSX @ 0040D880 | 0040D540 MOVSX @ 0040D9E8 | 0040D540 MOVSX @ 0040DBC1 | 004137F0 MOVSX @ 0041391C | 00413AF0 MOVSX @ 00413B2B | 00413AF0 MOVSX @ 00413C9A | 00413AF0 MOVSX @ 00413EB8 | 00413AF0 MOVSX @ 00414006 | 00417F30 MOVSX @ 00417F49 | 00418030 MOVSX @ 004181FB | 00418030 MOVSX @ 004184A0 | 00418030 MOVSX @ 0041853F | 00418030 MOVSX @ 004185A0 | 0041F9B0 MOVSX @ 0041FE14 | 00436F20 MOVSX @ 00437047 | 00440AA0 MOVSX @ 00440F93 | 00440AA0 MOVSX @ 00440FE0 | 00440AA0 MOVSX @ 00441081 | 00440AA0 MOVSX @ 00441136 | 00441CE0 MOVSX @ 00441F18 | 00441CE0 MOVSX @ 00441F54 | 00441CE0 MOVSX @ 00441FEF | 00442300 MOVSX @ 0044246F | 00442300 MOVSX @ 004424B0 | 00442300 MOVSX @ 0044254B | 00442300 MOVSX @ 004426C8 | 00442300 MOVSX @ 0044270C | 00442300 MOVSX @ 004427ED | 0046B100 MOVSX @ 0046B174 | 0046B100 MOVSX @ 0046B40E | 004761B0 MOVSX @ 00476308 | 004761B0 MOVSX @ 00476477 | 004761B0 MOVSX @ 004766F4 | 0047DF00 MOVSX @ 0047F3DD | 0047DF00 MOVSX @ 0047F494 | 00484020 MOVSX @ 0048420F | 0048DFD0 MOVSX @ 0048E794 | 0048DFD0 MOVSX @ 0048E8D2 | 0048DFD0 MOVSX @ 0048E94F | 0048DFD0 MOVSX @ 0048E99A | 0048DFD0 MOVSX @ 0048EB82 | 0048DFD0 MOVSX @ 0048F2DE | 00490570 MOVSX @ 00490657 | 004919C0 MOVSX @ 00491A0A | 004919C0 MOVSX @ 00491A6D | 004919C0 MOVSX @ 00491A8C | 004919C0 MOVSX @ 00491B9B | 004919C0 MOVSX @ 00491D52 | 004919C0 MOVSX @ 00491D8E | 00492550 MOVSX @ 004925C2 | 00492B20 MOVSX @ 00492C0D | 00492B20 MOVSX @ 00492C5D | 00492B20 MOVSX @ 00492CD3 | 00492B20 MOVSX @ 00492D27 | 00492B20 MOVSX @ 00492DE9 | 00493610 MOVSX @ 004936B7 | 00495980 MOVSX @ 00495A50 | 004960D0 MOVSX @ 004960D3 | 00496140 MOVSX @ 00496143 | 004961B0 MOVSX @ 004961EA | 00496250 MOVSX @ 0049633A | 0049B7D0 MOVSX @ 0049B9F4 | 0049B7D0 MOVSX @ 0049BA96 | 0049B7D0 MOVSX @ 0049BB4E | 0049B7D0 MOVSX @ 0049BC01 | 0049B7D0 MOVSX @ 0049BC7E | 0049B7D0 MOVSX @ 0049BCCB | 0049B7D0 MOVSX @ 0049BD53 | 0049CD30 MOVSX @ 0049CFB4 | 004A7490 MOVSX @ 004A75D3 | 004A7490 MOVSX @ 004A760E | 004A7490 MOVSX @ 004A7671 | 004A7490 MOVSX @ 004A7691 | 004AE0B0 MOVSX @ 004AE1FC | 004AE0B0 MOVSX @ 004AE31A | 004AF080 MOVSX @ 004AF19B | 004AFFA0 MOVSX @ 004B00E4 | 004B0250 MOVSX @ 004B036E | 004B1690 MOVSX @ 004B17AE | 004B1690 MOVSX @ 004B1939 | 004B2390 MOVSX @ 004B2456 | 004B33D0 MOVSX @ 004B4283 | 004B80D0 MOVSX @ 004B83AF | 004B80D0 MOVSX @ 004B84BD | 004B80D0 MOVSX @ 004B85B3 | 004B9FA0 MOVSX @ 004BC286 | 004B9FA0 MOVSX @ 004BC365 | 004C7070 MOVSX @ 004C714C | 0055F410 MOVSX @ 0055F573 | 0055F410 MOVSX @ 0055F932 | 0055F410 MOVSX @ 0055FA2B | 0055F410 MOVSX @ 0055FAED | 0055F410 MOVSX @ 0055FD1D | 0055F410 MOVSX @ 0055FE13 | 00562F50 MOVSX @ 005630E3 | 00562F50 MOVSX @ 00563483 | 00562F50 MOVSX @ 00563579 | 00562F50 MOVSX @ 00563635 | 00562F50 MOVSX @ 00563865 | 00562F50 MOVSX @ 0056395F | 00565820 MOVSX @ 00565914 | 00565820 MOVSX @ 005659AA | 0057E0A0 MOVSX @ 0057E2FE | 0057E0A0 MOVSX @ 0057E527 | 005809E0 MOVSX @ 00580A47 | 006264D0 MOVSX @ 006269CB | 00644410 MOVSX @ 00644729 | 00644410 MOVSX @ 00644758 | 00644410 MOVSX @ 00644982 | 00644410 MOVSX @ 00644B62 | 00644410 MOVSX @ 00644C65	type_evidence={/short=153}; name_evidence={}; strong_evidence=0; closed_named_pointer_stores=0; concrete_existing_data_preserved
1	1	007FB2AC	PTR_007fb2ac	DEFAULT	pointer:/SubmarineTitans/Recovered/PointerShapes/AnonShape_GLOBAL_007FB2AC_70073F41	4	g_tLOBldMark_007FB2AC	pointer:/TLOBldMark	high	004C60E0 stores named pointer from TLOBldMark::Create this @ 004C6111	type_evidence={pointer:/TLOBldMark=1}; name_evidence={}; strong_evidence=1; closed_named_pointer_stores=1; script_owned_anonymous_pointer_upgrade
1	1	00801678	DAT_00801678	DEFAULT	/undefined4	4	g_behPanel_00801678	pointer:/BehPanelTy	high	004ED630 stores named pointer from BehPanelTy::InitBehPanel this @ 004ED6AA	type_evidence={pointer:/BehPanelTy=1}; name_evidence={}; strong_evidence=1; closed_named_pointer_stores=1
1	1	0080168C	DAT_0080168c	DEFAULT	/undefined4	4	g_frmPanel_0080168C	pointer:/FrmPanelTy	high	0050FD60 stores named pointer from FrmPanelTy::InitFrmPanel this @ 0050FDB4	type_evidence={pointer:/FrmPanelTy=1}; name_evidence={}; strong_evidence=1; closed_named_pointer_stores=1
1	1	00801690	PTR_00801690	DEFAULT	pointer:/SubmarineTitans/Recovered/PointerShapes/AnonShape_GLOBAL_00801690_2AA401C1	4	g_helpPanel_00801690	pointer:/HelpPanelTy	high	00510E30 stores named pointer from HelpPanelTy::InitHelpPanel this @ 00510E72	type_evidence={pointer:/HelpPanelTy=1}; name_evidence={}; strong_evidence=1; closed_named_pointer_stores=1; script_owned_anonymous_pointer_upgrade
1	1	00801698	DAT_00801698	DEFAULT	/undefined4	4	g_infocPanel_00801698	pointer:/InfocPanelTy	high	0051FF50 stores named pointer from InfocPanelTy::InitInfocPanel this @ 0051FFCD	type_evidence={pointer:/InfocPanelTy=1}; name_evidence={}; strong_evidence=1; closed_named_pointer_stores=1
1	1	008016EC	DAT_008016ec	DEFAULT	/undefined4	4	g_sAMPanel_008016EC	pointer:/SAMPanelTy	high	0053CEF0 stores named pointer from SAMPanelTy::InitSAMPanel this @ 0053CF46	type_evidence={pointer:/SAMPanelTy=1}; name_evidence={}; strong_evidence=1; closed_named_pointer_stores=1
1	1	008026F0	DAT_008026f0	DEFAULT	/undefined4	4	g_dArray_008026F0	pointer:/SubmarineTitans/Recovered/DArrayTy	high	00540DC0 passed to DArrayDestroy parameter array @ 00540F3C | 00540DC0 passed to FUN_006b0c70 parameter groupContent @ 00540F2A | 00540DC0 passed to Library::DKW::TBL::DArrayCreate parameter array @ 00540EA2 | 00540DC0 stores named pointer from Library::DKW::TBL::DArrayCreate return @ 00540EA7 | 00541030 passed to DArrayDestroy parameter array @ 005410E9	type_evidence={pointer:/SubmarineTitans/Recovered/DArrayTy=5}; name_evidence={array=3, groupContent=1}; strong_evidence=1; closed_named_pointer_stores=1
1	1	00802A44	DAT_00802a44	DEFAULT	/undefined4	4	g_tradePanel_00802A44	pointer:/TradePanelTy	high	00550DB0 stores named pointer from TradePanelTy::InitTradePanel this @ 00550E27	type_evidence={pointer:/TradePanelTy=1}; name_evidence={}; strong_evidence=1; closed_named_pointer_stores=1
1	1	00802A48	DAT_00802a48	DEFAULT	/undefined4	4	g_upgPanel_00802A48	pointer:/UpgPanelTy	high	005528B0 stores named pointer from UpgPanelTy::InitUpgPanel this @ 00552903	type_evidence={pointer:/UpgPanelTy=1}; name_evidence={}; strong_evidence=1; closed_named_pointer_stores=1
0	0	00802AD0	DAT_00802ad0	DEFAULT	/undefined4	4	g_value_00802AD0	/void *32	review	0056C750 passed to FreeAndNull parameter value @ 0056CA7D	type_evidence={/void *32=1}; name_evidence={value=1}; strong_evidence=0; closed_named_pointer_stores=0; address_of_global_requires_review
0	0	008030D4	DAT_008030d4	DEFAULT	/undefined4	4	g_value_008030D4	/void *32	review	0056C750 passed to FreeAndNull parameter value @ 0056CA6B	type_evidence={/void *32=1}; name_evidence={value=1}; strong_evidence=0; closed_named_pointer_stores=0; address_of_global_requires_review
0	0	00803144	DAT_00803144	DEFAULT	/undefined4	4		/SubmarineTitans/Recovered/Enums/CursorClassTy_SetGCType_param_1Enum	review	005A4350 passed to CursorClassTy::SetGCType parameter param_1 @ 005A6042 | 005A4350 passed to CursorClassTy::SetGCType parameter param_1 @ 005A60D4	type_evidence={/SubmarineTitans/Recovered/Enums/CursorClassTy_SetGCType_param_1Enum=2}; name_evidence={}; strong_evidence=0; closed_named_pointer_stores=0
0	0	008032A4	DAT_008032a4	DEFAULT	/undefined4	4		/uint	review	0055DB70 passed to cMf32::RecMemFree parameter param_1 @ 0055DB87	type_evidence={/uint=1}; name_evidence={}; strong_evidence=0; closed_named_pointer_stores=0; address_of_global_requires_review
0	0	008032A8	DAT_008032a8	DEFAULT	/undefined4	4		/uint	review	0055DB70 passed to cMf32::RecMemFree parameter param_1 @ 0055DB9C	type_evidence={/uint=1}; name_evidence={}; strong_evidence=0; closed_named_pointer_stores=0; address_of_global_requires_review
0	0	008032AC	DAT_008032ac	DEFAULT	/undefined4	4		/uint	review	0055DB70 passed to cMf32::RecMemFree parameter param_1 @ 0055DBB1	type_evidence={/uint=1}; name_evidence={}; strong_evidence=0; closed_named_pointer_stores=0; address_of_global_requires_review
0	0	008032B0	DAT_008032b0	DEFAULT	/undefined4	4		/uint	review	0055DB70 passed to cMf32::RecMemFree parameter param_1 @ 0055DBC6	type_evidence={/uint=1}; name_evidence={}; strong_evidence=0; closed_named_pointer_stores=0; address_of_global_requires_review
0	0	008032B4	DAT_008032b4	DEFAULT	/undefined4	4		/uint	review	0055D910 passed to cMf32::RecMemFree parameter param_1 @ 0055D927	type_evidence={/uint=1}; name_evidence={}; strong_evidence=0; closed_named_pointer_stores=0; address_of_global_requires_review
0	0	008032B8	DAT_008032b8	DEFAULT	/undefined4	4		/uint	review	0055D910 passed to cMf32::RecMemFree parameter param_1 @ 0055D93C	type_evidence={/uint=1}; name_evidence={}; strong_evidence=0; closed_named_pointer_stores=0; address_of_global_requires_review
0	0	008032BC	DAT_008032bc	DEFAULT	/undefined4	4		/uint	review	0055D910 passed to cMf32::RecMemFree parameter param_1 @ 0055D951	type_evidence={/uint=1}; name_evidence={}; strong_evidence=0; closed_named_pointer_stores=0; address_of_global_requires_review
0	0	008032C0	DAT_008032c0	DEFAULT	/undefined4	4		/uint	review	0055D910 passed to cMf32::RecMemFree parameter param_1 @ 0055D966	type_evidence={/uint=1}; name_evidence={}; strong_evidence=0; closed_named_pointer_stores=0; address_of_global_requires_review
0	0	008032C4	DAT_008032c4	DEFAULT	/undefined4	4		/uint	review	0055D910 passed to cMf32::RecMemFree parameter param_1 @ 0055D97B	type_evidence={/uint=1}; name_evidence={}; strong_evidence=0; closed_named_pointer_stores=0; address_of_global_requires_review
0	0	008032C8	DAT_008032c8	DEFAULT	/undefined4	4		/uint	review	0055D910 passed to cMf32::RecMemFree parameter param_1 @ 0055D990	type_evidence={/uint=1}; name_evidence={}; strong_evidence=0; closed_named_pointer_stores=0; address_of_global_requires_review
0	0	008032CC	DAT_008032cc	DEFAULT	/undefined4	4		/uint	review	0055D910 passed to cMf32::RecMemFree parameter param_1 @ 0055D9A5	type_evidence={/uint=1}; name_evidence={}; strong_evidence=0; closed_named_pointer_stores=0; address_of_global_requires_review
0	0	008032D0	DAT_008032d0	DEFAULT	/undefined4	4		/uint	review	0055D910 passed to cMf32::RecMemFree parameter param_1 @ 0055D9BA	type_evidence={/uint=1}; name_evidence={}; strong_evidence=0; closed_named_pointer_stores=0; address_of_global_requires_review
0	0	008032D4	DAT_008032d4	DEFAULT	/undefined4	4		/uint	review	0055D910 passed to cMf32::RecMemFree parameter param_1 @ 0055D9CF	type_evidence={/uint=1}; name_evidence={}; strong_evidence=0; closed_named_pointer_stores=0; address_of_global_requires_review
0	0	00803380	DAT_00803380	DEFAULT	/undefined4	4	g_value_00803380	/void *32	review	0055F410 passed to FreeAndNull parameter value @ 00560BB7 | 00562F50 passed to FreeAndNull parameter value @ 0056471B	type_evidence={/void *32=2}; name_evidence={value=2}; strong_evidence=0; closed_named_pointer_stores=0; address_of_global_requires_review
0	0	008033B4	DAT_008033b4	DEFAULT	/undefined4	4	g_value_008033B4	/void *32	review	0055F410 passed to FreeAndNull parameter value @ 00560BA4 | 00562F50 passed to FreeAndNull parameter value @ 00564708	type_evidence={/void *32=2}; name_evidence={value=2}; strong_evidence=0; closed_named_pointer_stores=0; address_of_global_requires_review
0	0	00803408	DAT_00803408	DEFAULT	/undefined4	4	g__Path_00803408	/char	review	0056FA60 passed to Library::MSVCRT::__makepath parameter _Path @ 00570ADE | 0056FA60 passed to Library::MSVCRT::__makepath parameter _Path @ 00570B6A	type_evidence={/char=2}; name_evidence={_Path=2}; strong_evidence=2; closed_named_pointer_stores=0; address_of_global_requires_review
0	0	00806724	DAT_00806724	DEFAULT	/undefined4	4		/int	review	005770D0 passed to FUN_0070b1d0 parameter param_1 @ 0057712C	type_evidence={/int=1}; name_evidence={}; strong_evidence=0; closed_named_pointer_stores=0; address_of_global_requires_review
0	0	00806740	PTR_00806740	DEFAULT	pointer:/SubmarineTitans/Recovered/PointerShapes/AnonShape_GLOBAL_00806740_0AFD1484	4	g_array_00806740	pointer:/SubmarineTitans/Recovered/DArrayTy	review	0056C750 passed to DArrayDestroy parameter array @ 0056C7B1	type_evidence={pointer:/SubmarineTitans/Recovered/DArrayTy=1}; name_evidence={array=1}; strong_evidence=0; closed_named_pointer_stores=0; script_owned_anonymous_pointer_upgrade
0	0	00806768	DAT_00806768	DEFAULT	/undefined4	4	g_cMf32_00806768	pointer:/cMf32	review	0056D580 passed to cMf32::delete parameter param_1 @ 0056D678 | 0056D580 used as this of cMf32::delete @ 0056D678	type_evidence={pointer:/cMf32=2}; name_evidence={}; strong_evidence=1; closed_named_pointer_stores=0
0	0	00806778	DAT_00806778	DEFAULT	/undefined4	4	g_cMf32_00806778	pointer:/cMf32	review	0056D580 passed to cMf32::delete parameter param_1 @ 0056D623	type_evidence={pointer:/cMf32=1}; name_evidence={}; strong_evidence=0; closed_named_pointer_stores=0
0	0	00806788	DAT_00806788	DEFAULT	/undefined4	4	g_cMf32_00806788	pointer:/cMf32	review	0056D580 passed to cMf32::delete parameter param_1 @ 0056D5CD	type_evidence={pointer:/cMf32=1}; name_evidence={}; strong_evidence=0; closed_named_pointer_stores=0
0	0	008071F8	DAT_008071f8	DEFAULT	/undefined4	4	g_lpData_008071F8	/WinDef.h/BYTE	review	00572920 passed to ADVAPI32.DLL::RegSetValueExA parameter lpData @ 00572B01 | 00572D30 passed to ADVAPI32.DLL::RegSetValueExA parameter lpData @ 00572F26	type_evidence={/WinDef.h/BYTE=2}; name_evidence={lpData=2}; strong_evidence=2; closed_named_pointer_stores=0; address_of_global_requires_review
0	0	008072F8	DAT_008072f8	DEFAULT	/undefined1	1		/byte	review	00572920 passed to cMf32::RecPut parameter param_3 @ 00572A67	type_evidence={/byte=1}; name_evidence={}; strong_evidence=0; closed_named_pointer_stores=0; address_of_global_requires_review
0	0	008073D0	DAT_008073d0	DEFAULT	/undefined4	4		/byte	review	004A8920 passed to STPlaySystemC::SaveObjData parameter param_2 @ 004A8B9F	type_evidence={/byte=1}; name_evidence={}; strong_evidence=0; closed_named_pointer_stores=0; address_of_global_requires_review
0	0	0080760C	DAT_0080760c	DEFAULT	/undefined4	4	g_holo_0080760C	pointer:/HoloTy	review	00575460 passed to Library::MSVCRT::FUN_0072e2b0 parameter param_1 @ 0057547B	type_evidence={pointer:/HoloTy=1}; name_evidence={}; strong_evidence=0; closed_named_pointer_stores=0
0	0	00807DDD	DAT_00807ddd	DEFAULT	/undefined4	4		/char	review	005B9B10 passed to Library::DKW::TBL::FUN_006b5aa0 parameter text @ 005B9B8F | 005CD430 passed to SettMapMTy::AddPlayerList parameter param_4 @ 005CD765 | 005D1100 passed to SettMapMTy::AddPlayerList parameter param_4 @ 005D1299 | 005D1400 passed to SettMapMTy::ChangePlayerList parameter param_5 @ 005D1964 | 005D9470 passed to Library::DKW::TBL::FUN_006b6020 parameter param_3 @ 005D9C37 | 005D9470 passed to Library::MSVCRT::_strncpy parameter _Dest @ 005D976E | 005D9470 passed to Library::MSVCRT::_strncpy parameter _Dest @ 005D9BF4	type_evidence={/char=7}; name_evidence={_Dest=2, text=1}; strong_evidence=2; closed_named_pointer_stores=0; address_of_global_requires_review
0	0	00807E1D	DAT_00807e1d	DEFAULT	/undefined1	1		/char	review	0059C700 passed to Library::DKW::TBL::FUN_006b5aa0 parameter text @ 0059C75F | 0059C9F0 passed to Library::DKW::TBL::FUN_006b5aa0 parameter text @ 0059CA4F | 0059CEE0 passed to Library::DKW::TBL::FUN_006b5aa0 parameter text @ 0059CF3F | 0059E7F0 passed to Library::DKW::TBL::FUN_006b5aa0 parameter text @ 0059E84F | 005A4350 passed to FSGS.DLL::CFsgsConnection::CreateNewAccount parameter param_1 @ 005A6763 | 005A4350 passed to FSGS.DLL::CFsgsConnection::Login parameter param_1 @ 005A67F0 | 005A4350 passed to FSGS.DLL::CFsgsConnection::RequestInfo parameter param_1 @ 005A496E | 005A4350 passed to Library::MSVCRT::_strncpy parameter _Dest @ 005A6573	type_evidence={/char=8}; name_evidence={_Dest=1, text=4}; strong_evidence=1; closed_named_pointer_stores=0; address_of_global_requires_review
0	0	00807E5D	DAT_00807e5d	DEFAULT	/undefined4	4		/char	review	005A4350 passed to FSGS.DLL::CFsgsConnection::CreateNewAccount parameter param_2 @ 005A6763 | 005A4350 passed to FSGS.DLL::CFsgsConnection::Login parameter param_2 @ 005A67F0	type_evidence={/char=2}; name_evidence={}; strong_evidence=0; closed_named_pointer_stores=0; address_of_global_requires_review
0	0	00808406	DAT_00808406	DEFAULT	/undefined1	1		/char	review	0055C180 passed to FSGS.DLL::CFsgsConnection::InitConnection parameter param_1 @ 0055C1EA	type_evidence={/char=1}; name_evidence={}; strong_evidence=0; closed_named_pointer_stores=0; address_of_global_requires_review
0	0	0080874D	DAT_0080874d	DEFAULT	/undefined1	1		/byte	review	005776D0 MOVZX @ 00577C35	type_evidence={/byte=1}; name_evidence={}; strong_evidence=0; closed_named_pointer_stores=0
0	0	008087B6	DAT_008087b6	DEFAULT	/undefined4	4		/SubmarineTitans/Recovered/PointerShapes/AnonShape_00571A30_8BA8841B	review	005CE0E0 passed to FUN_00571a30 parameter param_1 @ 005CEEDC | 005CFE50 passed to FUN_00571a30 parameter param_1 @ 005CFE8C	type_evidence={/SubmarineTitans/Recovered/PointerShapes/AnonShape_00571A30_8BA8841B=2}; name_evidence={}; strong_evidence=0; closed_named_pointer_stores=0; address_of_global_requires_review
0	0	00808AF4	DAT_00808af4	DEFAULT	/undefined1	1		/byte	review	005776D0 MOVZX @ 00577C5C | 005776D0 MOVZX @ 00577C8F	type_evidence={/byte=2}; name_evidence={}; strong_evidence=0; closed_named_pointer_stores=0
0	0	00809960	DAT_00809960	DEFAULT	/undefined4	4		/char	review	00648FE0 passed to CreateArbiter parameter param_2 @ 006491C4	type_evidence={/char=1}; name_evidence={}; strong_evidence=0; closed_named_pointer_stores=0; address_of_global_requires_review
0	0	0080C3C3	DAT_0080c3c3	DEFAULT	/undefined4	4	g__Source_0080C3C3	/char	review	005C29B0 passed to Library::MSVCRT::_strncpy parameter _Source @ 005C2C80 | 005C7800 passed to Library::MSVCRT::_strncpy parameter _Source @ 005C7F11 | 005C8200 passed to Library::MSVCRT::_strncpy parameter _Source @ 005C85D2 | 005C8A40 passed to Library::MSVCRT::_strncpy parameter _Source @ 005C919F	type_evidence={/char=4}; name_evidence={_Source=4}; strong_evidence=4; closed_named_pointer_stores=0; address_of_global_requires_review
0	0	0080C522	DAT_0080c522	DEFAULT	/undefined4	4		/byte	review	006767D0 passed to cMf32::RecPut parameter param_3 @ 00676892	type_evidence={/byte=1}; name_evidence={}; strong_evidence=0; closed_named_pointer_stores=0; address_of_global_requires_review
0	0	0080C632	DAT_0080c632	DEFAULT	/undefined1	1	g__Path_0080C632	/char	review	00652810 passed to Library::MSVCRT::__makepath parameter _Path @ 00653FD2	type_evidence={/char=1}; name_evidence={_Path=1}; strong_evidence=1; closed_named_pointer_stores=0; address_of_global_requires_review
0	0	0080E303	DAT_0080e303	DEFAULT	/undefined4	4	g__Dest_0080E303	/char	review	00652810 passed to Library::MSVCRT::_strncpy parameter _Dest @ 006540F1	type_evidence={/char=1}; name_evidence={_Dest=1}; strong_evidence=1; closed_named_pointer_stores=0; address_of_global_requires_review
0	0	0080ED12	DAT_0080ed12	DEFAULT	/undefined4	4	g_value_0080ED12	/void *32	review	00533D10 passed to FreeAndNull parameter value @ 00534976 | 00648FE0 passed to FreeAndNull parameter value @ 00649175	type_evidence={/void *32=2}; name_evidence={value=2}; strong_evidence=0; closed_named_pointer_stores=0; address_of_global_requires_review
0	0	0080ED16	DAT_0080ed16	DEFAULT	/undefined1	1		/byte	review	005C6030 passed to Library::Ourlib::MF32INT::FUN_006f0ec0 parameter param_2 @ 005C64FB | 005DE670 passed to Library::MSVCRT::FUN_0072e730 parameter param_1 @ 005DE6F5 | 005DEB90 passed to Library::MSVCRT::FUN_0072e730 parameter param_1 @ 005DECEA | 005DFA30 passed to Library::MSVCRT::FUN_0072e730 parameter param_1 @ 005DFBBF | 005DFA30 passed to Library::Ourlib::MF32INT::FUN_006f0ec0 parameter param_2 @ 005DFAB9 | 005E7FE0 passed to Library::MSVCRT::FUN_0072e730 parameter param_1 @ 005E81F9 | 005E7FE0 passed to Library::Ourlib::MF32INT::FUN_006f0ec0 parameter param_2 @ 005E8192	type_evidence={/byte=7}; name_evidence={}; strong_evidence=0; closed_named_pointer_stores=0; address_of_global_requires_review
0	0	0080EF1E	DAT_0080ef1e	DEFAULT	/undefined1	1		/byte	review	00652810 passed to Library::MSVCRT::FUN_0072e730 parameter param_1 @ 00653FB6 | 00652810 passed to Library::MSVCRT::FUN_0072e730 parameter param_1 @ 0065421C	type_evidence={/byte=2}; name_evidence={}; strong_evidence=0; closed_named_pointer_stores=0; address_of_global_requires_review
0	0	0080F22A	DAT_0080f22a	DEFAULT	/undefined4	4		/char	review	005B0BA0 passed to FUN_006b8280 parameter param_1 @ 005B1A08 | 005B0BA0 passed to FUN_006b8280 parameter param_1 @ 005B1A59 | 005B0BA0 passed to FUN_006b8280 parameter param_2 @ 005B1A08 | 005B0BA0 passed to FUN_006b8280 parameter param_2 @ 005B1A59	type_evidence={/char=4}; name_evidence={}; strong_evidence=0; closed_named_pointer_stores=0; address_of_global_requires_review
0	0	00811718	DAT_00811718	DEFAULT	/undefined4	4	g_value_00811718	/void *32	review	0058D080 passed to FreeAndNull parameter value @ 0058D0FD | 0058D720 passed to FreeAndNull parameter value @ 0058D72E	type_evidence={/void *32=2}; name_evidence={value=2}; strong_evidence=0; closed_named_pointer_stores=0; address_of_global_requires_review
0	0	0081171C	DAT_0081171c	DEFAULT	/undefined4	4	g_value_0081171C	/void *32	review	0058D080 passed to FreeAndNull parameter value @ 0058D111	type_evidence={/void *32=1}; name_evidence={value=1}; strong_evidence=0; closed_named_pointer_stores=0; address_of_global_requires_review
0	0	008117A4	DAT_008117a4	DEFAULT	/undefined4	4	g_sTManRub3_008117A4	pointer:/STManRub3C	review	00630260 used as this of STManRub3C::AddNewRub3 @ 006302E0	type_evidence={pointer:/STManRub3C=1}; name_evidence={}; strong_evidence=1; closed_named_pointer_stores=0
0	0	008117C0	DAT_008117c0	DEFAULT	/undefined4	4	g__Str1_008117C0	/char	review	00649FF0 passed to Library::MSVCRT::__strcmpi parameter _Str1 @ 0064A180	type_evidence={/char=1}; name_evidence={_Str1=1}; strong_evidence=1; closed_named_pointer_stores=0; address_of_global_requires_review
0	0	00811908	DAT_00811908	DEFAULT	/undefined4	4		/int	review	00672F00 passed to FUN_006b9890 parameter param_1 @ 0067307B | 006736F0 passed to FUN_006b98c0 parameter param_1 @ 006738F8	type_evidence={/int=2}; name_evidence={}; strong_evidence=0; closed_named_pointer_stores=0; address_of_global_requires_review
0	0	00811914	DAT_00811914	DEFAULT	/undefined4	4		/int	review	006748D0 passed to FUN_006c8990 parameter param_2 @ 006749A0 | 006748D0 passed to Library::DKW::STR::FUN_006b9770 parameter param_2 @ 00674977	type_evidence={/int=2}; name_evidence={}; strong_evidence=0; closed_named_pointer_stores=0; address_of_global_requires_review
0	0	00811970	DAT_00811970	DEFAULT	/undefined4	4	g_int_00811970	pointer:/int	review	00674CE0 passed to Library::MSVCRT::FUN_0072ea90 parameter param_1 @ 00674CF3	type_evidence={pointer:/int=1}; name_evidence={}; strong_evidence=0; closed_named_pointer_stores=0
0	0	00811978	DAT_00811978	DEFAULT	/undefined4	4	g_int_00811978	pointer:/int	review	00674EB0 passed to Library::MSVCRT::FUN_0072ea90 parameter param_1 @ 00674EC3	type_evidence={pointer:/int=1}; name_evidence={}; strong_evidence=0; closed_named_pointer_stores=0
0	0	00811990	DAT_00811990	DEFAULT	/undefined1	1		/byte	review	0067F2B0 passed to Library::MSVCRT::FUN_0072e730 parameter param_5 @ 0067F2ED | 0068CEC0 passed to Library::MSVCRT::FUN_0072e730 parameter param_5 @ 0068D135 | 0068CEC0 passed to Library::MSVCRT::FUN_0072e730 parameter param_5 @ 0068D239 | 0068CEC0 passed to Library::MSVCRT::FUN_0072e730 parameter param_5 @ 0068D730	type_evidence={/byte=4}; name_evidence={}; strong_evidence=0; closed_named_pointer_stores=0; address_of_global_requires_review
0	0	00811AA0	DAT_00811aa0	DEFAULT	/undefined4	4		/byte	review	00683C70 passed to FUN_006838b0 parameter param_3 @ 00689E7D | 00683C70 passed to FUN_006838b0 parameter param_3 @ 0068A0BD	type_evidence={/byte=2}; name_evidence={}; strong_evidence=0; closed_named_pointer_stores=0; address_of_global_requires_review
0	0	00811AF0	DAT_00811af0	DEFAULT	/undefined4	4	g__Source_00811AF0	pointer:/char	review	00683C70 passed to FUN_0067cf30 parameter param_3 @ 00685749 | 00683C70 passed to Library::MSVCRT::_strncpy parameter _Source @ 006875FB	type_evidence={pointer:/char=2}; name_evidence={_Source=1}; strong_evidence=1; closed_named_pointer_stores=0
0	0	00811C80	DAT_00811c80	DEFAULT	/undefined4	4		/byte	review	006839D0 passed to FUN_006838b0 parameter param_3 @ 00683A82 | 00683C70 passed to FUN_006838b0 parameter param_3 @ 00685F4F	type_evidence={/byte=2}; name_evidence={}; strong_evidence=0; closed_named_pointer_stores=0; address_of_global_requires_review
0	0	00847D0C	DAT_00847d0c	DEFAULT	/undefined4	4	g__Dest_00847D0C	/char	review	00683C70 passed to Library::MSVCRT::_strncpy parameter _Dest @ 006840DB | 00683C70 passed to Library::MSVCRT::_strncpy parameter _Dest @ 0068A801 | 0068CEC0 passed to Library::MSVCRT::_strncpy parameter _Dest @ 0068D2A8 | 0068CEC0 passed to Library::MSVCRT::_strncpy parameter _Dest @ 0068D79D	type_evidence={/char=4}; name_evidence={_Dest=4}; strong_evidence=4; closed_named_pointer_stores=0; address_of_global_requires_review
0	0	008489B4	DAT_008489b4	DEFAULT	/undefined4	4		/int	review	00683C70 passed to FUN_006484f0 parameter param_1 @ 00685CC8 | 00683C70 passed to FUN_006484f0 parameter param_1 @ 0068A6AA | 00683C70 passed to FUN_006484f0 parameter param_1 @ 0068A825	type_evidence={/int=3}; name_evidence={}; strong_evidence=0; closed_named_pointer_stores=0; address_of_global_requires_review
0	0	008489C8	DAT_008489c8	DEFAULT	/undefined4	4		/int	review	00683C70 passed to FUN_00691540 parameter param_1 @ 00685B6C | 00683C70 passed to FUN_00691540 parameter param_1 @ 0068A6C8 | 00683C70 passed to FUN_00691540 parameter param_1 @ 0068A85E	type_evidence={/int=3}; name_evidence={}; strong_evidence=0; closed_named_pointer_stores=0; address_of_global_requires_review
0	0	008489D0	DAT_008489d0	DEFAULT	/undefined4	4	g_cMf32_008489D0	pointer:/cMf32	review	00680890 used as this of cMf32::RecPut @ 006808EB	type_evidence={pointer:/cMf32=1}; name_evidence={}; strong_evidence=1; closed_named_pointer_stores=0
0	0	008489E0	DAT_008489e0	DEFAULT	/undefined1	1	g_text_008489E0	/char	review	006803B0 passed to FUN_006f2c00 parameter text @ 00680450	type_evidence={/char=1}; name_evidence={text=1}; strong_evidence=0; closed_named_pointer_stores=0; address_of_global_requires_review
0	0	00848A04	DAT_00848a04	DEFAULT	/undefined4	4	g__Value_00848A04	/int	review	006803B0 passed to Library::MSVCRT::__itoa parameter _Value @ 006803D6	type_evidence={/int=1}; name_evidence={_Value=1}; strong_evidence=1; closed_named_pointer_stores=0
0	0	00848A14	DAT_00848a14	DEFAULT	/undefined4	4	g_int_00848A14	pointer:/int	review	00682370 passed to FUN_0064a830 parameter param_1 @ 00682381	type_evidence={pointer:/int=1}; name_evidence={}; strong_evidence=0; closed_named_pointer_stores=0
0	0	00853DD4	DAT_00853dd4	DEFAULT	/undefined4	4	g_value_00853DD4	/void *32	review	006952B0 passed to FreeAndNull parameter value @ 006957DC	type_evidence={/void *32=1}; name_evidence={value=1}; strong_evidence=0; closed_named_pointer_stores=0; address_of_global_requires_review
0	0	00853DE4	DAT_00853de4	DEFAULT	/undefined1	1		/byte	review	005C7800 passed to Library::MSVCRT::FUN_0072e730 parameter param_1 @ 005C7E49 | 005C7800 passed to Library::Ourlib::MF32INT::FUN_006f0ec0 parameter param_2 @ 005C7C57 | 005C8200 passed to Library::MSVCRT::FUN_0072e730 parameter param_1 @ 005C846B | 005C8200 passed to Library::Ourlib::MF32INT::FUN_006f0ec0 parameter param_2 @ 005C827E	type_evidence={/byte=4}; name_evidence={}; strong_evidence=0; closed_named_pointer_stores=0; address_of_global_requires_review
0	0	00854EE8	PTR_00854ee8	DEFAULT	pointer:/SubmarineTitans/Recovered/PointerShapes/AnonShape_GLOBAL_00854EE8_A19F58CE	4	g_anonShape_006CEC40_BB23E716_00854EE8	pointer:/SubmarineTitans/Recovered/PointerShapes/AnonShape_006CEC40_BB23E716	review	006BD260 passed to FUN_006cec40 parameter param_1 @ 006BD383	type_evidence={pointer:/SubmarineTitans/Recovered/PointerShapes/AnonShape_006CEC40_BB23E716=1}; name_evidence={}; strong_evidence=0; closed_named_pointer_stores=0; script_owned_anonymous_pointer_upgrade
0	0	00854EF0	DAT_00854ef0	DEFAULT	/undefined4	4		/int	review	006BD4B0 passed to FUN_006cfeb0 parameter param_1 @ 006BD5F3	type_evidence={/int=1}; name_evidence={}; strong_evidence=0; closed_named_pointer_stores=0; address_of_global_requires_review
0	0	00854F00	DAT_00854f00	DEFAULT	/undefined4	4	g_uint_00854F00	pointer:/uint	review	006BD4B0 passed to FUN_006cef60 parameter param_2 @ 006BD5BE | 006BD4B0 passed to FUN_006cef60 parameter param_2 @ 006BD6D1	type_evidence={pointer:/uint=2}; name_evidence={}; strong_evidence=0; closed_named_pointer_stores=0
0	0	00854F08	DAT_00854f08	DEFAULT	/undefined4	4		/int	review	006BCD10 passed to FUN_006cfeb0 parameter param_1 @ 006BCDA3 | 006BCD10 passed to FUN_006cfeb0 parameter param_1 @ 006BCEC8	type_evidence={/int=2}; name_evidence={}; strong_evidence=0; closed_named_pointer_stores=0; address_of_global_requires_review
0	0	00854F3C	DAT_00854f3c	DEFAULT	/undefined4	4		/WinDef.h/UINT	review	006BEA40 passed to Library::DKW::DDX::FUN_006c4880 parameter param_5 @ 006BEAAB	type_evidence={/WinDef.h/UINT=1}; name_evidence={}; strong_evidence=0; closed_named_pointer_stores=0
0	0	00854F58	DAT_00854f58	DEFAULT	/undefined4	4	g_char_00854F58	pointer:/char	review	006BD4B0 passed to FUN_006cef60 parameter param_6 @ 006BD5BE | 006BD4B0 passed to FUN_006cef60 parameter param_6 @ 006BD6D1	type_evidence={pointer:/char=2}; name_evidence={}; strong_evidence=0; closed_named_pointer_stores=0
0	0	00854F68	DAT_00854f68	DEFAULT	/undefined4	4	g_anonShape_006D86E0_768BB816_00854F68	pointer:/SubmarineTitans/Recovered/PointerShapes/AnonShape_006D86E0_768BB816	review	006BD4B0 passed to FUN_006cef60 parameter param_5 @ 006BD5BE | 006BD4B0 passed to FUN_006cef60 parameter param_5 @ 006BD6D1	type_evidence={pointer:/SubmarineTitans/Recovered/PointerShapes/AnonShape_006D86E0_768BB816=2}; name_evidence={}; strong_evidence=0; closed_named_pointer_stores=0
1	1	00854F74	DAT_00854f74	DEFAULT	/undefined4	4	g_tagBITMAPINFO_00854F74	pointer:/wingdi.h/tagBITMAPINFO	high	006BEA40 stores named pointer from Library::DKW::DDX::FUN_006c4880 return @ 006BEAB0	type_evidence={pointer:/wingdi.h/tagBITMAPINFO=1}; name_evidence={}; strong_evidence=1; closed_named_pointer_stores=1
0	0	00854F90	DAT_00854f90	DEFAULT	/undefined4	4	g_int_00854F90	pointer:/int	review	006BD4B0 passed to FUN_006cfeb0 parameter param_3 @ 006BD5F3	type_evidence={pointer:/int=1}; name_evidence={}; strong_evidence=0; closed_named_pointer_stores=0
0	0	00854FD0	DAT_00854fd0	DEFAULT	/undefined4	4	g_uint_00854FD0	pointer:/uint	review	006BC630 passed to FUN_006cf950 parameter param_1 @ 006BC802	type_evidence={pointer:/uint=1}; name_evidence={}; strong_evidence=0; closed_named_pointer_stores=0
0	0	00854FD8	DAT_00854fd8	DEFAULT	/undefined4	4	g_int_00854FD8	pointer:/int	review	006BD4B0 passed to FUN_006cfeb0 parameter param_2 @ 006BD5F3	type_evidence={pointer:/int=1}; name_evidence={}; strong_evidence=0; closed_named_pointer_stores=0
0	0	00854FDC	DAT_00854fdc	DEFAULT	/undefined4	4	g_int_00854FDC	pointer:/int	review	006BC8F0 passed to FUN_006bc970 parameter param_3 @ 006BC91E	type_evidence={pointer:/int=1}; name_evidence={}; strong_evidence=0; closed_named_pointer_stores=0
0	0	00854FE0	DAT_00854fe0	DEFAULT	/undefined4	4	g_anonShape_006B5B10_E0D06CF1_00854FE0	pointer:/SubmarineTitans/Recovered/PointerShapes/AnonShape_006B5B10_E0D06CF1	review	006BD4B0 passed to FUN_006cef60 parameter param_3 @ 006BD5BE | 006BD4B0 passed to FUN_006cef60 parameter param_3 @ 006BD6D1	type_evidence={pointer:/SubmarineTitans/Recovered/PointerShapes/AnonShape_006B5B10_E0D06CF1=2}; name_evidence={}; strong_evidence=0; closed_named_pointer_stores=0
0	0	008568D0	DAT_008568d0	DEFAULT	/undefined4	4		/int	review	006C3AA0 passed to FUN_006b98c0 parameter param_1 @ 006C3AC0	type_evidence={/int=1}; name_evidence={}; strong_evidence=0; closed_named_pointer_stores=0; address_of_global_requires_review
0	0	00856FE4	DAT_00856fe4	DEFAULT	/undefined4	4	g_byte_00856FE4	pointer:/byte	review	006F31D0 passed to FUN_006cfe10 parameter param_1 @ 006F41A4 | 006F31D0 passed to FUN_006cfe10 parameter param_1 @ 006F4A0F	type_evidence={pointer:/byte=2}; name_evidence={}; strong_evidence=0; closed_named_pointer_stores=0
0	0	00857004	DAT_00857004	DEFAULT	/undefined4	4	g_byte_00857004	pointer:/byte	review	00708650 passed to FUN_007297e0 parameter param_1 @ 00708888 | 00708650 passed to FUN_0072ac20 parameter param_1 @ 0070897B	type_evidence={pointer:/byte=2}; name_evidence={}; strong_evidence=0; closed_named_pointer_stores=0
0	0	00857028	DAT_00857028	DEFAULT	/undefined4	4	g_byte_00857028	pointer:/byte	review	00708650 passed to FUN_007297e0 parameter param_2 @ 00708888 | 00708650 passed to FUN_0072ac20 parameter param_2 @ 0070897B	type_evidence={pointer:/byte=2}; name_evidence={}; strong_evidence=0; closed_named_pointer_stores=0
0	0	00857118	DAT_00857118	DEFAULT	/undefined4	4	g_uint_00857118	pointer:/uint	review	0072B0B0 passed to FUN_006cf950 parameter param_1 @ 0072B232	type_evidence={pointer:/uint=1}; name_evidence={}; strong_evidence=0; closed_named_pointer_stores=0
0	0	0085712C	DAT_0085712c	DEFAULT	/undefined4	4	g_dwMilliseconds_0085712C	/WinDef.h/DWORD	review	0072AE80 passed to KERNEL32.DLL::WaitForSingleObject parameter dwMilliseconds @ 0072AED7	type_evidence={/WinDef.h/DWORD=1}; name_evidence={dwMilliseconds=1}; strong_evidence=1; closed_named_pointer_stores=0
0	0	0085713C	DAT_0085713c	DEFAULT	/undefined4	4	g_hThread_0085713C	/winnt.h/HANDLE	review	0072AFC0 passed to KERNEL32.DLL::TerminateThread parameter hThread @ 0072B00F	type_evidence={/winnt.h/HANDLE=1}; name_evidence={hThread=1}; strong_evidence=1; closed_named_pointer_stores=0
0	0	0085A5C4	DAT_0085a5c4	DEFAULT	/undefined4	4	g_hHeap_0085A5C4	/winnt.h/HANDLE	review	006A5620 passed to KERNEL32.DLL::HeapValidate parameter hHeap @ 006A567A	type_evidence={/winnt.h/HANDLE=1}; name_evidence={hHeap=1}; strong_evidence=1; closed_named_pointer_stores=0
0	0	0085E000	DAT_0085e000	DEFAULT	/undefined4	4	g_lpAddend_0085E000	/winnt.h/LONG	review	0056A5C0 passed to KERNEL32.DLL::InterlockedIncrement parameter lpAddend @ 0056A5C5 | 0056ADC0 passed to KERNEL32.DLL::InterlockedDecrement parameter lpAddend @ 0056AE12 | 0056C750 passed to KERNEL32.DLL::InterlockedDecrement parameter lpAddend @ 0056CA87	type_evidence={/winnt.h/LONG=3}; name_evidence={lpAddend=3}; strong_evidence=3; closed_named_pointer_stores=0; address_of_global_requires_review
