convention_apply	receiver_type_apply	address	expected_name	expected_name_source	expected_signature	expected_signature_source	expected_calling_convention	proposed_calling_convention	receiver_type_name	receiver_type_path	observed_size	vtable_slots	calls	ecx_pointer_setup	ecx_scalar_setup	ecx_live_prior	caller_cleanup_calls	expected_stack_bytes	confidence	reason
0	0	0041AE80	FUN_0041ae80	DEFAULT	undefined FUN_0041ae80(void)	DEFAULT	unknown	__thiscall	AnonReceiver_0041AE80	/SubmarineTitans/Recovered/HiddenThis/AnonReceiver_0041AE80	40		0	0	0	0	0	0	review	incoming_receiver_captures=0; receiver_accesses=1; incoming_edx_uses=0; calls=0; ecx_pointer_setup=0; ecx_scalar_setup=0; caller_cleanup_calls=0; callee_ret_pop=[0]; expected_stack=0
0	0	0041D820	FUN_0041d820	DEFAULT	undefined FUN_0041d820(void)	DEFAULT	unknown	__thiscall	AnonReceiver_0041D820	/SubmarineTitans/Recovered/HiddenThis/AnonReceiver_0041D820	143		0	0	0	0	0	0	review	incoming_receiver_captures=0; receiver_accesses=5; incoming_edx_uses=0; calls=0; ecx_pointer_setup=0; ecx_scalar_setup=0; caller_cleanup_calls=0; callee_ret_pop=[0]; expected_stack=0
0	0	0041D860	FUN_0041d860	DEFAULT	undefined FUN_0041d860(void)	DEFAULT	unknown	__thiscall	AnonReceiver_0041D860	/SubmarineTitans/Recovered/HiddenThis/AnonReceiver_0041D860	143		0	0	0	0	0	0	review	incoming_receiver_captures=0; receiver_accesses=5; incoming_edx_uses=0; calls=0; ecx_pointer_setup=0; ecx_scalar_setup=0; caller_cleanup_calls=0; callee_ret_pop=[0]; expected_stack=0
0	0	0041DA10	FUN_0041da10	DEFAULT	undefined FUN_0041da10(void)	DEFAULT	unknown	__thiscall	AnonReceiver_0041DA10	/SubmarineTitans/Recovered/HiddenThis/AnonReceiver_0041DA10	541		0	0	0	0	0	0	review	incoming_receiver_captures=0; receiver_accesses=1; incoming_edx_uses=0; calls=0; ecx_pointer_setup=0; ecx_scalar_setup=0; caller_cleanup_calls=0; callee_ret_pop=[0]; expected_stack=0
0	0	0041E510	FUN_0041e510	DEFAULT	undefined FUN_0041e510(void)	DEFAULT	unknown	__thiscall	AnonReceiver_0041E510	/SubmarineTitans/Recovered/HiddenThis/AnonReceiver_0041E510	545		0	0	0	0	0	0	review	incoming_receiver_captures=0; receiver_accesses=1; incoming_edx_uses=0; calls=0; ecx_pointer_setup=0; ecx_scalar_setup=0; caller_cleanup_calls=0; callee_ret_pop=[0]; expected_stack=0
0	0	0041F310	FUN_0041f310	DEFAULT	undefined FUN_0041f310(void)	DEFAULT	unknown	__thiscall	AnonReceiver_0041F310	/SubmarineTitans/Recovered/HiddenThis/AnonReceiver_0041F310	1113		1	0	0	0	0	0	review	incoming_receiver_captures=0; receiver_accesses=1; incoming_edx_uses=0; calls=1; ecx_pointer_setup=0; ecx_scalar_setup=0; caller_cleanup_calls=0; callee_ret_pop=[0]; expected_stack=0
0	0	0042C300	FUN_0042c300	DEFAULT	undefined4 __stdcall FUN_0042c300(uint param_1, uint param_2, int param_3, uint param_4, uint param_5)	ANALYSIS	__stdcall	__thiscall	AnonReceiver_00405687	/SubmarineTitans/Recovered/HiddenThis/AnonReceiver_00405687	22615	0x0,0x4,0x8,0xC,0x10,0x14,0x18,0x1C,0x20,0x24,0x28,0x2C,0x6C,0x78,0x7C,0x90,0xAC,0xC4,0xC8,0xCC,0xD8,0xE8,0xF8,0x100,0x104,0x124	4	4	0	0	0	20	medium	incoming_receiver_captures=1; receiver_accesses=0; incoming_edx_uses=0; calls=4; ecx_pointer_setup=4; ecx_scalar_setup=0; caller_cleanup_calls=0; callee_ret_pop=[20]; expected_stack=20
0	0	0042D770	FUN_0042d770	DEFAULT	uint __stdcall FUN_0042d770(uint param_1, int * param_2)	ANALYSIS	__stdcall	__thiscall	AnonReceiver_00405687	/SubmarineTitans/Recovered/HiddenThis/AnonReceiver_00405687	22615	0x0,0x4,0x8,0xC,0x10,0x14,0x18,0x1C,0x20,0x24,0x28,0x2C,0x6C,0x78,0x7C,0x90,0xAC,0xC4,0xC8,0xCC,0xD8,0xE8,0xF8,0x100,0x104,0x124	1	1	0	0	0	8	medium	incoming_receiver_captures=1; receiver_accesses=0; incoming_edx_uses=0; calls=1; ecx_pointer_setup=1; ecx_scalar_setup=0; caller_cleanup_calls=0; callee_ret_pop=[8]; expected_stack=8
0	0	0044D320	FUN_0044d320	DEFAULT	undefined2 * __stdcall FUN_0044d320(Global_sub_0044D320_param_1Enum param_1)	ANALYSIS	__stdcall	__thiscall	AnonReceiver_00405687	/SubmarineTitans/Recovered/HiddenThis/AnonReceiver_00405687	22615	0x0,0x4,0x8,0xC,0x10,0x14,0x18,0x1C,0x20,0x24,0x28,0x2C,0x6C,0x78,0x7C,0x90,0xAC,0xC4,0xC8,0xCC,0xD8,0xE8,0xF8,0x100,0x104,0x124	1	1	0	0	0	4	medium	incoming_receiver_captures=1; receiver_accesses=0; incoming_edx_uses=0; calls=1; ecx_pointer_setup=1; ecx_scalar_setup=0; caller_cleanup_calls=0; callee_ret_pop=[4]; expected_stack=4
0	0	0044EDC0	FUN_0044edc0	DEFAULT	undefined FUN_0044edc0(void)	DEFAULT	unknown	__thiscall	AnonReceiver_0044EDC0	/SubmarineTitans/Recovered/HiddenThis/AnonReceiver_0044EDC0	1822		0	0	0	0	0	0	review	incoming_receiver_captures=0; receiver_accesses=1; incoming_edx_uses=0; calls=0; ecx_pointer_setup=0; ecx_scalar_setup=0; caller_cleanup_calls=0; callee_ret_pop=[0]; expected_stack=0
0	0	0045EEE0	FUN_0045eee0	DEFAULT	undefined FUN_0045eee0(void)	DEFAULT	unknown	__thiscall	AnonReceiver_0045EEE0	/SubmarineTitans/Recovered/HiddenThis/AnonReceiver_0045EEE0	1787		0	0	0	0	0	0	review	incoming_receiver_captures=0; receiver_accesses=1; incoming_edx_uses=0; calls=0; ecx_pointer_setup=0; ecx_scalar_setup=0; caller_cleanup_calls=0; callee_ret_pop=[0]; expected_stack=0
0	0	00483880	FUN_00483880	DEFAULT	undefined FUN_00483880(void)	DEFAULT	unknown	__thiscall	AnonReceiver_0041F310	/SubmarineTitans/Recovered/HiddenThis/AnonReceiver_0041F310	1113		0	0	0	0	0	0	review	incoming_receiver_captures=0; receiver_accesses=1; incoming_edx_uses=0; calls=0; ecx_pointer_setup=0; ecx_scalar_setup=0; caller_cleanup_calls=0; callee_ret_pop=[0]; expected_stack=0
0	0	004838B0	FUN_004838b0	DEFAULT	undefined FUN_004838b0(void)	DEFAULT	unknown	__thiscall	AnonReceiver_004838B0	/SubmarineTitans/Recovered/HiddenThis/AnonReceiver_004838B0	1113		0	0	0	0	0	0	review	incoming_receiver_captures=0; receiver_accesses=2; incoming_edx_uses=0; calls=0; ecx_pointer_setup=0; ecx_scalar_setup=0; caller_cleanup_calls=0; callee_ret_pop=[0]; expected_stack=0
0	0	00486A40	FUN_00486a40	DEFAULT	undefined FUN_00486a40(void)	DEFAULT	unknown	__thiscall	AnonReceiver_00486A40	/SubmarineTitans/Recovered/HiddenThis/AnonReceiver_00486A40	1818		0	0	0	0	0	0	review	incoming_receiver_captures=0; receiver_accesses=1; incoming_edx_uses=0; calls=0; ecx_pointer_setup=0; ecx_scalar_setup=0; caller_cleanup_calls=0; callee_ret_pop=[0]; expected_stack=0
0	0	00486A60	FUN_00486a60	DEFAULT	undefined FUN_00486a60(void)	DEFAULT	unknown	__thiscall	AnonReceiver_00486A60	/SubmarineTitans/Recovered/HiddenThis/AnonReceiver_00486A60	1818		0	0	0	0	0	0	review	incoming_receiver_captures=0; receiver_accesses=2; incoming_edx_uses=0; calls=0; ecx_pointer_setup=0; ecx_scalar_setup=0; caller_cleanup_calls=0; callee_ret_pop=[0]; expected_stack=0
0	0	0048D110	FUN_0048d110	DEFAULT	undefined FUN_0048d110(void)	DEFAULT	unknown	__thiscall	AnonReceiver_0048D110	/SubmarineTitans/Recovered/HiddenThis/AnonReceiver_0048D110	1958		0	0	0	0	0	0	review	incoming_receiver_captures=0; receiver_accesses=1; incoming_edx_uses=0; calls=0; ecx_pointer_setup=0; ecx_scalar_setup=0; caller_cleanup_calls=0; callee_ret_pop=[0]; expected_stack=0
1	1	0048DFD0	FUN_0048dfd0	DEFAULT	undefined4 __stdcall FUN_0048dfd0(int param_1, int param_2, uint param_3, int param_4, int param_5, int * param_6, int param_7, short * param_8, short * param_9, short * param_10)	ANALYSIS	__stdcall	__thiscall	AnonReceiver_00405687	/SubmarineTitans/Recovered/HiddenThis/AnonReceiver_00405687	22615	0x0,0x4,0x8,0xC,0x10,0x14,0x18,0x1C,0x20,0x24,0x28,0x2C,0x6C,0x78,0x7C,0x90,0xAC,0xC4,0xC8,0xCC,0xD8,0xE8,0xF8,0x100,0x104,0x124	30	30	0	0	0	40	high	incoming_receiver_captures=2; receiver_accesses=3; incoming_edx_uses=0; calls=30; ecx_pointer_setup=30; ecx_scalar_setup=0; caller_cleanup_calls=0; callee_ret_pop=[40]; expected_stack=40
0	0	00490E70	FUN_00490e70	DEFAULT	undefined FUN_00490e70(void)	DEFAULT	unknown	__thiscall	AnonReceiver_00490E70	/SubmarineTitans/Recovered/HiddenThis/AnonReceiver_00490E70	1783		0	0	0	0	0	0	review	incoming_receiver_captures=0; receiver_accesses=1; incoming_edx_uses=0; calls=0; ecx_pointer_setup=0; ecx_scalar_setup=0; caller_cleanup_calls=0; callee_ret_pop=[0]; expected_stack=0
0	0	00491180	FUN_00491180	DEFAULT	undefined FUN_00491180(void)	DEFAULT	unknown	__thiscall	AnonReceiver_00491180	/SubmarineTitans/Recovered/HiddenThis/AnonReceiver_00491180	1476		0	0	0	0	0	0	review	incoming_receiver_captures=0; receiver_accesses=2; incoming_edx_uses=0; calls=0; ecx_pointer_setup=0; ecx_scalar_setup=0; caller_cleanup_calls=0; callee_ret_pop=[0]; expected_stack=0
0	0	00491930	FUN_00491930	DEFAULT	undefined FUN_00491930(void)	DEFAULT	unknown	__thiscall	AnonReceiver_00491930	/SubmarineTitans/Recovered/HiddenThis/AnonReceiver_00491930	1787		0	0	0	0	0	0	review	incoming_receiver_captures=0; receiver_accesses=3; incoming_edx_uses=0; calls=0; ecx_pointer_setup=0; ecx_scalar_setup=0; caller_cleanup_calls=0; callee_ret_pop=[0]; expected_stack=0
0	0	00493250	FUN_00493250	DEFAULT	undefined FUN_00493250(void)	DEFAULT	unknown	__thiscall	AnonReceiver_00493250	/SubmarineTitans/Recovered/HiddenThis/AnonReceiver_00493250	1998		0	0	0	0	0	0	review	incoming_receiver_captures=0; receiver_accesses=11; incoming_edx_uses=0; calls=0; ecx_pointer_setup=0; ecx_scalar_setup=0; caller_cleanup_calls=0; callee_ret_pop=[0]; expected_stack=0
0	0	00493CA0	FUN_00493ca0	DEFAULT	undefined FUN_00493ca0(void)	DEFAULT	unknown	__thiscall	AnonReceiver_00493CA0	/SubmarineTitans/Recovered/HiddenThis/AnonReceiver_00493CA0	1787		0	0	0	0	0	0	review	incoming_receiver_captures=0; receiver_accesses=1; incoming_edx_uses=0; calls=0; ecx_pointer_setup=0; ecx_scalar_setup=0; caller_cleanup_calls=0; callee_ret_pop=[0]; expected_stack=0
0	0	004952C0	FUN_004952c0	DEFAULT	undefined FUN_004952c0(void)	DEFAULT	unknown	__thiscall	AnonReceiver_004952C0	/SubmarineTitans/Recovered/HiddenThis/AnonReceiver_004952C0	1854		0	0	0	0	0	0	review	incoming_receiver_captures=0; receiver_accesses=1; incoming_edx_uses=0; calls=0; ecx_pointer_setup=0; ecx_scalar_setup=0; caller_cleanup_calls=0; callee_ret_pop=[0]; expected_stack=0
0	0	00497370	FUN_00497370	DEFAULT	undefined4 __stdcall FUN_00497370(int param_1, int param_2, uint param_3, undefined4 param_4, void * param_5)	ANALYSIS	__stdcall	__thiscall	AnonReceiver_00497110	/SubmarineTitans/Recovered/HiddenThis/AnonReceiver_00497110	4		1	1	0	0	0	20	medium	incoming_receiver_captures=1; receiver_accesses=0; incoming_edx_uses=0; calls=1; ecx_pointer_setup=1; ecx_scalar_setup=0; caller_cleanup_calls=0; callee_ret_pop=[20]; expected_stack=20
0	0	004996F0	FUN_004996f0	DEFAULT	undefined FUN_004996f0(void)	DEFAULT	unknown	__thiscall	AnonReceiver_004996F0	/SubmarineTitans/Recovered/HiddenThis/AnonReceiver_004996F0	81		0	0	0	0	0	0	review	incoming_receiver_captures=0; receiver_accesses=1; incoming_edx_uses=0; calls=0; ecx_pointer_setup=0; ecx_scalar_setup=0; caller_cleanup_calls=0; callee_ret_pop=[0]; expected_stack=0
0	0	00499710	FUN_00499710	DEFAULT	undefined FUN_00499710(void)	DEFAULT	unknown	__thiscall	AnonReceiver_00499710	/SubmarineTitans/Recovered/HiddenThis/AnonReceiver_00499710	85		0	0	0	0	0	0	review	incoming_receiver_captures=0; receiver_accesses=1; incoming_edx_uses=0; calls=0; ecx_pointer_setup=0; ecx_scalar_setup=0; caller_cleanup_calls=0; callee_ret_pop=[0]; expected_stack=0
0	0	00499730	FUN_00499730	DEFAULT	undefined FUN_00499730(void)	DEFAULT	unknown	__thiscall	AnonReceiver_00499730	/SubmarineTitans/Recovered/HiddenThis/AnonReceiver_00499730	89		0	0	0	0	0	0	review	incoming_receiver_captures=0; receiver_accesses=1; incoming_edx_uses=0; calls=0; ecx_pointer_setup=0; ecx_scalar_setup=0; caller_cleanup_calls=0; callee_ret_pop=[0]; expected_stack=0
0	0	004A0EC0	FUN_004a0ec0	DEFAULT	undefined FUN_004a0ec0(void)	DEFAULT	unknown	__thiscall	AnonReceiver_004A0EC0	/SubmarineTitans/Recovered/HiddenThis/AnonReceiver_004A0EC0	490		0	0	0	0	0	0	review	incoming_receiver_captures=0; receiver_accesses=1; incoming_edx_uses=0; calls=0; ecx_pointer_setup=0; ecx_scalar_setup=0; caller_cleanup_calls=0; callee_ret_pop=[0]; expected_stack=0
0	0	004B7750	FUN_004b7750	DEFAULT	undefined4 __stdcall FUN_004b7750(undefined4 param_1)	ANALYSIS	__stdcall	__thiscall	AnonReceiver_00405687	/SubmarineTitans/Recovered/HiddenThis/AnonReceiver_00405687	22615	0x0,0x4,0x8,0xC,0x10,0x14,0x18,0x1C,0x20,0x24,0x28,0x2C,0x6C,0x78,0x7C,0x90,0xAC,0xC4,0xC8,0xCC,0xD8,0xE8,0xF8,0x100,0x104,0x124	7	3	0	0	0	4	medium	incoming_receiver_captures=1; receiver_accesses=0; incoming_edx_uses=0; calls=7; ecx_pointer_setup=3; ecx_scalar_setup=0; caller_cleanup_calls=0; callee_ret_pop=[4]; expected_stack=4
0	0	004BE0F0	FUN_004be0f0	DEFAULT	undefined FUN_004be0f0(void)	DEFAULT	unknown	__thiscall	AnonReceiver_004BE0F0	/SubmarineTitans/Recovered/HiddenThis/AnonReceiver_004BE0F0	1456		0	0	0	0	0	0	review	incoming_receiver_captures=0; receiver_accesses=1; incoming_edx_uses=0; calls=0; ecx_pointer_setup=0; ecx_scalar_setup=0; caller_cleanup_calls=0; callee_ret_pop=[0]; expected_stack=0
0	0	004BE110	FUN_004be110	DEFAULT	undefined FUN_004be110(void)	DEFAULT	unknown	__thiscall	AnonReceiver_004BE110	/SubmarineTitans/Recovered/HiddenThis/AnonReceiver_004BE110	574		0	0	0	0	0	0	review	incoming_receiver_captures=0; receiver_accesses=1; incoming_edx_uses=0; calls=0; ecx_pointer_setup=0; ecx_scalar_setup=0; caller_cleanup_calls=0; callee_ret_pop=[0]; expected_stack=0
0	0	004BE140	FUN_004be140	DEFAULT	undefined FUN_004be140(void)	DEFAULT	unknown	__thiscall	AnonReceiver_004BE140	/SubmarineTitans/Recovered/HiddenThis/AnonReceiver_004BE140	585		0	0	0	0	0	0	review	incoming_receiver_captures=0; receiver_accesses=1; incoming_edx_uses=0; calls=0; ecx_pointer_setup=0; ecx_scalar_setup=0; caller_cleanup_calls=0; callee_ret_pop=[0]; expected_stack=0
0	0	004BE160	FUN_004be160	DEFAULT	undefined FUN_004be160(void)	DEFAULT	unknown	__thiscall	AnonReceiver_004BE160	/SubmarineTitans/Recovered/HiddenThis/AnonReceiver_004BE160	1503		0	0	0	0	0	0	review	incoming_receiver_captures=0; receiver_accesses=1; incoming_edx_uses=0; calls=0; ecx_pointer_setup=0; ecx_scalar_setup=0; caller_cleanup_calls=0; callee_ret_pop=[0]; expected_stack=0
0	0	004BE1A0	FUN_004be1a0	DEFAULT	undefined FUN_004be1a0(void)	DEFAULT	unknown	__thiscall	AnonReceiver_004BE1A0	/SubmarineTitans/Recovered/HiddenThis/AnonReceiver_004BE1A0	466	0xF8	0	0	0	0	0	0	review	incoming_receiver_captures=0; receiver_accesses=2; incoming_edx_uses=0; calls=0; ecx_pointer_setup=0; ecx_scalar_setup=0; caller_cleanup_calls=0; callee_ret_pop=[0]; expected_stack=0
0	0	004BE220	FUN_004be220	DEFAULT	undefined FUN_004be220(void)	DEFAULT	unknown	__thiscall	AnonReceiver_004BE220	/SubmarineTitans/Recovered/HiddenThis/AnonReceiver_004BE220	1476		0	0	0	0	0	0	review	incoming_receiver_captures=0; receiver_accesses=1; incoming_edx_uses=0; calls=0; ecx_pointer_setup=0; ecx_scalar_setup=0; caller_cleanup_calls=0; callee_ret_pop=[0]; expected_stack=0
0	0	004BE450	FUN_004be450	DEFAULT	undefined FUN_004be450(void)	DEFAULT	unknown	__thiscall	AnonReceiver_004BE450	/SubmarineTitans/Recovered/HiddenThis/AnonReceiver_004BE450	581		0	0	0	0	0	0	review	incoming_receiver_captures=0; receiver_accesses=1; incoming_edx_uses=0; calls=0; ecx_pointer_setup=0; ecx_scalar_setup=0; caller_cleanup_calls=0; callee_ret_pop=[0]; expected_stack=0
0	0	004C2810	FUN_004c2810	DEFAULT	undefined FUN_004c2810(void)	DEFAULT	unknown	__thiscall	AnonReceiver_004C2810	/SubmarineTitans/Recovered/HiddenThis/AnonReceiver_004C2810	617		0	0	0	0	0	0	review	incoming_receiver_captures=0; receiver_accesses=1; incoming_edx_uses=0; calls=0; ecx_pointer_setup=0; ecx_scalar_setup=0; caller_cleanup_calls=0; callee_ret_pop=[0]; expected_stack=0
0	0	004D6C00	FUN_004d6c00	DEFAULT	undefined FUN_004d6c00(void)	DEFAULT	unknown	__thiscall	AnonReceiver_004D6C00	/SubmarineTitans/Recovered/HiddenThis/AnonReceiver_004D6C00	880		0	0	0	0	0	0	review	incoming_receiver_captures=0; receiver_accesses=1; incoming_edx_uses=0; calls=0; ecx_pointer_setup=0; ecx_scalar_setup=0; caller_cleanup_calls=0; callee_ret_pop=[0]; expected_stack=0
0	0	004D6C20	FUN_004d6c20	DEFAULT	undefined FUN_004d6c20(void)	DEFAULT	unknown	__thiscall	AnonReceiver_004D6C20	/SubmarineTitans/Recovered/HiddenThis/AnonReceiver_004D6C20	744		0	0	0	0	0	0	review	incoming_receiver_captures=0; receiver_accesses=2; incoming_edx_uses=0; calls=0; ecx_pointer_setup=0; ecx_scalar_setup=0; caller_cleanup_calls=0; callee_ret_pop=[0]; expected_stack=0
0	0	004D6C50	FUN_004d6c50	DEFAULT	undefined FUN_004d6c50(void)	DEFAULT	unknown	__thiscall	AnonReceiver_004D6C50	/SubmarineTitans/Recovered/HiddenThis/AnonReceiver_004D6C50	684		0	0	0	0	0	0	review	incoming_receiver_captures=0; receiver_accesses=1; incoming_edx_uses=0; calls=0; ecx_pointer_setup=0; ecx_scalar_setup=0; caller_cleanup_calls=0; callee_ret_pop=[0]; expected_stack=0
0	0	004D6D30	FUN_004d6d30	DEFAULT	undefined FUN_004d6d30(void)	DEFAULT	unknown	__thiscall	AnonReceiver_004D6D30	/SubmarineTitans/Recovered/HiddenThis/AnonReceiver_004D6D30	4		0	0	0	0	0	0	review	incoming_receiver_captures=0; receiver_accesses=1; incoming_edx_uses=0; calls=0; ecx_pointer_setup=0; ecx_scalar_setup=0; caller_cleanup_calls=0; callee_ret_pop=[]; expected_stack=0; stack_discipline_mismatch
0	0	004D7010	FUN_004d7010	DEFAULT	undefined FUN_004d7010(void)	DEFAULT	unknown	__thiscall	AnonReceiver_004D7010	/SubmarineTitans/Recovered/HiddenThis/AnonReceiver_004D7010	285		0	0	0	0	0	0	review	incoming_receiver_captures=0; receiver_accesses=2; incoming_edx_uses=0; calls=0; ecx_pointer_setup=0; ecx_scalar_setup=0; caller_cleanup_calls=0; callee_ret_pop=[0]; expected_stack=0
0	0	004D76E0	FUN_004d76e0	DEFAULT	undefined4 __stdcall FUN_004d76e0(char param_1, int param_2, int param_3, int param_4, int param_5, int param_6, int param_7)	ANALYSIS	__stdcall	__thiscall	AnonReceiver_00405687	/SubmarineTitans/Recovered/HiddenThis/AnonReceiver_00405687	22615	0x0,0x4,0x8,0xC,0x10,0x14,0x18,0x1C,0x20,0x24,0x28,0x2C,0x6C,0x78,0x7C,0x90,0xAC,0xC4,0xC8,0xCC,0xD8,0xE8,0xF8,0x100,0x104,0x124	6	6	0	0	0	28	medium	incoming_receiver_captures=1; receiver_accesses=0; incoming_edx_uses=0; calls=6; ecx_pointer_setup=6; ecx_scalar_setup=0; caller_cleanup_calls=0; callee_ret_pop=[28]; expected_stack=28
0	0	004D7C10	FUN_004d7c10	DEFAULT	undefined4 __stdcall FUN_004d7c10(char param_1, int param_2, int param_3, int param_4)	ANALYSIS	__stdcall	__thiscall	AnonReceiver_00405687	/SubmarineTitans/Recovered/HiddenThis/AnonReceiver_00405687	22615	0x0,0x4,0x8,0xC,0x10,0x14,0x18,0x1C,0x20,0x24,0x28,0x2C,0x6C,0x78,0x7C,0x90,0xAC,0xC4,0xC8,0xCC,0xD8,0xE8,0xF8,0x100,0x104,0x124	4	4	0	0	0	16	medium	incoming_receiver_captures=1; receiver_accesses=0; incoming_edx_uses=0; calls=4; ecx_pointer_setup=4; ecx_scalar_setup=0; caller_cleanup_calls=0; callee_ret_pop=[16]; expected_stack=16
0	0	004D7D30	FUN_004d7d30	DEFAULT	undefined4 __stdcall FUN_004d7d30(char param_1, int param_2, int param_3, int param_4)	ANALYSIS	__stdcall	__thiscall	AnonReceiver_00405687	/SubmarineTitans/Recovered/HiddenThis/AnonReceiver_00405687	22615	0x0,0x4,0x8,0xC,0x10,0x14,0x18,0x1C,0x20,0x24,0x28,0x2C,0x6C,0x78,0x7C,0x90,0xAC,0xC4,0xC8,0xCC,0xD8,0xE8,0xF8,0x100,0x104,0x124	4	4	0	0	0	16	medium	incoming_receiver_captures=1; receiver_accesses=0; incoming_edx_uses=0; calls=4; ecx_pointer_setup=4; ecx_scalar_setup=0; caller_cleanup_calls=0; callee_ret_pop=[16]; expected_stack=16
0	0	004D7E50	FUN_004d7e50	DEFAULT	undefined4 __stdcall FUN_004d7e50(char param_1, int param_2, int param_3, int param_4)	ANALYSIS	__stdcall	__thiscall	AnonReceiver_00405687	/SubmarineTitans/Recovered/HiddenThis/AnonReceiver_00405687	22615	0x0,0x4,0x8,0xC,0x10,0x14,0x18,0x1C,0x20,0x24,0x28,0x2C,0x6C,0x78,0x7C,0x90,0xAC,0xC4,0xC8,0xCC,0xD8,0xE8,0xF8,0x100,0x104,0x124	5	5	0	0	0	16	medium	incoming_receiver_captures=1; receiver_accesses=0; incoming_edx_uses=0; calls=5; ecx_pointer_setup=5; ecx_scalar_setup=0; caller_cleanup_calls=0; callee_ret_pop=[16]; expected_stack=16
0	0	004D7F70	FUN_004d7f70	DEFAULT	undefined4 __stdcall FUN_004d7f70(char param_1, int param_2, int param_3, int param_4)	ANALYSIS	__stdcall	__thiscall	AnonReceiver_00405687	/SubmarineTitans/Recovered/HiddenThis/AnonReceiver_00405687	22615	0x0,0x4,0x8,0xC,0x10,0x14,0x18,0x1C,0x20,0x24,0x28,0x2C,0x6C,0x78,0x7C,0x90,0xAC,0xC4,0xC8,0xCC,0xD8,0xE8,0xF8,0x100,0x104,0x124	2	2	0	0	0	16	medium	incoming_receiver_captures=1; receiver_accesses=0; incoming_edx_uses=0; calls=2; ecx_pointer_setup=2; ecx_scalar_setup=0; caller_cleanup_calls=0; callee_ret_pop=[16]; expected_stack=16
0	0	004D8B70	FUN_004d8b70	DEFAULT	undefined4 __stdcall FUN_004d8b70(char param_1)	ANALYSIS	__stdcall	__thiscall	AnonReceiver_00405687	/SubmarineTitans/Recovered/HiddenThis/AnonReceiver_00405687	22615	0x0,0x4,0x8,0xC,0x10,0x14,0x18,0x1C,0x20,0x24,0x28,0x2C,0x6C,0x78,0x7C,0x90,0xAC,0xC4,0xC8,0xCC,0xD8,0xE8,0xF8,0x100,0x104,0x124	48	46	0	0	0	4	medium	incoming_receiver_captures=1; receiver_accesses=0; incoming_edx_uses=0; calls=48; ecx_pointer_setup=46; ecx_scalar_setup=0; caller_cleanup_calls=0; callee_ret_pop=[4]; expected_stack=4
0	0	004D96B0	FUN_004d96b0	DEFAULT	undefined4 __stdcall FUN_004d96b0(void)	ANALYSIS	__stdcall	__thiscall	AnonReceiver_00405687	/SubmarineTitans/Recovered/HiddenThis/AnonReceiver_00405687	22615	0x0,0x4,0x8,0xC,0x10,0x14,0x18,0x1C,0x20,0x24,0x28,0x2C,0x6C,0x78,0x7C,0x90,0xAC,0xC4,0xC8,0xCC,0xD8,0xE8,0xF8,0x100,0x104,0x124	1	1	0	0	0	0	medium	incoming_receiver_captures=1; receiver_accesses=0; incoming_edx_uses=0; calls=1; ecx_pointer_setup=1; ecx_scalar_setup=0; caller_cleanup_calls=0; callee_ret_pop=[0]; expected_stack=0
0	0	004E5990	FUN_004e5990	DEFAULT	int __stdcall FUN_004e5990(int param_1, uint param_2, int param_3)	ANALYSIS	__stdcall	__thiscall	AnonReceiver_00405687	/SubmarineTitans/Recovered/HiddenThis/AnonReceiver_00405687	22615	0x0,0x4,0x8,0xC,0x10,0x14,0x18,0x1C,0x20,0x24,0x28,0x2C,0x6C,0x78,0x7C,0x90,0xAC,0xC4,0xC8,0xCC,0xD8,0xE8,0xF8,0x100,0x104,0x124	1	1	0	0	0	12	medium	incoming_receiver_captures=1; receiver_accesses=0; incoming_edx_uses=0; calls=1; ecx_pointer_setup=1; ecx_scalar_setup=0; caller_cleanup_calls=0; callee_ret_pop=[12]; expected_stack=12
0	0	004E5CC0	FUN_004e5cc0	DEFAULT	int __stdcall FUN_004e5cc0(int param_1, uint param_2, int param_3)	ANALYSIS	__stdcall	__thiscall	AnonReceiver_00405687	/SubmarineTitans/Recovered/HiddenThis/AnonReceiver_00405687	22615	0x0,0x4,0x8,0xC,0x10,0x14,0x18,0x1C,0x20,0x24,0x28,0x2C,0x6C,0x78,0x7C,0x90,0xAC,0xC4,0xC8,0xCC,0xD8,0xE8,0xF8,0x100,0x104,0x124	3	3	0	0	0	12	medium	incoming_receiver_captures=1; receiver_accesses=0; incoming_edx_uses=0; calls=3; ecx_pointer_setup=3; ecx_scalar_setup=0; caller_cleanup_calls=0; callee_ret_pop=[12]; expected_stack=12
0	0	004E5E30	FUN_004e5e30	DEFAULT	int __stdcall FUN_004e5e30(int param_1, uint * param_2)	ANALYSIS	__stdcall	__thiscall	AnonReceiver_00405687	/SubmarineTitans/Recovered/HiddenThis/AnonReceiver_00405687	22615	0x0,0x4,0x8,0xC,0x10,0x14,0x18,0x1C,0x20,0x24,0x28,0x2C,0x6C,0x78,0x7C,0x90,0xAC,0xC4,0xC8,0xCC,0xD8,0xE8,0xF8,0x100,0x104,0x124	0	0	0	0	0	8	review	incoming_receiver_captures=1; receiver_accesses=0; incoming_edx_uses=0; calls=0; ecx_pointer_setup=0; ecx_scalar_setup=0; caller_cleanup_calls=0; callee_ret_pop=[8]; expected_stack=8
0	0	004E6310	FUN_004e6310	DEFAULT	undefined __stdcall FUN_004e6310(int param_1, uint param_2, uint param_3)	ANALYSIS	__stdcall	__thiscall	AnonReceiver_00405687	/SubmarineTitans/Recovered/HiddenThis/AnonReceiver_00405687	22615	0x0,0x4,0x8,0xC,0x10,0x14,0x18,0x1C,0x20,0x24,0x28,0x2C,0x6C,0x78,0x7C,0x90,0xAC,0xC4,0xC8,0xCC,0xD8,0xE8,0xF8,0x100,0x104,0x124	5	4	0	0	0	12	medium	incoming_receiver_captures=1; receiver_accesses=0; incoming_edx_uses=0; calls=5; ecx_pointer_setup=4; ecx_scalar_setup=0; caller_cleanup_calls=0; callee_ret_pop=[12]; expected_stack=12
0	0	004E6680	FUN_004e6680	DEFAULT	undefined __stdcall FUN_004e6680(int param_1)	ANALYSIS	__stdcall	__thiscall	AnonReceiver_00405687	/SubmarineTitans/Recovered/HiddenThis/AnonReceiver_00405687	22615	0x0,0x4,0x8,0xC,0x10,0x14,0x18,0x1C,0x20,0x24,0x28,0x2C,0x6C,0x78,0x7C,0x90,0xAC,0xC4,0xC8,0xCC,0xD8,0xE8,0xF8,0x100,0x104,0x124	1	1	0	0	0	4	medium	incoming_receiver_captures=1; receiver_accesses=0; incoming_edx_uses=0; calls=1; ecx_pointer_setup=1; ecx_scalar_setup=0; caller_cleanup_calls=0; callee_ret_pop=[4]; expected_stack=4
0	0	004E68A0	FUN_004e68a0	DEFAULT	undefined __stdcall FUN_004e68a0(int param_1, undefined1 * param_2, uint param_3, undefined4 * param_4)	ANALYSIS	__stdcall	__thiscall	AnonReceiver_00405687	/SubmarineTitans/Recovered/HiddenThis/AnonReceiver_00405687	22615	0x0,0x4,0x8,0xC,0x10,0x14,0x18,0x1C,0x20,0x24,0x28,0x2C,0x6C,0x78,0x7C,0x90,0xAC,0xC4,0xC8,0xCC,0xD8,0xE8,0xF8,0x100,0x104,0x124	2	2	0	0	0	16	medium	incoming_receiver_captures=1; receiver_accesses=0; incoming_edx_uses=0; calls=2; ecx_pointer_setup=2; ecx_scalar_setup=0; caller_cleanup_calls=0; callee_ret_pop=[16]; expected_stack=16
0	0	004E6A80	FUN_004e6a80	DEFAULT	int __stdcall FUN_004e6a80(int param_1, int param_2)	ANALYSIS	__stdcall	__thiscall	AnonReceiver_00405687	/SubmarineTitans/Recovered/HiddenThis/AnonReceiver_00405687	22615	0x0,0x4,0x8,0xC,0x10,0x14,0x18,0x1C,0x20,0x24,0x28,0x2C,0x6C,0x78,0x7C,0x90,0xAC,0xC4,0xC8,0xCC,0xD8,0xE8,0xF8,0x100,0x104,0x124	9	4	0	0	0	8	medium	incoming_receiver_captures=1; receiver_accesses=0; incoming_edx_uses=0; calls=9; ecx_pointer_setup=4; ecx_scalar_setup=0; caller_cleanup_calls=0; callee_ret_pop=[8]; expected_stack=8
0	0	004E6B40	FUN_004e6b40	DEFAULT	undefined __stdcall FUN_004e6b40(int param_1, int param_2, uint * param_3)	ANALYSIS	__stdcall	__thiscall	AnonReceiver_00405687	/SubmarineTitans/Recovered/HiddenThis/AnonReceiver_00405687	22615	0x0,0x4,0x8,0xC,0x10,0x14,0x18,0x1C,0x20,0x24,0x28,0x2C,0x6C,0x78,0x7C,0x90,0xAC,0xC4,0xC8,0xCC,0xD8,0xE8,0xF8,0x100,0x104,0x124	1	1	0	0	0	12	medium	incoming_receiver_captures=1; receiver_accesses=0; incoming_edx_uses=0; calls=1; ecx_pointer_setup=1; ecx_scalar_setup=0; caller_cleanup_calls=0; callee_ret_pop=[12]; expected_stack=12
0	0	004E6C20	FUN_004e6c20	DEFAULT	int __stdcall FUN_004e6c20(int param_1, int param_2)	ANALYSIS	__stdcall	__thiscall	AnonReceiver_00405687	/SubmarineTitans/Recovered/HiddenThis/AnonReceiver_00405687	22615	0x0,0x4,0x8,0xC,0x10,0x14,0x18,0x1C,0x20,0x24,0x28,0x2C,0x6C,0x78,0x7C,0x90,0xAC,0xC4,0xC8,0xCC,0xD8,0xE8,0xF8,0x100,0x104,0x124	8	3	0	0	0	8	medium	incoming_receiver_captures=1; receiver_accesses=0; incoming_edx_uses=0; calls=8; ecx_pointer_setup=3; ecx_scalar_setup=0; caller_cleanup_calls=0; callee_ret_pop=[8]; expected_stack=8
0	0	004E6F00	FUN_004e6f00	DEFAULT	int __stdcall FUN_004e6f00(int param_1)	ANALYSIS	__stdcall	__thiscall	AnonReceiver_00405687	/SubmarineTitans/Recovered/HiddenThis/AnonReceiver_00405687	22615	0x0,0x4,0x8,0xC,0x10,0x14,0x18,0x1C,0x20,0x24,0x28,0x2C,0x6C,0x78,0x7C,0x90,0xAC,0xC4,0xC8,0xCC,0xD8,0xE8,0xF8,0x100,0x104,0x124	1	1	0	0	0	4	medium	incoming_receiver_captures=1; receiver_accesses=0; incoming_edx_uses=0; calls=1; ecx_pointer_setup=1; ecx_scalar_setup=0; caller_cleanup_calls=0; callee_ret_pop=[4]; expected_stack=4
0	0	004E6FE0	FUN_004e6fe0	DEFAULT	int __stdcall FUN_004e6fe0(int param_1)	ANALYSIS	__stdcall	__thiscall	AnonReceiver_00405687	/SubmarineTitans/Recovered/HiddenThis/AnonReceiver_00405687	22615	0x0,0x4,0x8,0xC,0x10,0x14,0x18,0x1C,0x20,0x24,0x28,0x2C,0x6C,0x78,0x7C,0x90,0xAC,0xC4,0xC8,0xCC,0xD8,0xE8,0xF8,0x100,0x104,0x124	3	1	0	0	0	4	medium	incoming_receiver_captures=1; receiver_accesses=0; incoming_edx_uses=0; calls=3; ecx_pointer_setup=1; ecx_scalar_setup=0; caller_cleanup_calls=0; callee_ret_pop=[4]; expected_stack=4
0	0	004E70F0	FUN_004e70f0	DEFAULT	undefined __stdcall FUN_004e70f0(int param_1, int param_2, undefined4 * param_3, uint * param_4)	ANALYSIS	__stdcall	__thiscall	AnonReceiver_00405687	/SubmarineTitans/Recovered/HiddenThis/AnonReceiver_00405687	22615	0x0,0x4,0x8,0xC,0x10,0x14,0x18,0x1C,0x20,0x24,0x28,0x2C,0x6C,0x78,0x7C,0x90,0xAC,0xC4,0xC8,0xCC,0xD8,0xE8,0xF8,0x100,0x104,0x124	0	0	0	0	0	16	review	incoming_receiver_captures=1; receiver_accesses=0; incoming_edx_uses=0; calls=0; ecx_pointer_setup=0; ecx_scalar_setup=0; caller_cleanup_calls=0; callee_ret_pop=[16]; expected_stack=16
0	0	004E7230	FUN_004e7230	DEFAULT	undefined __stdcall FUN_004e7230(int param_1, int param_2, undefined4 * param_3, undefined4 * param_4)	ANALYSIS	__stdcall	__thiscall	AnonReceiver_00405687	/SubmarineTitans/Recovered/HiddenThis/AnonReceiver_00405687	22615	0x0,0x4,0x8,0xC,0x10,0x14,0x18,0x1C,0x20,0x24,0x28,0x2C,0x6C,0x78,0x7C,0x90,0xAC,0xC4,0xC8,0xCC,0xD8,0xE8,0xF8,0x100,0x104,0x124	1	1	0	0	0	16	medium	incoming_receiver_captures=1; receiver_accesses=0; incoming_edx_uses=0; calls=1; ecx_pointer_setup=1; ecx_scalar_setup=0; caller_cleanup_calls=0; callee_ret_pop=[16]; expected_stack=16
0	0	004E7390	FUN_004e7390	DEFAULT	undefined __stdcall FUN_004e7390(int param_1, uint param_2, uint param_3, int param_4)	ANALYSIS	__stdcall	__thiscall	AnonReceiver_00405687	/SubmarineTitans/Recovered/HiddenThis/AnonReceiver_00405687	22615	0x0,0x4,0x8,0xC,0x10,0x14,0x18,0x1C,0x20,0x24,0x28,0x2C,0x6C,0x78,0x7C,0x90,0xAC,0xC4,0xC8,0xCC,0xD8,0xE8,0xF8,0x100,0x104,0x124	1	1	0	0	0	16	medium	incoming_receiver_captures=1; receiver_accesses=0; incoming_edx_uses=0; calls=1; ecx_pointer_setup=1; ecx_scalar_setup=0; caller_cleanup_calls=0; callee_ret_pop=[16]; expected_stack=16
0	0	004E76E0	FUN_004e76e0	DEFAULT	undefined4 __stdcall FUN_004e76e0(int param_1, uint * param_2, undefined1 param_3)	ANALYSIS	__stdcall	__thiscall	AnonReceiver_00405687	/SubmarineTitans/Recovered/HiddenThis/AnonReceiver_00405687	22615	0x0,0x4,0x8,0xC,0x10,0x14,0x18,0x1C,0x20,0x24,0x28,0x2C,0x6C,0x78,0x7C,0x90,0xAC,0xC4,0xC8,0xCC,0xD8,0xE8,0xF8,0x100,0x104,0x124	2	2	0	0	0	12	medium	incoming_receiver_captures=1; receiver_accesses=0; incoming_edx_uses=0; calls=2; ecx_pointer_setup=2; ecx_scalar_setup=0; caller_cleanup_calls=0; callee_ret_pop=[12]; expected_stack=12
0	0	004E7980	FUN_004e7980	DEFAULT	undefined4 __stdcall FUN_004e7980(uint * param_1, int param_2, undefined1 param_3)	ANALYSIS	__stdcall	__thiscall	AnonReceiver_00405687	/SubmarineTitans/Recovered/HiddenThis/AnonReceiver_00405687	22615	0x0,0x4,0x8,0xC,0x10,0x14,0x18,0x1C,0x20,0x24,0x28,0x2C,0x6C,0x78,0x7C,0x90,0xAC,0xC4,0xC8,0xCC,0xD8,0xE8,0xF8,0x100,0x104,0x124	2	2	0	0	0	12	medium	incoming_receiver_captures=1; receiver_accesses=0; incoming_edx_uses=0; calls=2; ecx_pointer_setup=2; ecx_scalar_setup=0; caller_cleanup_calls=0; callee_ret_pop=[12]; expected_stack=12
0	0	004E7D70	FUN_004e7d70	DEFAULT	undefined4 __stdcall FUN_004e7d70(int param_1)	ANALYSIS	__stdcall	__thiscall	AnonReceiver_00405687	/SubmarineTitans/Recovered/HiddenThis/AnonReceiver_00405687	22615	0x0,0x4,0x8,0xC,0x10,0x14,0x18,0x1C,0x20,0x24,0x28,0x2C,0x6C,0x78,0x7C,0x90,0xAC,0xC4,0xC8,0xCC,0xD8,0xE8,0xF8,0x100,0x104,0x124	2	1	0	0	0	4	medium	incoming_receiver_captures=1; receiver_accesses=0; incoming_edx_uses=0; calls=2; ecx_pointer_setup=1; ecx_scalar_setup=0; caller_cleanup_calls=0; callee_ret_pop=[4]; expected_stack=4
0	0	004E7E10	FUN_004e7e10	DEFAULT	undefined4 __stdcall FUN_004e7e10(uint * param_1)	ANALYSIS	__stdcall	__thiscall	AnonReceiver_00405687	/SubmarineTitans/Recovered/HiddenThis/AnonReceiver_00405687	22615	0x0,0x4,0x8,0xC,0x10,0x14,0x18,0x1C,0x20,0x24,0x28,0x2C,0x6C,0x78,0x7C,0x90,0xAC,0xC4,0xC8,0xCC,0xD8,0xE8,0xF8,0x100,0x104,0x124	1	1	0	0	0	4	medium	incoming_receiver_captures=1; receiver_accesses=0; incoming_edx_uses=0; calls=1; ecx_pointer_setup=1; ecx_scalar_setup=0; caller_cleanup_calls=0; callee_ret_pop=[4]; expected_stack=4
0	0	00512BE0	FUN_00512be0	DEFAULT	undefined __stdcall FUN_00512be0(int param_1)	ANALYSIS	__stdcall	__thiscall	AnonReceiver_00405687	/SubmarineTitans/Recovered/HiddenThis/AnonReceiver_00405687	22615	0x0,0x4,0x8,0xC,0x10,0x14,0x18,0x1C,0x20,0x24,0x28,0x2C,0x6C,0x78,0x7C,0x90,0xAC,0xC4,0xC8,0xCC,0xD8,0xE8,0xF8,0x100,0x104,0x124	1	1	0	0	0	4	medium	incoming_receiver_captures=1; receiver_accesses=22; incoming_edx_uses=0; calls=1; ecx_pointer_setup=1; ecx_scalar_setup=0; caller_cleanup_calls=0; callee_ret_pop=[4]; expected_stack=4
0	0	00522810	FUN_00522810	DEFAULT	undefined __stdcall FUN_00522810(char * param_1)	ANALYSIS	__stdcall	__thiscall	AnonReceiver_00521CF0	/SubmarineTitans/Recovered/HiddenThis/AnonReceiver_00521CF0	421		2	0	0	0	0	4	review	incoming_receiver_captures=1; receiver_accesses=0; incoming_edx_uses=0; calls=2; ecx_pointer_setup=0; ecx_scalar_setup=0; caller_cleanup_calls=0; callee_ret_pop=[4]; expected_stack=4
0	0	005335E0	FUN_005335e0	DEFAULT	undefined __stdcall FUN_005335e0(void)	ANALYSIS	__stdcall	__thiscall	AnonReceiver_005335E0	/SubmarineTitans/Recovered/HiddenThis/AnonReceiver_005335E0	56	0x0	1	1	0	0	0	0	medium	incoming_receiver_captures=1; receiver_accesses=3; incoming_edx_uses=0; calls=1; ecx_pointer_setup=1; ecx_scalar_setup=0; caller_cleanup_calls=0; callee_ret_pop=[0]; expected_stack=0
1	1	0054A9B0	FUN_0054a9b0	DEFAULT	undefined __stdcall FUN_0054a9b0(float param_1, float param_2, float param_3)	ANALYSIS	__stdcall	__thiscall	AnonReceiver_00548C40	/SubmarineTitans/Recovered/HiddenThis/AnonReceiver_00548C40	1275		16	16	0	0	0	12	high	incoming_receiver_captures=1; receiver_accesses=18; incoming_edx_uses=0; calls=16; ecx_pointer_setup=16; ecx_scalar_setup=0; caller_cleanup_calls=0; callee_ret_pop=[12]; expected_stack=12
0	0	0054CDD0	FUN_0054cdd0	DEFAULT	int __stdcall FUN_0054cdd0(undefined4 * param_1, int param_2, undefined4 * param_3, int * param_4, int * param_5, undefined4 param_6)	ANALYSIS	__stdcall	__thiscall	AnonReceiver_0054CBB0	/SubmarineTitans/Recovered/HiddenThis/AnonReceiver_0054CBB0	4	0x8	1	1	0	0	0	24	medium	incoming_receiver_captures=1; receiver_accesses=0; incoming_edx_uses=0; calls=1; ecx_pointer_setup=1; ecx_scalar_setup=0; caller_cleanup_calls=0; callee_ret_pop=[24]; expected_stack=24
0	0	0055C550	FUN_0055c550	DEFAULT	undefined FUN_0055c550(void)	DEFAULT	unknown	__thiscall	AnonReceiver_0055C550	/SubmarineTitans/Recovered/HiddenThis/AnonReceiver_0055C550	31		0	0	0	0	0	0	review	incoming_receiver_captures=0; receiver_accesses=2; incoming_edx_uses=0; calls=0; ecx_pointer_setup=0; ecx_scalar_setup=0; caller_cleanup_calls=0; callee_ret_pop=[4]; expected_stack=0; stack_discipline_mismatch
0	0	00566600	FUN_00566600	DEFAULT	int __stdcall FUN_00566600(int param_1)	ANALYSIS	__stdcall	__thiscall	AnonReceiver_00405687	/SubmarineTitans/Recovered/HiddenThis/AnonReceiver_00405687	22615	0x0,0x4,0x8,0xC,0x10,0x14,0x18,0x1C,0x20,0x24,0x28,0x2C,0x6C,0x78,0x7C,0x90,0xAC,0xC4,0xC8,0xCC,0xD8,0xE8,0xF8,0x100,0x104,0x124	3	0	0	0	0	4	review	incoming_receiver_captures=1; receiver_accesses=13; incoming_edx_uses=0; calls=3; ecx_pointer_setup=0; ecx_scalar_setup=0; caller_cleanup_calls=0; callee_ret_pop=[4]; expected_stack=4
0	0	0056A820	FUN_0056a820	DEFAULT	undefined FUN_0056a820(void)	DEFAULT	unknown	__thiscall	AnonReceiver_0056A820	/SubmarineTitans/Recovered/HiddenThis/AnonReceiver_0056A820	4		0	0	0	0	0	0	review	incoming_receiver_captures=0; receiver_accesses=1; incoming_edx_uses=0; calls=0; ecx_pointer_setup=0; ecx_scalar_setup=0; caller_cleanup_calls=0; callee_ret_pop=[]; expected_stack=0; stack_discipline_mismatch
1	1	00573260	FUN_00573260	DEFAULT	undefined __stdcall FUN_00573260(void)	ANALYSIS	__stdcall	__thiscall	AnonReceiver_00571CD0	/SubmarineTitans/Recovered/HiddenThis/AnonReceiver_00571CD0	3567		3	3	0	0	0	0	high	incoming_receiver_captures=1; receiver_accesses=12; incoming_edx_uses=0; calls=3; ecx_pointer_setup=3; ecx_scalar_setup=0; caller_cleanup_calls=0; callee_ret_pop=[0]; expected_stack=0
0	0	0057A2A0	FUN_0057a2a0	DEFAULT	undefined FUN_0057a2a0(void)	DEFAULT	unknown	__thiscall	AnonReceiver_0057A2A0	/SubmarineTitans/Recovered/HiddenThis/AnonReceiver_0057A2A0	637		0	0	0	0	0	0	review	incoming_receiver_captures=0; receiver_accesses=1; incoming_edx_uses=0; calls=0; ecx_pointer_setup=0; ecx_scalar_setup=0; caller_cleanup_calls=0; callee_ret_pop=[0]; expected_stack=0
0	0	0057DFB0	FUN_0057dfb0	DEFAULT	undefined FUN_0057dfb0(void)	DEFAULT	unknown	__thiscall	AnonReceiver_0057DFB0	/SubmarineTitans/Recovered/HiddenThis/AnonReceiver_0057DFB0	619		0	0	0	0	0	0	review	incoming_receiver_captures=0; receiver_accesses=1; incoming_edx_uses=0; calls=0; ecx_pointer_setup=0; ecx_scalar_setup=0; caller_cleanup_calls=0; callee_ret_pop=[0]; expected_stack=0
0	0	005808E0	FUN_005808e0	DEFAULT	undefined FUN_005808e0(void)	DEFAULT	unknown	__thiscall	AnonReceiver_005808E0	/SubmarineTitans/Recovered/HiddenThis/AnonReceiver_005808E0	609		0	0	0	0	0	0	review	incoming_receiver_captures=0; receiver_accesses=2; incoming_edx_uses=0; calls=0; ecx_pointer_setup=0; ecx_scalar_setup=0; caller_cleanup_calls=0; callee_ret_pop=[0]; expected_stack=0
0	0	00580F20	FUN_00580f20	DEFAULT	undefined FUN_00580f20(void)	DEFAULT	unknown	__thiscall	AnonReceiver_00580F20	/SubmarineTitans/Recovered/HiddenThis/AnonReceiver_00580F20	609		0	0	0	0	0	0	review	incoming_receiver_captures=0; receiver_accesses=1; incoming_edx_uses=0; calls=0; ecx_pointer_setup=0; ecx_scalar_setup=0; caller_cleanup_calls=0; callee_ret_pop=[0]; expected_stack=0
0	0	00580F50	FUN_00580f50	DEFAULT	undefined __stdcall FUN_00580f50(void)	ANALYSIS	__stdcall	__thiscall	AnonReceiver_00580F50	/SubmarineTitans/Recovered/HiddenThis/AnonReceiver_00580F50	4		1	1	0	0	0	0	medium	incoming_receiver_captures=1; receiver_accesses=0; incoming_edx_uses=0; calls=1; ecx_pointer_setup=1; ecx_scalar_setup=0; caller_cleanup_calls=0; callee_ret_pop=[0]; expected_stack=0
0	0	00580FA0	FUN_00580fa0	DEFAULT	undefined __stdcall FUN_00580fa0(void)	ANALYSIS	__stdcall	__thiscall	AnonReceiver_00405687	/SubmarineTitans/Recovered/HiddenThis/AnonReceiver_00405687	22615	0x0,0x4,0x8,0xC,0x10,0x14,0x18,0x1C,0x20,0x24,0x28,0x2C,0x6C,0x78,0x7C,0x90,0xAC,0xC4,0xC8,0xCC,0xD8,0xE8,0xF8,0x100,0x104,0x124	1	1	0	0	0	0	medium	incoming_receiver_captures=1; receiver_accesses=0; incoming_edx_uses=0; calls=1; ecx_pointer_setup=1; ecx_scalar_setup=0; caller_cleanup_calls=0; callee_ret_pop=[0]; expected_stack=0
0	0	00580FF0	FUN_00580ff0	DEFAULT	undefined __stdcall FUN_00580ff0(undefined2 param_1, undefined2 param_2)	ANALYSIS	__stdcall	__thiscall	AnonReceiver_005803C0	/SubmarineTitans/Recovered/HiddenThis/AnonReceiver_005803C0	621		1	1	0	0	0	8	medium	incoming_receiver_captures=1; receiver_accesses=0; incoming_edx_uses=0; calls=1; ecx_pointer_setup=1; ecx_scalar_setup=0; caller_cleanup_calls=0; callee_ret_pop=[8]; expected_stack=8
0	0	00581060	FUN_00581060	DEFAULT	undefined __stdcall FUN_00581060(void)	ANALYSIS	__stdcall	__thiscall	AnonReceiver_005803E0	/SubmarineTitans/Recovered/HiddenThis/AnonReceiver_005803E0	621		1	1	0	0	0	0	medium	incoming_receiver_captures=1; receiver_accesses=0; incoming_edx_uses=0; calls=1; ecx_pointer_setup=1; ecx_scalar_setup=0; caller_cleanup_calls=0; callee_ret_pop=[0]; expected_stack=0
0	0	005810B0	FUN_005810b0	DEFAULT	undefined FUN_005810b0(void)	DEFAULT	unknown	__thiscall	AnonReceiver_005810B0	/SubmarineTitans/Recovered/HiddenThis/AnonReceiver_005810B0	601		0	0	0	0	0	0	review	incoming_receiver_captures=0; receiver_accesses=1; incoming_edx_uses=0; calls=0; ecx_pointer_setup=0; ecx_scalar_setup=0; caller_cleanup_calls=0; callee_ret_pop=[0]; expected_stack=0
0	0	0058BA10	FUN_0058ba10	DEFAULT	undefined FUN_0058ba10(void)	DEFAULT	unknown	__thiscall	AnonReceiver_0058BA10	/SubmarineTitans/Recovered/HiddenThis/AnonReceiver_0058BA10	681		0	0	0	0	0	0	review	incoming_receiver_captures=0; receiver_accesses=1; incoming_edx_uses=0; calls=0; ecx_pointer_setup=0; ecx_scalar_setup=0; caller_cleanup_calls=0; callee_ret_pop=[0]; expected_stack=0
0	0	005C29B0	FUN_005c29b0	DEFAULT	undefined __stdcall FUN_005c29b0(char param_1)	ANALYSIS	__stdcall	__thiscall	AnonReceiver_00405687	/SubmarineTitans/Recovered/HiddenThis/AnonReceiver_00405687	22615	0x0,0x4,0x8,0xC,0x10,0x14,0x18,0x1C,0x20,0x24,0x28,0x2C,0x6C,0x78,0x7C,0x90,0xAC,0xC4,0xC8,0xCC,0xD8,0xE8,0xF8,0x100,0x104,0x124	1	1	0	0	0	4	medium	incoming_receiver_captures=1; receiver_accesses=151; incoming_edx_uses=0; calls=1; ecx_pointer_setup=1; ecx_scalar_setup=0; caller_cleanup_calls=0; callee_ret_pop=[4]; expected_stack=4
0	0	005C8200	FUN_005c8200	DEFAULT	undefined __stdcall FUN_005c8200(void)	ANALYSIS	__stdcall	__thiscall	AnonReceiver_00405687	/SubmarineTitans/Recovered/HiddenThis/AnonReceiver_00405687	22615	0x0,0x4,0x8,0xC,0x10,0x14,0x18,0x1C,0x20,0x24,0x28,0x2C,0x6C,0x78,0x7C,0x90,0xAC,0xC4,0xC8,0xCC,0xD8,0xE8,0xF8,0x100,0x104,0x124	1	1	0	0	0	0	medium	incoming_receiver_captures=2; receiver_accesses=22; incoming_edx_uses=0; calls=1; ecx_pointer_setup=1; ecx_scalar_setup=0; caller_cleanup_calls=0; callee_ret_pop=[0]; expected_stack=0
0	0	005DA7A0	FUN_005da7a0	DEFAULT	undefined4 __stdcall FUN_005da7a0(void)	ANALYSIS	__stdcall	__thiscall	AnonReceiver_00405687	/SubmarineTitans/Recovered/HiddenThis/AnonReceiver_00405687	22615	0x0,0x4,0x8,0xC,0x10,0x14,0x18,0x1C,0x20,0x24,0x28,0x2C,0x6C,0x78,0x7C,0x90,0xAC,0xC4,0xC8,0xCC,0xD8,0xE8,0xF8,0x100,0x104,0x124	1	1	0	0	0	0	medium	incoming_receiver_captures=1; receiver_accesses=7; incoming_edx_uses=0; calls=1; ecx_pointer_setup=1; ecx_scalar_setup=0; caller_cleanup_calls=0; callee_ret_pop=[0]; expected_stack=0
0	0	005DA980	FUN_005da980	DEFAULT	undefined4 __stdcall FUN_005da980(int param_1)	ANALYSIS	__stdcall	__thiscall	AnonReceiver_00405687	/SubmarineTitans/Recovered/HiddenThis/AnonReceiver_00405687	22615	0x0,0x4,0x8,0xC,0x10,0x14,0x18,0x1C,0x20,0x24,0x28,0x2C,0x6C,0x78,0x7C,0x90,0xAC,0xC4,0xC8,0xCC,0xD8,0xE8,0xF8,0x100,0x104,0x124	2	2	0	0	0	4	medium	incoming_receiver_captures=1; receiver_accesses=1; incoming_edx_uses=0; calls=2; ecx_pointer_setup=2; ecx_scalar_setup=0; caller_cleanup_calls=0; callee_ret_pop=[4]; expected_stack=4
0	0	005DAA90	FUN_005daa90	DEFAULT	undefined4 __stdcall FUN_005daa90(void)	ANALYSIS	__stdcall	__thiscall	AnonReceiver_00405687	/SubmarineTitans/Recovered/HiddenThis/AnonReceiver_00405687	22615	0x0,0x4,0x8,0xC,0x10,0x14,0x18,0x1C,0x20,0x24,0x28,0x2C,0x6C,0x78,0x7C,0x90,0xAC,0xC4,0xC8,0xCC,0xD8,0xE8,0xF8,0x100,0x104,0x124	3	3	0	0	0	0	medium	incoming_receiver_captures=1; receiver_accesses=0; incoming_edx_uses=0; calls=3; ecx_pointer_setup=3; ecx_scalar_setup=0; caller_cleanup_calls=0; callee_ret_pop=[0]; expected_stack=0
0	0	005DAB70	FUN_005dab70	DEFAULT	undefined4 __stdcall FUN_005dab70(int param_1, undefined4 param_2)	ANALYSIS	__stdcall	__thiscall	AnonReceiver_005DAB70	/SubmarineTitans/Recovered/HiddenThis/AnonReceiver_005DAB70	1690		2	2	0	0	0	8	medium	incoming_receiver_captures=1; receiver_accesses=1; incoming_edx_uses=0; calls=2; ecx_pointer_setup=2; ecx_scalar_setup=0; caller_cleanup_calls=0; callee_ret_pop=[8]; expected_stack=8
0	0	005EC680	FUN_005ec680	DEFAULT	undefined FUN_005ec680(void)	DEFAULT	unknown	__thiscall	AnonReceiver_005EC680	/SubmarineTitans/Recovered/HiddenThis/AnonReceiver_005EC680	838		0	0	0	0	0	0	review	incoming_receiver_captures=0; receiver_accesses=1; incoming_edx_uses=0; calls=0; ecx_pointer_setup=0; ecx_scalar_setup=0; caller_cleanup_calls=0; callee_ret_pop=[0]; expected_stack=0
0	0	005EC9F0	FUN_005ec9f0	DEFAULT	undefined4 __stdcall FUN_005ec9f0(int param_1)	ANALYSIS	__stdcall	__thiscall	AnonReceiver_00405687	/SubmarineTitans/Recovered/HiddenThis/AnonReceiver_00405687	22615	0x0,0x4,0x8,0xC,0x10,0x14,0x18,0x1C,0x20,0x24,0x28,0x2C,0x6C,0x78,0x7C,0x90,0xAC,0xC4,0xC8,0xCC,0xD8,0xE8,0xF8,0x100,0x104,0x124	8	7	0	0	0	4	medium	incoming_receiver_captures=1; receiver_accesses=9; incoming_edx_uses=0; calls=8; ecx_pointer_setup=7; ecx_scalar_setup=0; caller_cleanup_calls=0; callee_ret_pop=[8]; expected_stack=4; stack_discipline_mismatch
0	0	005EF9F0	FUN_005ef9f0	DEFAULT	undefined FUN_005ef9f0(void)	DEFAULT	unknown	__thiscall	AnonReceiver_005EF9F0	/SubmarineTitans/Recovered/HiddenThis/AnonReceiver_005EF9F0	545		0	0	0	0	0	0	review	incoming_receiver_captures=0; receiver_accesses=1; incoming_edx_uses=0; calls=0; ecx_pointer_setup=0; ecx_scalar_setup=0; caller_cleanup_calls=0; callee_ret_pop=[0]; expected_stack=0
0	0	005EFA10	FUN_005efa10	DEFAULT	undefined FUN_005efa10(void)	DEFAULT	unknown	__thiscall	AnonReceiver_005EFA10	/SubmarineTitans/Recovered/HiddenThis/AnonReceiver_005EFA10	578		0	0	0	0	0	0	review	incoming_receiver_captures=0; receiver_accesses=1; incoming_edx_uses=0; calls=0; ecx_pointer_setup=0; ecx_scalar_setup=0; caller_cleanup_calls=0; callee_ret_pop=[0]; expected_stack=0
0	0	005EFA30	FUN_005efa30	DEFAULT	undefined FUN_005efa30(void)	DEFAULT	unknown	__thiscall	AnonReceiver_005EFA30	/SubmarineTitans/Recovered/HiddenThis/AnonReceiver_005EFA30	578		0	0	0	0	0	0	review	incoming_receiver_captures=0; receiver_accesses=1; incoming_edx_uses=1; calls=0; ecx_pointer_setup=0; ecx_scalar_setup=0; caller_cleanup_calls=0; callee_ret_pop=[0]; expected_stack=0
0	0	005EFA70	FUN_005efa70	DEFAULT	undefined FUN_005efa70(void)	DEFAULT	unknown	__thiscall	AnonReceiver_005EFA70	/SubmarineTitans/Recovered/HiddenThis/AnonReceiver_005EFA70	745		0	0	0	0	0	0	review	incoming_receiver_captures=0; receiver_accesses=1; incoming_edx_uses=0; calls=0; ecx_pointer_setup=0; ecx_scalar_setup=0; caller_cleanup_calls=0; callee_ret_pop=[0]; expected_stack=0
0	0	005EFAC0	FUN_005efac0	DEFAULT	undefined FUN_005efac0(void)	DEFAULT	unknown	__thiscall	AnonReceiver_005EFAC0	/SubmarineTitans/Recovered/HiddenThis/AnonReceiver_005EFAC0	591		0	0	0	0	0	0	review	incoming_receiver_captures=0; receiver_accesses=1; incoming_edx_uses=0; calls=0; ecx_pointer_setup=0; ecx_scalar_setup=0; caller_cleanup_calls=0; callee_ret_pop=[0]; expected_stack=0
0	0	005F0030	FUN_005f0030	DEFAULT	undefined FUN_005f0030(void)	DEFAULT	unknown	__thiscall	AnonReceiver_005F0030	/SubmarineTitans/Recovered/HiddenThis/AnonReceiver_005F0030	591		0	0	0	0	0	0	review	incoming_receiver_captures=0; receiver_accesses=1; incoming_edx_uses=0; calls=0; ecx_pointer_setup=0; ecx_scalar_setup=0; caller_cleanup_calls=0; callee_ret_pop=[0]; expected_stack=0
0	0	005F0050	FUN_005f0050	DEFAULT	undefined FUN_005f0050(void)	DEFAULT	unknown	__thiscall	AnonReceiver_005F0050	/SubmarineTitans/Recovered/HiddenThis/AnonReceiver_005F0050	578		0	0	0	0	0	0	review	incoming_receiver_captures=0; receiver_accesses=2; incoming_edx_uses=0; calls=0; ecx_pointer_setup=0; ecx_scalar_setup=0; caller_cleanup_calls=0; callee_ret_pop=[0]; expected_stack=0
0	0	005F0220	FUN_005f0220	DEFAULT	undefined FUN_005f0220(void)	DEFAULT	unknown	__thiscall	AnonReceiver_005F0220	/SubmarineTitans/Recovered/HiddenThis/AnonReceiver_005F0220	565		0	0	0	0	0	0	review	incoming_receiver_captures=0; receiver_accesses=1; incoming_edx_uses=0; calls=0; ecx_pointer_setup=0; ecx_scalar_setup=0; caller_cleanup_calls=0; callee_ret_pop=[0]; expected_stack=0
0	0	005F0380	FUN_005f0380	DEFAULT	undefined FUN_005f0380(void)	DEFAULT	unknown	__thiscall	AnonReceiver_005F0380	/SubmarineTitans/Recovered/HiddenThis/AnonReceiver_005F0380	693		0	0	0	0	0	0	review	incoming_receiver_captures=0; receiver_accesses=1; incoming_edx_uses=0; calls=0; ecx_pointer_setup=0; ecx_scalar_setup=0; caller_cleanup_calls=0; callee_ret_pop=[0]; expected_stack=0
0	0	005F1700	FUN_005f1700	DEFAULT	ushort * __stdcall FUN_005f1700(int param_1, int param_2, int param_3, int param_4, int param_5, int param_6, uint param_7)	ANALYSIS	__stdcall	__thiscall	AnonReceiver_00405687	/SubmarineTitans/Recovered/HiddenThis/AnonReceiver_00405687	22615	0x0,0x4,0x8,0xC,0x10,0x14,0x18,0x1C,0x20,0x24,0x28,0x2C,0x6C,0x78,0x7C,0x90,0xAC,0xC4,0xC8,0xCC,0xD8,0xE8,0xF8,0x100,0x104,0x124	2	1	0	0	0	28	medium	incoming_receiver_captures=1; receiver_accesses=1; incoming_edx_uses=0; calls=2; ecx_pointer_setup=1; ecx_scalar_setup=0; caller_cleanup_calls=0; callee_ret_pop=[28]; expected_stack=28
1	1	005F35F0	FUN_005f35f0	DEFAULT	undefined4 __stdcall FUN_005f35f0(int param_1)	ANALYSIS	__stdcall	__thiscall	AnonReceiver_00405687	/SubmarineTitans/Recovered/HiddenThis/AnonReceiver_00405687	22615	0x0,0x4,0x8,0xC,0x10,0x14,0x18,0x1C,0x20,0x24,0x28,0x2C,0x6C,0x78,0x7C,0x90,0xAC,0xC4,0xC8,0xCC,0xD8,0xE8,0xF8,0x100,0x104,0x124	4	3	0	0	0	4	high	incoming_receiver_captures=1; receiver_accesses=21; incoming_edx_uses=0; calls=4; ecx_pointer_setup=3; ecx_scalar_setup=0; caller_cleanup_calls=0; callee_ret_pop=[4]; expected_stack=4
0	0	005F6EC0	FUN_005f6ec0	DEFAULT	undefined FUN_005f6ec0(void)	DEFAULT	unknown	__thiscall	AnonReceiver_005F6EC0	/SubmarineTitans/Recovered/HiddenThis/AnonReceiver_005F6EC0	621		0	0	0	0	0	0	review	incoming_receiver_captures=0; receiver_accesses=1; incoming_edx_uses=0; calls=0; ecx_pointer_setup=0; ecx_scalar_setup=0; caller_cleanup_calls=0; callee_ret_pop=[0]; expected_stack=0
0	0	005F6EE0	FUN_005f6ee0	DEFAULT	undefined FUN_005f6ee0(void)	DEFAULT	unknown	__thiscall	AnonReceiver_005F6EE0	/SubmarineTitans/Recovered/HiddenThis/AnonReceiver_005F6EE0	621		0	0	0	0	0	0	review	incoming_receiver_captures=0; receiver_accesses=1; incoming_edx_uses=1; calls=0; ecx_pointer_setup=0; ecx_scalar_setup=0; caller_cleanup_calls=0; callee_ret_pop=[0]; expected_stack=0
0	0	005FAA10	FUN_005faa10	DEFAULT	undefined4 __stdcall FUN_005faa10(int param_1)	ANALYSIS	__stdcall	__thiscall	AnonReceiver_00405687	/SubmarineTitans/Recovered/HiddenThis/AnonReceiver_00405687	22615	0x0,0x4,0x8,0xC,0x10,0x14,0x18,0x1C,0x20,0x24,0x28,0x2C,0x6C,0x78,0x7C,0x90,0xAC,0xC4,0xC8,0xCC,0xD8,0xE8,0xF8,0x100,0x104,0x124	1	1	0	0	0	4	medium	incoming_receiver_captures=1; receiver_accesses=9; incoming_edx_uses=0; calls=1; ecx_pointer_setup=1; ecx_scalar_setup=0; caller_cleanup_calls=0; callee_ret_pop=[4]; expected_stack=4
0	0	005FB5E0	FUN_005fb5e0	DEFAULT	undefined FUN_005fb5e0(void)	DEFAULT	unknown	__thiscall	AnonReceiver_005FB5E0	/SubmarineTitans/Recovered/HiddenThis/AnonReceiver_005FB5E0	621		0	0	0	0	0	0	review	incoming_receiver_captures=0; receiver_accesses=1; incoming_edx_uses=0; calls=0; ecx_pointer_setup=0; ecx_scalar_setup=0; caller_cleanup_calls=0; callee_ret_pop=[0]; expected_stack=0
0	0	005FCD80	FUN_005fcd80	DEFAULT	undefined FUN_005fcd80(void)	DEFAULT	unknown	__thiscall	AnonReceiver_005FCD80	/SubmarineTitans/Recovered/HiddenThis/AnonReceiver_005FCD80	814		0	0	0	0	0	0	review	incoming_receiver_captures=0; receiver_accesses=1; incoming_edx_uses=0; calls=0; ecx_pointer_setup=0; ecx_scalar_setup=0; caller_cleanup_calls=0; callee_ret_pop=[0]; expected_stack=0
0	0	006029C0	FUN_006029c0	DEFAULT	undefined4 __stdcall FUN_006029c0(void)	ANALYSIS	__stdcall	__thiscall	AnonReceiver_00405687	/SubmarineTitans/Recovered/HiddenThis/AnonReceiver_00405687	22615	0x0,0x4,0x8,0xC,0x10,0x14,0x18,0x1C,0x20,0x24,0x28,0x2C,0x6C,0x78,0x7C,0x90,0xAC,0xC4,0xC8,0xCC,0xD8,0xE8,0xF8,0x100,0x104,0x124	2	1	0	0	0	0	medium	incoming_receiver_captures=1; receiver_accesses=14; incoming_edx_uses=0; calls=2; ecx_pointer_setup=1; ecx_scalar_setup=0; caller_cleanup_calls=0; callee_ret_pop=[0]; expected_stack=0
1	1	00602E90	FUN_00602e90	DEFAULT	undefined4 * __stdcall FUN_00602e90(void)	ANALYSIS	__stdcall	__thiscall	AnonReceiver_00405687	/SubmarineTitans/Recovered/HiddenThis/AnonReceiver_00405687	22615	0x0,0x4,0x8,0xC,0x10,0x14,0x18,0x1C,0x20,0x24,0x28,0x2C,0x6C,0x78,0x7C,0x90,0xAC,0xC4,0xC8,0xCC,0xD8,0xE8,0xF8,0x100,0x104,0x124	2	2	0	0	0	0	high	incoming_receiver_captures=1; receiver_accesses=13; incoming_edx_uses=0; calls=2; ecx_pointer_setup=2; ecx_scalar_setup=0; caller_cleanup_calls=0; callee_ret_pop=[0]; expected_stack=0
0	0	00626EA0	FUN_00626ea0	DEFAULT	undefined FUN_00626ea0(void)	DEFAULT	unknown	__thiscall	AnonReceiver_00626EA0	/SubmarineTitans/Recovered/HiddenThis/AnonReceiver_00626EA0	614		0	0	0	0	0	0	review	incoming_receiver_captures=0; receiver_accesses=1; incoming_edx_uses=0; calls=0; ecx_pointer_setup=0; ecx_scalar_setup=0; caller_cleanup_calls=0; callee_ret_pop=[0]; expected_stack=0
0	0	00626EC0	FUN_00626ec0	DEFAULT	undefined FUN_00626ec0(void)	DEFAULT	unknown	__thiscall	AnonReceiver_00626EC0	/SubmarineTitans/Recovered/HiddenThis/AnonReceiver_00626EC0	686		0	0	0	0	0	0	review	incoming_receiver_captures=0; receiver_accesses=1; incoming_edx_uses=0; calls=0; ecx_pointer_setup=0; ecx_scalar_setup=0; caller_cleanup_calls=0; callee_ret_pop=[0]; expected_stack=0
0	0	00626FA0	FUN_00626fa0	DEFAULT	undefined FUN_00626fa0(void)	DEFAULT	unknown	__thiscall	AnonReceiver_00626FA0	/SubmarineTitans/Recovered/HiddenThis/AnonReceiver_00626FA0	545		0	0	0	0	0	0	review	incoming_receiver_captures=0; receiver_accesses=1; incoming_edx_uses=0; calls=0; ecx_pointer_setup=0; ecx_scalar_setup=0; caller_cleanup_calls=0; callee_ret_pop=[0]; expected_stack=0
0	0	00627250	FUN_00627250	DEFAULT	undefined FUN_00627250(void)	DEFAULT	unknown	__thiscall	AnonReceiver_00627250	/SubmarineTitans/Recovered/HiddenThis/AnonReceiver_00627250	690		0	0	0	0	0	0	review	incoming_receiver_captures=0; receiver_accesses=1; incoming_edx_uses=0; calls=0; ecx_pointer_setup=0; ecx_scalar_setup=0; caller_cleanup_calls=0; callee_ret_pop=[0]; expected_stack=0
0	0	00627A60	FUN_00627a60	DEFAULT	undefined FUN_00627a60(void)	DEFAULT	unknown	__thiscall	AnonReceiver_00627A60	/SubmarineTitans/Recovered/HiddenThis/AnonReceiver_00627A60	690		0	0	0	0	0	0	review	incoming_receiver_captures=0; receiver_accesses=1; incoming_edx_uses=0; calls=0; ecx_pointer_setup=0; ecx_scalar_setup=0; caller_cleanup_calls=0; callee_ret_pop=[0]; expected_stack=0
0	0	00627E80	FUN_00627e80	DEFAULT	undefined FUN_00627e80(void)	DEFAULT	unknown	__thiscall	AnonReceiver_00627E80	/SubmarineTitans/Recovered/HiddenThis/AnonReceiver_00627E80	690		0	0	0	0	0	0	review	incoming_receiver_captures=0; receiver_accesses=1; incoming_edx_uses=0; calls=0; ecx_pointer_setup=0; ecx_scalar_setup=0; caller_cleanup_calls=0; callee_ret_pop=[0]; expected_stack=0
1	1	00630C50	FUN_00630c50	DEFAULT	ushort * __stdcall FUN_00630c50(undefined4 param_1, int param_2, int param_3, int param_4, int param_5)	ANALYSIS	__stdcall	__thiscall	AnonReceiver_00405687	/SubmarineTitans/Recovered/HiddenThis/AnonReceiver_00405687	22615	0x0,0x4,0x8,0xC,0x10,0x14,0x18,0x1C,0x20,0x24,0x28,0x2C,0x6C,0x78,0x7C,0x90,0xAC,0xC4,0xC8,0xCC,0xD8,0xE8,0xF8,0x100,0x104,0x124	5	5	0	0	0	20	high	incoming_receiver_captures=1; receiver_accesses=12; incoming_edx_uses=0; calls=5; ecx_pointer_setup=5; ecx_scalar_setup=0; caller_cleanup_calls=0; callee_ret_pop=[20]; expected_stack=20
0	0	00647C80	FUN_00647c80	DEFAULT	undefined FUN_00647c80(void)	DEFAULT	unknown	__thiscall	AnonReceiver_00647C80	/SubmarineTitans/Recovered/HiddenThis/AnonReceiver_00647C80	218		0	0	0	0	0	0	review	incoming_receiver_captures=0; receiver_accesses=1; incoming_edx_uses=0; calls=0; ecx_pointer_setup=0; ecx_scalar_setup=0; caller_cleanup_calls=0; callee_ret_pop=[0]; expected_stack=0
0	0	0064A970	FUN_0064a970	DEFAULT	float * __stdcall FUN_0064a970(char * param_1, int param_2, int * param_3)	ANALYSIS	__stdcall	__thiscall	AnonReceiver_0064A970	/SubmarineTitans/Recovered/HiddenThis/AnonReceiver_0064A970	1463	0x0,0x4,0x8,0xC,0x10,0x14,0x18,0x1C,0x24,0x28,0x2C,0x30	2	1	1	0	0	12	review	incoming_receiver_captures=1; receiver_accesses=3; incoming_edx_uses=0; calls=2; ecx_pointer_setup=1; ecx_scalar_setup=1; caller_cleanup_calls=0; callee_ret_pop=[12]; expected_stack=12
1	1	0065FA60	FUN_0065fa60	DEFAULT	uint * __stdcall FUN_0065fa60(int param_1, int param_2, short * param_3)	ANALYSIS	__stdcall	__thiscall	AnonReceiver_00405687	/SubmarineTitans/Recovered/HiddenThis/AnonReceiver_00405687	22615	0x0,0x4,0x8,0xC,0x10,0x14,0x18,0x1C,0x20,0x24,0x28,0x2C,0x6C,0x78,0x7C,0x90,0xAC,0xC4,0xC8,0xCC,0xD8,0xE8,0xF8,0x100,0x104,0x124	4	4	0	0	0	12	high	incoming_receiver_captures=1; receiver_accesses=4; incoming_edx_uses=0; calls=4; ecx_pointer_setup=4; ecx_scalar_setup=0; caller_cleanup_calls=0; callee_ret_pop=[12]; expected_stack=12
0	0	0066ACC0	FUN_0066acc0	DEFAULT	uint * __stdcall FUN_0066acc0(char * param_1, int param_2, int * param_3)	ANALYSIS	__stdcall	__thiscall	AnonReceiver_0064A970	/SubmarineTitans/Recovered/HiddenThis/AnonReceiver_0064A970	1463	0x0,0x4,0x8,0xC,0x10,0x14,0x18,0x1C,0x24,0x28,0x2C,0x30	1	1	0	0	0	12	medium	incoming_receiver_captures=1; receiver_accesses=37; incoming_edx_uses=0; calls=1; ecx_pointer_setup=1; ecx_scalar_setup=0; caller_cleanup_calls=0; callee_ret_pop=[12]; expected_stack=12
0	0	00671F10	FUN_00671f10	DEFAULT	float * __stdcall FUN_00671f10(int param_1, int * param_2, int * param_3)	ANALYSIS	__stdcall	__thiscall	AnonReceiver_0064A970	/SubmarineTitans/Recovered/HiddenThis/AnonReceiver_0064A970	1463	0x0,0x4,0x8,0xC,0x10,0x14,0x18,0x1C,0x24,0x28,0x2C,0x30	1	1	0	0	0	12	medium	incoming_receiver_captures=1; receiver_accesses=5; incoming_edx_uses=0; calls=1; ecx_pointer_setup=1; ecx_scalar_setup=0; caller_cleanup_calls=0; callee_ret_pop=[12]; expected_stack=12
1	1	00672440	FUN_00672440	DEFAULT	int __stdcall FUN_00672440(int param_1, int param_2, short * param_3)	ANALYSIS	__stdcall	__thiscall	AnonReceiver_0064A970	/SubmarineTitans/Recovered/HiddenThis/AnonReceiver_0064A970	1463	0x0,0x4,0x8,0xC,0x10,0x14,0x18,0x1C,0x24,0x28,0x2C,0x30	2	2	0	0	0	12	high	incoming_receiver_captures=1; receiver_accesses=14; incoming_edx_uses=0; calls=2; ecx_pointer_setup=2; ecx_scalar_setup=0; caller_cleanup_calls=0; callee_ret_pop=[12]; expected_stack=12
0	0	00678930	FUN_00678930	DEFAULT	undefined FUN_00678930(void)	DEFAULT	unknown	__thiscall	AnonReceiver_00678930	/SubmarineTitans/Recovered/HiddenThis/AnonReceiver_00678930	1471		0	0	0	0	0	0	review	incoming_receiver_captures=0; receiver_accesses=1; incoming_edx_uses=0; calls=0; ecx_pointer_setup=0; ecx_scalar_setup=0; caller_cleanup_calls=0; callee_ret_pop=[0]; expected_stack=0
0	0	00679120	FUN_00679120	DEFAULT	uint __stdcall FUN_00679120(byte * param_1, int param_2, int param_3, int param_4)	ANALYSIS	__stdcall	__thiscall	AnonReceiver_00405687	/SubmarineTitans/Recovered/HiddenThis/AnonReceiver_00405687	22615	0x0,0x4,0x8,0xC,0x10,0x14,0x18,0x1C,0x20,0x24,0x28,0x2C,0x6C,0x78,0x7C,0x90,0xAC,0xC4,0xC8,0xCC,0xD8,0xE8,0xF8,0x100,0x104,0x124	1	1	0	0	0	16	medium	incoming_receiver_captures=1; receiver_accesses=7; incoming_edx_uses=0; calls=1; ecx_pointer_setup=1; ecx_scalar_setup=0; caller_cleanup_calls=0; callee_ret_pop=[16]; expected_stack=16
0	0	00692920	FUN_00692920	DEFAULT	int __stdcall FUN_00692920(cMf32 * param_1, undefined4 * param_2, undefined4 * param_3, int param_4, int param_5)	ANALYSIS	__stdcall	__thiscall	AnonReceiver_00691650	/SubmarineTitans/Recovered/HiddenThis/AnonReceiver_00691650	4		3	3	0	0	0	20	medium	incoming_receiver_captures=1; receiver_accesses=0; incoming_edx_uses=0; calls=3; ecx_pointer_setup=3; ecx_scalar_setup=0; caller_cleanup_calls=0; callee_ret_pop=[20]; expected_stack=20
0	0	006939F0	FUN_006939f0	DEFAULT	undefined4 __stdcall FUN_006939f0(void)	ANALYSIS	__stdcall	__thiscall	AnonReceiver_006939F0	/SubmarineTitans/Recovered/HiddenThis/AnonReceiver_006939F0	4		0	0	0	0	0	0	review	incoming_receiver_captures=1; receiver_accesses=0; incoming_edx_uses=0; calls=0; ecx_pointer_setup=0; ecx_scalar_setup=0; caller_cleanup_calls=0; callee_ret_pop=[4]; expected_stack=0; stack_discipline_mismatch
0	0	00693B20	FUN_00693b20	DEFAULT	undefined FUN_00693b20(void)	DEFAULT	unknown	__thiscall	AnonReceiver_00693B20	/SubmarineTitans/Recovered/HiddenThis/AnonReceiver_00693B20	6561		1	1	0	0	0	0	medium	incoming_receiver_captures=1; receiver_accesses=1; incoming_edx_uses=0; calls=1; ecx_pointer_setup=1; ecx_scalar_setup=0; caller_cleanup_calls=0; callee_ret_pop=[28]; expected_stack=0; stack_discipline_mismatch
0	0	006942A0	FUN_006942a0	DEFAULT	int __stdcall FUN_006942a0(void)	ANALYSIS	__stdcall	__thiscall	AnonReceiver_006942A0	/SubmarineTitans/Recovered/HiddenThis/AnonReceiver_006942A0	17		0	0	0	0	0	0	review	incoming_receiver_captures=1; receiver_accesses=1; incoming_edx_uses=0; calls=0; ecx_pointer_setup=0; ecx_scalar_setup=0; caller_cleanup_calls=0; callee_ret_pop=[4]; expected_stack=0; stack_discipline_mismatch
0	0	00696EB0	FUN_00696eb0	DEFAULT	undefined4 __stdcall FUN_00696eb0(int * param_1, int param_2, int param_3, int param_4, int param_5, int param_6, int param_7)	ANALYSIS	__stdcall	__thiscall	AnonReceiver_00405687	/SubmarineTitans/Recovered/HiddenThis/AnonReceiver_00405687	22615	0x0,0x4,0x8,0xC,0x10,0x14,0x18,0x1C,0x20,0x24,0x28,0x2C,0x6C,0x78,0x7C,0x90,0xAC,0xC4,0xC8,0xCC,0xD8,0xE8,0xF8,0x100,0x104,0x124	1	1	0	0	0	28	medium	incoming_receiver_captures=1; receiver_accesses=4; incoming_edx_uses=0; calls=1; ecx_pointer_setup=1; ecx_scalar_setup=0; caller_cleanup_calls=0; callee_ret_pop=[28]; expected_stack=28
0	0	0069C790	FUN_0069c790	DEFAULT	int __stdcall FUN_0069c790(uint * param_1, int param_2, uint param_3, uint param_4)	ANALYSIS	__stdcall	__thiscall	AnonReceiver_00405687	/SubmarineTitans/Recovered/HiddenThis/AnonReceiver_00405687	22615	0x0,0x4,0x8,0xC,0x10,0x14,0x18,0x1C,0x20,0x24,0x28,0x2C,0x6C,0x78,0x7C,0x90,0xAC,0xC4,0xC8,0xCC,0xD8,0xE8,0xF8,0x100,0x104,0x124	1	1	0	0	0	16	medium	incoming_receiver_captures=1; receiver_accesses=0; incoming_edx_uses=0; calls=1; ecx_pointer_setup=1; ecx_scalar_setup=0; caller_cleanup_calls=0; callee_ret_pop=[16]; expected_stack=16
0	0	0069C8B0	FUN_0069c8b0	DEFAULT	uint * __stdcall FUN_0069c8b0(int param_1, int param_2, int param_3)	ANALYSIS	__stdcall	__thiscall	AnonReceiver_00405687	/SubmarineTitans/Recovered/HiddenThis/AnonReceiver_00405687	22615	0x0,0x4,0x8,0xC,0x10,0x14,0x18,0x1C,0x20,0x24,0x28,0x2C,0x6C,0x78,0x7C,0x90,0xAC,0xC4,0xC8,0xCC,0xD8,0xE8,0xF8,0x100,0x104,0x124	1	1	0	0	0	12	medium	incoming_receiver_captures=1; receiver_accesses=0; incoming_edx_uses=0; calls=1; ecx_pointer_setup=1; ecx_scalar_setup=0; caller_cleanup_calls=0; callee_ret_pop=[12]; expected_stack=12
0	0	006A0C90	FUN_006a0c90	DEFAULT	undefined __stdcall FUN_006a0c90(uint param_1, int param_2, int param_3, uint param_4, int param_5, int param_6, uint param_7)	ANALYSIS	__stdcall	__thiscall	AnonReceiver_00405687	/SubmarineTitans/Recovered/HiddenThis/AnonReceiver_00405687	22615	0x0,0x4,0x8,0xC,0x10,0x14,0x18,0x1C,0x20,0x24,0x28,0x2C,0x6C,0x78,0x7C,0x90,0xAC,0xC4,0xC8,0xCC,0xD8,0xE8,0xF8,0x100,0x104,0x124	6	6	0	0	0	28	medium	incoming_receiver_captures=1; receiver_accesses=1; incoming_edx_uses=0; calls=6; ecx_pointer_setup=6; ecx_scalar_setup=0; caller_cleanup_calls=0; callee_ret_pop=[28]; expected_stack=28
0	0	0071CF60	FUN_0071cf60	DEFAULT	undefined FUN_0071cf60(void)	DEFAULT	unknown	__thiscall	AnonReceiver_0071CF60	/SubmarineTitans/Recovered/HiddenThis/AnonReceiver_0071CF60	32		0	0	0	0	0	0	review	incoming_receiver_captures=0; receiver_accesses=2; incoming_edx_uses=0; calls=0; ecx_pointer_setup=0; ecx_scalar_setup=0; caller_cleanup_calls=0; callee_ret_pop=[0]; expected_stack=0
0	0	0071CF80	FUN_0071cf80	DEFAULT	undefined FUN_0071cf80(void)	DEFAULT	unknown	__thiscall	AnonReceiver_00405687	/SubmarineTitans/Recovered/HiddenThis/AnonReceiver_00405687	22615	0x0,0x4,0x8,0xC,0x10,0x14,0x18,0x1C,0x20,0x24,0x28,0x2C,0x6C,0x78,0x7C,0x90,0xAC,0xC4,0xC8,0xCC,0xD8,0xE8,0xF8,0x100,0x104,0x124	0	0	0	0	0	0	review	incoming_receiver_captures=0; receiver_accesses=6; incoming_edx_uses=0; calls=0; ecx_pointer_setup=0; ecx_scalar_setup=0; caller_cleanup_calls=0; callee_ret_pop=[0]; expected_stack=0
0	0	00724D20	FUN_00724d20	DEFAULT	undefined FUN_00724d20(void)	DEFAULT	unknown	__thiscall	AnonReceiver_00724D20	/SubmarineTitans/Recovered/HiddenThis/AnonReceiver_00724D20	32		0	0	0	0	0	0	review	incoming_receiver_captures=0; receiver_accesses=2; incoming_edx_uses=0; calls=0; ecx_pointer_setup=0; ecx_scalar_setup=0; caller_cleanup_calls=0; callee_ret_pop=[0]; expected_stack=0
0	0	00724D40	FUN_00724d40	DEFAULT	undefined FUN_00724d40(void)	DEFAULT	unknown	__thiscall	AnonReceiver_00405687	/SubmarineTitans/Recovered/HiddenThis/AnonReceiver_00405687	22615	0x0,0x4,0x8,0xC,0x10,0x14,0x18,0x1C,0x20,0x24,0x28,0x2C,0x6C,0x78,0x7C,0x90,0xAC,0xC4,0xC8,0xCC,0xD8,0xE8,0xF8,0x100,0x104,0x124	0	0	0	0	0	0	review	incoming_receiver_captures=0; receiver_accesses=5; incoming_edx_uses=0; calls=0; ecx_pointer_setup=0; ecx_scalar_setup=0; caller_cleanup_calls=0; callee_ret_pop=[0]; expected_stack=0
0	0	00747212	FUN_00747212	DEFAULT	undefined FUN_00747212(void)	DEFAULT	unknown	__thiscall	AnonReceiver_00747212	/SubmarineTitans/Recovered/HiddenThis/AnonReceiver_00747212	40		0	0	0	0	0	0	review	incoming_receiver_captures=0; receiver_accesses=3; incoming_edx_uses=0; calls=0; ecx_pointer_setup=0; ecx_scalar_setup=0; caller_cleanup_calls=0; callee_ret_pop=[4]; expected_stack=0; stack_discipline_mismatch
0	0	0074747F	FUN_0074747f	DEFAULT	undefined FUN_0074747f(void)	DEFAULT	unknown	__thiscall	AnonReceiver_0074747F	/SubmarineTitans/Recovered/HiddenThis/AnonReceiver_0074747F	76		0	0	0	0	0	0	review	incoming_receiver_captures=0; receiver_accesses=1; incoming_edx_uses=0; calls=0; ecx_pointer_setup=0; ecx_scalar_setup=0; caller_cleanup_calls=0; callee_ret_pop=[0]; expected_stack=0
0	0	00748287	FUN_00748287	DEFAULT	undefined FUN_00748287(void)	DEFAULT	unknown	__thiscall	AnonReceiver_00748287	/SubmarineTitans/Recovered/HiddenThis/AnonReceiver_00748287	124		0	0	0	0	0	0	review	incoming_receiver_captures=0; receiver_accesses=1; incoming_edx_uses=0; calls=0; ecx_pointer_setup=0; ecx_scalar_setup=0; caller_cleanup_calls=0; callee_ret_pop=[0]; expected_stack=0
0	0	00748481	FUN_00748481	DEFAULT	undefined FUN_00748481(void)	DEFAULT	unknown	__thiscall	AnonReceiver_00748481	/SubmarineTitans/Recovered/HiddenThis/AnonReceiver_00748481	156		0	0	0	0	0	0	review	incoming_receiver_captures=0; receiver_accesses=1; incoming_edx_uses=0; calls=0; ecx_pointer_setup=0; ecx_scalar_setup=0; caller_cleanup_calls=0; callee_ret_pop=[16]; expected_stack=0; stack_discipline_mismatch
0	0	007484AB	FUN_007484ab	DEFAULT	undefined FUN_007484ab(void)	DEFAULT	unknown	__thiscall	AnonReceiver_007484AB	/SubmarineTitans/Recovered/HiddenThis/AnonReceiver_007484AB	160		0	0	0	0	0	0	review	incoming_receiver_captures=0; receiver_accesses=1; incoming_edx_uses=0; calls=0; ecx_pointer_setup=0; ecx_scalar_setup=0; caller_cleanup_calls=0; callee_ret_pop=[4]; expected_stack=0; stack_discipline_mismatch
0	0	007484C9	FUN_007484c9	DEFAULT	undefined FUN_007484c9(void)	DEFAULT	unknown	__thiscall	AnonReceiver_007484C9	/SubmarineTitans/Recovered/HiddenThis/AnonReceiver_007484C9	28		0	0	0	0	0	0	review	incoming_receiver_captures=0; receiver_accesses=1; incoming_edx_uses=0; calls=0; ecx_pointer_setup=0; ecx_scalar_setup=0; caller_cleanup_calls=0; callee_ret_pop=[0]; expected_stack=0
0	0	007484DD	FUN_007484dd	DEFAULT	undefined FUN_007484dd(void)	DEFAULT	unknown	__thiscall	AnonReceiver_007484DD	/SubmarineTitans/Recovered/HiddenThis/AnonReceiver_007484DD	156		0	0	0	0	0	0	review	incoming_receiver_captures=0; receiver_accesses=1; incoming_edx_uses=0; calls=0; ecx_pointer_setup=0; ecx_scalar_setup=0; caller_cleanup_calls=0; callee_ret_pop=[0]; expected_stack=0
0	0	007484F4	FUN_007484f4	DEFAULT	undefined FUN_007484f4(void)	DEFAULT	unknown	__thiscall	AnonReceiver_007484F4	/SubmarineTitans/Recovered/HiddenThis/AnonReceiver_007484F4	156		0	0	0	0	0	0	review	incoming_receiver_captures=0; receiver_accesses=2; incoming_edx_uses=0; calls=0; ecx_pointer_setup=0; ecx_scalar_setup=0; caller_cleanup_calls=0; callee_ret_pop=[0]; expected_stack=0
0	0	00748527	FUN_00748527	DEFAULT	undefined FUN_00748527(void)	DEFAULT	unknown	__thiscall	AnonReceiver_00748527	/SubmarineTitans/Recovered/HiddenThis/AnonReceiver_00748527	28		0	0	0	0	0	0	review	incoming_receiver_captures=0; receiver_accesses=1; incoming_edx_uses=0; calls=0; ecx_pointer_setup=0; ecx_scalar_setup=0; caller_cleanup_calls=0; callee_ret_pop=[0]; expected_stack=0
0	0	0074853B	FUN_0074853b	DEFAULT	undefined FUN_0074853b(void)	DEFAULT	unknown	__thiscall	AnonReceiver_0074853B	/SubmarineTitans/Recovered/HiddenThis/AnonReceiver_0074853B	28		0	0	0	0	0	0	review	incoming_receiver_captures=0; receiver_accesses=1; incoming_edx_uses=0; calls=0; ecx_pointer_setup=0; ecx_scalar_setup=0; caller_cleanup_calls=0; callee_ret_pop=[0]; expected_stack=0
0	0	007489A5	FUN_007489a5	DEFAULT	undefined FUN_007489a5(void)	DEFAULT	unknown	__thiscall	AnonReceiver_007489A5	/SubmarineTitans/Recovered/HiddenThis/AnonReceiver_007489A5	162		0	0	0	0	0	0	review	incoming_receiver_captures=0; receiver_accesses=3; incoming_edx_uses=0; calls=0; ecx_pointer_setup=0; ecx_scalar_setup=0; caller_cleanup_calls=0; callee_ret_pop=[0]; expected_stack=0
0	0	007489CF	FUN_007489cf	DEFAULT	undefined FUN_007489cf(void)	DEFAULT	unknown	__thiscall	AnonReceiver_007489CF	/SubmarineTitans/Recovered/HiddenThis/AnonReceiver_007489CF	162		0	0	0	0	0	0	review	incoming_receiver_captures=0; receiver_accesses=3; incoming_edx_uses=0; calls=0; ecx_pointer_setup=0; ecx_scalar_setup=0; caller_cleanup_calls=0; callee_ret_pop=[0]; expected_stack=0
0	0	00749CEC	FUN_00749cec	DEFAULT	undefined FUN_00749cec(void)	DEFAULT	unknown	__thiscall	AnonReceiver_00749CEC	/SubmarineTitans/Recovered/HiddenThis/AnonReceiver_00749CEC	92		0	0	0	0	0	0	review	incoming_receiver_captures=0; receiver_accesses=1; incoming_edx_uses=0; calls=0; ecx_pointer_setup=0; ecx_scalar_setup=0; caller_cleanup_calls=0; callee_ret_pop=[4]; expected_stack=0; stack_discipline_mismatch
0	0	0074A220	FUN_0074a220	DEFAULT	undefined FUN_0074a220(void)	DEFAULT	unknown	__thiscall	AnonReceiver_0074A220	/SubmarineTitans/Recovered/HiddenThis/AnonReceiver_0074A220	28	0x5C	0	0	0	0	0	0	review	incoming_receiver_captures=0; receiver_accesses=2; incoming_edx_uses=0; calls=0; ecx_pointer_setup=0; ecx_scalar_setup=0; caller_cleanup_calls=0; callee_ret_pop=[12]; expected_stack=0; stack_discipline_mismatch
0	0	0074A30E	FUN_0074a30e	DEFAULT	undefined FUN_0074a30e(void)	DEFAULT	unknown	__thiscall	AnonReceiver_0074A30E	/SubmarineTitans/Recovered/HiddenThis/AnonReceiver_0074A30E	104	0x38,0x3C,0xAC	0	0	0	0	0	0	review	incoming_receiver_captures=0; receiver_accesses=4; incoming_edx_uses=0; calls=0; ecx_pointer_setup=0; ecx_scalar_setup=0; caller_cleanup_calls=0; callee_ret_pop=[4]; expected_stack=0; stack_discipline_mismatch
0	0	0074AB73	FUN_0074ab73	DEFAULT	undefined FUN_0074ab73(void)	DEFAULT	unknown	__thiscall	AnonReceiver_0074AB73	/SubmarineTitans/Recovered/HiddenThis/AnonReceiver_0074AB73	220		0	0	0	0	0	0	review	incoming_receiver_captures=0; receiver_accesses=1; incoming_edx_uses=0; calls=0; ecx_pointer_setup=0; ecx_scalar_setup=0; caller_cleanup_calls=0; callee_ret_pop=[4]; expected_stack=0; stack_discipline_mismatch
0	0	0074AB88	FUN_0074ab88	DEFAULT	undefined FUN_0074ab88(void)	DEFAULT	unknown	__thiscall	AnonReceiver_0074AB88	/SubmarineTitans/Recovered/HiddenThis/AnonReceiver_0074AB88	220		0	0	0	0	0	0	review	incoming_receiver_captures=0; receiver_accesses=1; incoming_edx_uses=0; calls=0; ecx_pointer_setup=0; ecx_scalar_setup=0; caller_cleanup_calls=0; callee_ret_pop=[]; expected_stack=0; stack_discipline_mismatch
0	0	0074AB93	FUN_0074ab93	DEFAULT	undefined FUN_0074ab93(void)	DEFAULT	unknown	__thiscall	AnonReceiver_0074AB93	/SubmarineTitans/Recovered/HiddenThis/AnonReceiver_0074AB93	220		0	0	0	0	0	0	review	incoming_receiver_captures=0; receiver_accesses=1; incoming_edx_uses=0; calls=0; ecx_pointer_setup=0; ecx_scalar_setup=0; caller_cleanup_calls=0; callee_ret_pop=[]; expected_stack=0; stack_discipline_mismatch
0	0	0074AB9E	FUN_0074ab9e	DEFAULT	undefined FUN_0074ab9e(void)	DEFAULT	unknown	__thiscall	AnonReceiver_00747F57	/SubmarineTitans/Recovered/HiddenThis/AnonReceiver_00747F57	220		0	0	0	0	0	0	review	incoming_receiver_captures=0; receiver_accesses=1; incoming_edx_uses=0; calls=0; ecx_pointer_setup=0; ecx_scalar_setup=0; caller_cleanup_calls=0; callee_ret_pop=[4]; expected_stack=0; stack_discipline_mismatch
0	0	0074AD27	FUN_0074ad27	DEFAULT	undefined FUN_0074ad27(void)	DEFAULT	unknown	__thiscall	AnonReceiver_0074AD27	/SubmarineTitans/Recovered/HiddenThis/AnonReceiver_0074AD27	4	0xBC	0	0	0	0	0	0	review	incoming_receiver_captures=0; receiver_accesses=1; incoming_edx_uses=0; calls=0; ecx_pointer_setup=0; ecx_scalar_setup=0; caller_cleanup_calls=0; callee_ret_pop=[0]; expected_stack=0
0	0	0074AD32	FUN_0074ad32	DEFAULT	undefined FUN_0074ad32(void)	DEFAULT	unknown	__thiscall	AnonReceiver_0074AD32	/SubmarineTitans/Recovered/HiddenThis/AnonReceiver_0074AD32	324		0	0	0	0	0	0	review	incoming_receiver_captures=0; receiver_accesses=2; incoming_edx_uses=0; calls=0; ecx_pointer_setup=0; ecx_scalar_setup=0; caller_cleanup_calls=0; callee_ret_pop=[0]; expected_stack=0
0	0	0074AD60	FUN_0074ad60	DEFAULT	undefined FUN_0074ad60(void)	DEFAULT	unknown	__thiscall	AnonReceiver_0074AD60	/SubmarineTitans/Recovered/HiddenThis/AnonReceiver_0074AD60	312		0	0	0	0	0	0	review	incoming_receiver_captures=0; receiver_accesses=11; incoming_edx_uses=4; calls=0; ecx_pointer_setup=0; ecx_scalar_setup=0; caller_cleanup_calls=0; callee_ret_pop=[8]; expected_stack=0; stack_discipline_mismatch
0	0	0074C1CA	FUN_0074c1ca	DEFAULT	undefined FUN_0074c1ca(void)	DEFAULT	unknown	__thiscall	AnonReceiver_0074C1CA	/SubmarineTitans/Recovered/HiddenThis/AnonReceiver_0074C1CA	148		0	0	0	0	0	0	review	incoming_receiver_captures=0; receiver_accesses=1; incoming_edx_uses=0; calls=0; ecx_pointer_setup=0; ecx_scalar_setup=0; caller_cleanup_calls=0; callee_ret_pop=[0]; expected_stack=0
0	0	0074C1DC	FUN_0074c1dc	DEFAULT	undefined FUN_0074c1dc(void)	DEFAULT	unknown	__thiscall	AnonReceiver_0074C1DC	/SubmarineTitans/Recovered/HiddenThis/AnonReceiver_0074C1DC	148		0	0	0	0	0	0	review	incoming_receiver_captures=0; receiver_accesses=1; incoming_edx_uses=0; calls=0; ecx_pointer_setup=0; ecx_scalar_setup=0; caller_cleanup_calls=0; callee_ret_pop=[0]; expected_stack=0
0	0	0074C1EE	FUN_0074c1ee	DEFAULT	undefined FUN_0074c1ee(void)	DEFAULT	unknown	__thiscall	AnonReceiver_0074C1EE	/SubmarineTitans/Recovered/HiddenThis/AnonReceiver_0074C1EE	148		0	0	0	0	0	0	review	incoming_receiver_captures=0; receiver_accesses=1; incoming_edx_uses=0; calls=0; ecx_pointer_setup=0; ecx_scalar_setup=0; caller_cleanup_calls=0; callee_ret_pop=[]; expected_stack=0; stack_discipline_mismatch
0	0	0074C35B	FUN_0074c35b	DEFAULT	undefined FUN_0074c35b(void)	DEFAULT	unknown	__thiscall	AnonReceiver_0074C35B	/SubmarineTitans/Recovered/HiddenThis/AnonReceiver_0074C35B	220		0	0	0	0	0	0	review	incoming_receiver_captures=0; receiver_accesses=3; incoming_edx_uses=0; calls=0; ecx_pointer_setup=0; ecx_scalar_setup=0; caller_cleanup_calls=0; callee_ret_pop=[0]; expected_stack=0
0	0	0074C7F6	FUN_0074c7f6	DEFAULT	undefined FUN_0074c7f6(void)	DEFAULT	unknown	__thiscall	AnonReceiver_0074C7F6	/SubmarineTitans/Recovered/HiddenThis/AnonReceiver_0074C7F6	164		0	0	0	0	0	0	review	incoming_receiver_captures=0; receiver_accesses=1; incoming_edx_uses=0; calls=0; ecx_pointer_setup=0; ecx_scalar_setup=0; caller_cleanup_calls=0; callee_ret_pop=[4]; expected_stack=0; stack_discipline_mismatch
0	0	0074C842	FUN_0074c842	DEFAULT	undefined FUN_0074c842(void)	DEFAULT	unknown	__thiscall	AnonReceiver_0074C842	/SubmarineTitans/Recovered/HiddenThis/AnonReceiver_0074C842	164		0	0	0	0	0	0	review	incoming_receiver_captures=0; receiver_accesses=1; incoming_edx_uses=0; calls=0; ecx_pointer_setup=0; ecx_scalar_setup=0; caller_cleanup_calls=0; callee_ret_pop=[8]; expected_stack=0; stack_discipline_mismatch
0	0	0074C858	FUN_0074c858	DEFAULT	undefined FUN_0074c858(void)	DEFAULT	unknown	__thiscall	AnonReceiver_0074C858	/SubmarineTitans/Recovered/HiddenThis/AnonReceiver_0074C858	164		0	0	0	0	0	0	review	incoming_receiver_captures=0; receiver_accesses=2; incoming_edx_uses=0; calls=0; ecx_pointer_setup=0; ecx_scalar_setup=0; caller_cleanup_calls=0; callee_ret_pop=[8]; expected_stack=0; stack_discipline_mismatch
