create_apply	signature_apply	name_apply	representative	record_index	record_address	type_id	type_id_hex	enum_value_name	raw_factory_address	target_address	entry_bytes	current_name	current_name_source	current_signature	current_signature_source	current_return_type	proposed_name	proposed_return_type	owner	allocation_size	constructor_owners	confidence	reason
0	1	0	1	0	007CA720	2	0x0002	ST_OBJECT_BUTTON	0071E000	0071E000	5668EC010000E8C524F9FF8BF085F674	CreateButton	ANALYSIS	ButtonClassTy * __cdecl CreateButton(void)	ANALYSIS	/ButtonClassTy *32	CreateButton	ButtonClassTy *	ButtonClassTy	492		high	registry[0] at 007CA720 stores type 0x0002 and executable pointer 0071E000; allocation size 492 uniquely matches /ButtonClassTy
0	1	0	1	1	007CA728	3	0x0003	ST_OBJECT_TRACKBAR	00725520	00725520	56689C010000E8A5AFF8FF8BF085F674	CreateTrackbar	ANALYSIS	TrackbarClassTy * __cdecl CreateTrackbar(void)	ANALYSIS	/TrackbarClassTy *32	CreateTrackbar	TrackbarClassTy *	TrackbarClassTy	412		high	registry[1] at 007CA728 stores type 0x0003 and executable pointer 00725520; allocation size 412 uniquely matches /TrackbarClassTy
0	1	0	1	2	007CA730	4	0x0004	ST_OBJECT_SLIDER	00724D00	00724D00	6A64E8C9B7F8FF85C074078BC8E9FEF5	CreateSlider	ANALYSIS	SliderClassTy * __cdecl CreateSlider(void)	ANALYSIS	/SliderClassTy *32	CreateSlider	SliderClassTy *	SliderClassTy	100		high	registry[2] at 007CA730 stores type 0x0004 and executable pointer 00724D00; allocation size 100 uniquely matches /SliderClassTy
0	1	0	1	3	007CA738	5	0x0005	ST_OBJECT_TYPE_0005	007242D0	007242D0	566A78E8F8C1F8FF8BF085F6741F8BCE	FUN_007242d0	DEFAULT	void * __cdecl FUN_007242d0(void)	ANALYSIS	/void *32	CreateObjectType_0005	void *		120		review	registry[3] at 007CA738 stores type 0x0005 and executable pointer 007242D0; allocation size 120 has no unique current class-layout match
0	1	0	1	4	007CA740	6	0x0006	ST_OBJECT_EDITOR	007233B0	007233B0	6818020000E816D1F8FF85C074078BC8	CreateEditor	ANALYSIS	EditorClassTy * __cdecl CreateEditor(void)	ANALYSIS	/EditorClassTy *32	CreateEditor	EditorClassTy *	EditorClassTy	536		high	registry[4] at 007CA740 stores type 0x0006 and executable pointer 007233B0; allocation size 536 uniquely matches /EditorClassTy
0	1	0	1	5	007CA748	7	0x0007	ST_OBJECT_LIST	00720960	00720960	5657680C020000E864FBF8FF8BF033FF	CreateList	ANALYSIS	ListClassTy * __cdecl CreateList(void)	ANALYSIS	/ListClassTy *32	CreateList	ListClassTy *	ListClassTy	524		high	registry[5] at 007CA748 stores type 0x0007 and executable pointer 00720960; allocation size 524 uniquely matches /ListClassTy
0	1	0	1	6	007CA750	8	0x0008	ST_OBJECT_VIEWER	0071F210	0071F210	68F8010000E8B612F9FF85C074078BC8	CreateViewer	ANALYSIS	ViewerClassTy * __cdecl CreateViewer(void)	ANALYSIS	/ViewerClassTy *32	CreateViewer	ViewerClassTy *	ViewerClassTy	504		high	registry[6] at 007CA750 stores type 0x0008 and executable pointer 0071F210; allocation size 504 uniquely matches /ViewerClassTy
0	1	0	1	7	007CA758	9	0x0009	ST_OBJECT_RADIO	0071E6D0	0071E6D0	6A68E8F91DF9FF85C074078BC8E95EF9	CreateRadio	ANALYSIS	RadioClassTy * __cdecl CreateRadio(void)	ANALYSIS	/RadioClassTy *32	CreateRadio	RadioClassTy *	RadioClassTy	104		high	registry[7] at 007CA758 stores type 0x0009 and executable pointer 0071E6D0; allocation size 104 uniquely matches /RadioClassTy
0	1	0	1	8	007CA760	1	0x0001	ST_OBJECT_TYPE_0001	0071B190	0071B190	6890000000E89633010083C40485C074	FUN_0071b190	DEFAULT	void * __cdecl FUN_0071b190(void)	ANALYSIS	/void *32	CreateObjectType_0001	void *				exact_factory_abi	registry[8] at 007CA760 stores type 0x0001 and executable pointer 0071B190
0	1	0	1	9	007CA768	33024	0x8100	ST_OBJECT_TYPE_8100	0040217B	00495720	E9A0350900E9EB152300E9C6281500E9	FUN_00495720	DEFAULT	void * __cdecl FUN_00495720(void)	ANALYSIS	/void *32	CreateObjectType_8100	void *		44		review	registry[9] at 007CA768 stores type 0x8100 and executable pointer 0040217B; allocation size 44 has no unique current class-layout match
0	1	0	1	10	007CA770	256	0x0100	ST_OBJECT_TYPE_0100	00401C5D	004A88F0	E98E6C0A00E929EF0C00E9A4F32400E9	FUN_004a88f0	DEFAULT	void * __cdecl FUN_004a88f0(void)	ANALYSIS	/void *32	CreateObjectType_0100	void *		32	OpticClassC	review	registry[10] at 007CA770 stores type 0x0100 and executable pointer 00401C5D; allocation size 32 has no unique current class-layout match
0	1	0	1	11	007CA778	257	0x0101	ST_OBJECT_TYPE_0101	00405353	00543450	E9F8E01300E9E3372100E90E561200E9	FUN_00543450	DEFAULT	void * __cdecl FUN_00543450(void)	ANALYSIS	/void *32	CreateObjectType_0101	void *		1275	SpriteClassTy	review	registry[11] at 007CA778 stores type 0x0101 and executable pointer 00405353; allocation size 1275 has no unique current class-layout match
0	1	0	1	12	007CA780	258	0x0102	ST_OBJECT_TYPE_0102	0040374C	00495950	E9FF210900E99ABA1F00E9F58D1E00E9	FUN_00495950	DEFAULT	void * __cdecl FUN_00495950(void)	ANALYSIS	/void *32	CreateObjectType_0102	void *		24	DumpClassC	review	registry[12] at 007CA780 stores type 0x0102 and executable pointer 0040374C; allocation size 24 has no unique current class-layout match
0	1	0	1	13	007CA788	259	0x0103	ST_OBJECT_ST_ALGA	00404B38	00576A60	E9231F1700E95E8B2500E9B92C0F00E9	CreateSTAlga	ANALYSIS	STAlgaC * __cdecl CreateSTAlga(void)	ANALYSIS	/STAlgaC *32	CreateSTAlga	STAlgaC *	STAlgaC	76		high	registry[13] at 007CA788 stores type 0x0103 and executable pointer 00404B38; allocation size 76 uniquely matches /STAlgaC
0	1	0	1	14	007CA790	260	0x0104	ST_OBJECT_TYPE_0104	00401E1A	0048A640	E921880800E96C410E00E987602100E9	FUN_0048a640	DEFAULT	void * __cdecl FUN_0048a640(void)	ANALYSIS	/void *32	CreateObjectType_0104	void *		2142	STBoatC	review	registry[14] at 007CA790 stores type 0x0104 and executable pointer 00401E1A; allocation size 2142 has no unique current class-layout match
0	1	0	1	15	007CA798	262	0x0106	ST_OBJECT_ST_TORP	00402419	00645830	E912342400E96D181400E9F80D0200E9	CreateSTTorp	ANALYSIS	STTorpC * __cdecl CreateSTTorp(void)	ANALYSIS	/STTorpC *32	CreateSTTorp	STTorpC *	STTorpC	649	STGameObjC	high	registry[15] at 007CA798 stores type 0x0106 and executable pointer 00402419; allocation size 649 uniquely matches /STTorpC; calls base/helper constructor(s) STGameObjC; exact derived allocation size wins
0	1	0	1	16	007CA7A0	263	0x0107	ST_OBJECT_ST_FISH	00401492	0057CC60	E9C9B71700E9F42E2900E9AFDE1A00E9	CreateSTFish	ANALYSIS	STFishC * __cdecl CreateSTFish(void)	ANALYSIS	/STFishC *32	CreateSTFish	STFishC *	STFishC	619	STFishC	high	registry[16] at 007CA7A0 stores type 0x0107 and executable pointer 00401492; allocation size 619 uniquely matches /STFishC; calls named constructor STFishC::STFishC
0	1	0	1	17	007CA7A8	266	0x010A	ST_OBJECT_TYPE_010A	00404FFC	005FD6E0	E9DF861F00E90AD80B00E9C5B31E00E9	FUN_005fd6e0	DEFAULT	void * __cdecl FUN_005fd6e0(void)	ANALYSIS	/void *32	CreateObjectType_010A	void *		579		review	registry[17] at 007CA7A8 stores type 0x010A and executable pointer 00404FFC; allocation size 579 has no unique current class-layout match
0	1	0	1	18	007CA7B0	267	0x010B	ST_OBJECT_ST_DC_RESOURC	00405BB9	0057F1A0	E9E2951700E9FD650200E968701C00E9	CreateSTDcResourc	ANALYSIS	STDcResourcC * __cdecl CreateSTDcResourc(void)	ANALYSIS	/STDcResourcC *32	CreateSTDcResourc	STDcResourcC *	STDcResourcC	631	STDcResourcC	high	registry[18] at 007CA7B0 stores type 0x010B and executable pointer 00405BB9; allocation size 631 uniquely matches /STDcResourcC; calls named constructor STDcResourcC::STDcResourcC
0	1	0	1	19	007CA7B8	268	0x010C	ST_OBJECT_TYPE_010C	00402FCC	00639450	E97F642300E95A711600E985690E00E9	FUN_00639450	DEFAULT	void * __cdecl FUN_00639450(void)	ANALYSIS	/void *32	CreateObjectType_010C	void *		728		review	registry[19] at 007CA7B8 stores type 0x010C and executable pointer 00402FCC; allocation size 728 has no unique current class-layout match
0	1	0	1	20	007CA7C0	269	0x010D	ST_OBJECT_TYPE_010D	00405EED	0063BF70	E97E602300E9E9031800E914DB1200E9	FUN_0063bf70	DEFAULT	void * __cdecl FUN_0063bf70(void)	ANALYSIS	/void *32	CreateObjectType_010D	void *		944		review	registry[20] at 007CA7C0 stores type 0x010D and executable pointer 00405EED; allocation size 944 has no unique current class-layout match
0	1	0	1	21	007CA7C8	292	0x0124	ST_OBJECT_ST_EXPLOSION	00405079	00604050	E9D2EF1F00E9BD6E1400E9082D0B00E9	CreateSTExplosion	ANALYSIS	STExplosion * __cdecl CreateSTExplosion(void)	ANALYSIS	/STExplosion *32	CreateSTExplosion	STExplosion *	STExplosion	703	STExplosion	high	registry[21] at 007CA7C8 stores type 0x0124 and executable pointer 00405079; allocation size 703 uniquely matches /STExplosion; calls named constructor STExplosion::STExplosion
0	1	0	1	22	007CA7D0	306	0x0132	ST_OBJECT_ST_RUBBISH	004054FC	0062ECE0	E9DF972200E9DA6D0100E985DE2900E9	CreateSTRubbish	ANALYSIS	STRubbishC * __cdecl CreateSTRubbish(void)	ANALYSIS	/STRubbishC *32	CreateSTRubbish	STRubbishC *	STRubbishC	510	STRubbishC	high	registry[22] at 007CA7D0 stores type 0x0132 and executable pointer 004054FC; allocation size 510 uniquely matches /STRubbishC; calls named constructor STRubbishC::STRubbishC
0	1	0	1	23	007CA7D8	511	0x01FF	ST_OBJECT_TLO_BASE	00403B84	004BE350	E9C7A70B00E9226A2400E97D5F1B00E9	CreateTLOBase	ANALYSIS	TLOBaseTy * __cdecl CreateTLOBase(void)	ANALYSIS	/TLOBaseTy *32	CreateTLOBase	TLOBaseTy *	TLOBaseTy	1571	TLOBaseTy	high	registry[23] at 007CA7D8 stores type 0x01FF and executable pointer 00403B84; calls named constructor TLOBaseTy::TLOBaseTy whose class length matches allocation size 1571
0	1	0	1	24	007CA7E0	512	0x0200	ST_OBJECT_TLO_EMBRYO	00405498	004D6DC0	E923190D00E91EC71700E9B9AF0E00E9	CreateTLOEmbryo	ANALYSIS	TLOEmbryoTy * __cdecl CreateTLOEmbryo(void)	ANALYSIS	/TLOEmbryoTy *32	CreateTLOEmbryo	TLOEmbryoTy *	TLOEmbryoTy	884		high	registry[24] at 007CA7E0 stores type 0x0200 and executable pointer 00405498; allocation size 884 uniquely matches /TLOEmbryoTy
0	1	0	1	25	007CA7E8	513	0x0201	ST_OBJECT_TLO_BLD_MARK	00404D2C	004C6B20	E9EF1D0C00E9AA652700E9159D1300E9	CreateTLOBldMark	ANALYSIS	TLOBldMark * __cdecl CreateTLOBldMark(void)	ANALYSIS	/TLOBldMark *32	CreateTLOBldMark	TLOBldMark *	TLOBldMark	60	TLOBldMark	high	registry[25] at 007CA7E8 stores type 0x0201 and executable pointer 00404D2C; allocation size 60 uniquely matches /TLOBldMark; calls named constructor TLOBldMark::TLOBldMark
0	1	0	1	26	007CA7F0	514	0x0202	ST_OBJECT_TLO_FAKE	0040382D	004D0ED0	E99ED60C00E9D9B02400E9042A1800E9	CreateTLOFake	ANALYSIS	TLOFakeTy * __cdecl CreateTLOFake(void)	ANALYSIS	/TLOFakeTy *32	CreateTLOFake	TLOFakeTy *	TLOFakeTy	593	TLOFakeTy	high	registry[26] at 007CA7F0 stores type 0x0202 and executable pointer 0040382D; allocation size 593 uniquely matches /TLOFakeTy; calls named constructor TLOFakeTy::TLOFakeTy
0	1	0	1	27	007CA7F8	4351	0x10FF	ST_OBJECT_TYPE_10FF	0040111D	004A8890	E96E770A00E939AA0D00E9E4471500E9	FUN_004a8890	DEFAULT	void * __cdecl FUN_004a8890(void)	ANALYSIS	/void *32	CreateObjectType_10FF	void *		786	STGroupBoatC	review	registry[27] at 007CA7F8 stores type 0x10FF and executable pointer 0040111D; allocation size 786 has no unique current class-layout match
0	1	0	1	28	007CA800	4352	0x1100	ST_OBJECT_TYPE_1100	00404BB5	0044E660	E9A69A0400E9B12A2200E90C990E00E9	FUN_0044e660	DEFAULT	void * __cdecl FUN_0044e660(void)	ANALYSIS	/void *32	CreateObjectType_1100	void *		32	STAllPlayersC	review	registry[28] at 007CA800 stores type 0x1100 and executable pointer 00404BB5; allocation size 32 has no unique current class-layout match
0	1	0	1	29	007CA808	265	0x0109	ST_OBJECT_TRAKS	004025A9	00556730	E982411500E99DE10200E998C91600E9	CreateTraks	ANALYSIS	TraksClassTy * __cdecl CreateTraks(void)	ANALYSIS	/TraksClassTy *32	CreateTraks	TraksClassTy *	TraksClassTy	2092	TraksClassTy	high	registry[29] at 007CA808 stores type 0x0109 and executable pointer 004025A9; allocation size 2092 uniquely matches /TraksClassTy; calls named constructor TraksClassTy::TraksClassTy
0	1	0	1	30	007CA810	287	0x011F	ST_OBJECT_MONEY	004048BD	0052B670	E9AE6D1200E9F9440200E9A49A0F00E9	CreateMoney	ANALYSIS	MoneyTy * __cdecl CreateMoney(void)	ANALYSIS	/MoneyTy *32	CreateMoney	MoneyTy *	MoneyTy	166		high	registry[30] at 007CA810 stores type 0x011F and executable pointer 004048BD; allocation size 166 uniquely matches /MoneyTy
0	1	0	1	31	007CA818	288	0x0120	ST_OBJECT_TYPE_0120	004054B6	004F4F60	E9A5FA0E00E960D42800E9DB082300E9	FUN_004f4f60	DEFAULT	void * __cdecl FUN_004f4f60(void)	ANALYSIS	/void *32	CreateObjectType_0120	void *		3566		review	registry[31] at 007CA818 stores type 0x0120 and executable pointer 004054B6; allocation size 3566 has no unique current class-layout match
0	1	0	1	32	007CA820	289	0x0121	ST_OBJECT_TYPE_0121	0040150F	00558BA0	E98C761500E9574C2300E912A00A00E9	FUN_00558ba0	DEFAULT	void * __cdecl FUN_00558ba0(void)	ANALYSIS	/void *32	CreateObjectType_0121	void *		664	VisibleClassTy	review	registry[32] at 007CA820 stores type 0x0121 and executable pointer 0040150F; allocation size 664 has no unique current class-layout match
0	1	0	1	33	007CA828	290	0x0122	ST_OBJECT_OPT_PANEL	004038FF	0052E3A0	E99CAA1200E977C22400E952780D00E9	CreateOptPanel	ANALYSIS	OptPanelTy * __cdecl CreateOptPanel(void)	ANALYSIS	/OptPanelTy *32	CreateOptPanel	OptPanelTy *	OptPanelTy	774		high	registry[33] at 007CA828 stores type 0x0122 and executable pointer 004038FF; allocation size 774 uniquely matches /OptPanelTy
0	1	0	1	34	007CA830	328	0x0148	ST_OBJECT_INFOC_PANEL	00403FCB	0051FE40	E970BE1100E97B230100E976CF1700E9	CreateInfocPanel	ANALYSIS	InfocPanelTy * __cdecl CreateInfocPanel(void)	ANALYSIS	/InfocPanelTy *32	CreateInfocPanel	InfocPanelTy *	InfocPanelTy	985		high	registry[34] at 007CA830 stores type 0x0148 and executable pointer 00403FCB; allocation size 985 uniquely matches /InfocPanelTy
0	1	0	1	35	007CA838	329	0x0149	ST_OBJECT_TYPE_0149	00401C99	00550C90	E9F2EF1400E9FD6E1300E9D8C82400E9	FUN_00550c90	DEFAULT	void * __cdecl FUN_00550c90(void)	ANALYSIS	/void *32	CreateObjectType_0149	void *		481		review	registry[35] at 007CA838 stores type 0x0149 and executable pointer 00401C99; allocation size 481 has no unique current class-layout match
0	1	0	1	36	007CA840	330	0x014A	ST_OBJECT_BEH_PANEL	00404B01	004ED540	E93A8A0E00E9D5E42700E9C0242000E9	CreateBehPanel	ANALYSIS	BehPanelTy * __cdecl CreateBehPanel(void)	ANALYSIS	/BehPanelTy *32	CreateBehPanel	BehPanelTy *	BehPanelTy	700		high	registry[36] at 007CA840 stores type 0x014A and executable pointer 00404B01; allocation size 700 uniquely matches /BehPanelTy
0	1	0	1	37	007CA848	331	0x014B	ST_OBJECT_HELP_STRING	004043AE	0051F860	E9ADB41100E988282900E9D34B1B00E9	CreateHelpString	ANALYSIS	HelpStringTy * __cdecl CreateHelpString(void)	ANALYSIS	/HelpStringTy *32	CreateHelpString	HelpStringTy *	HelpStringTy	306		high	registry[37] at 007CA848 stores type 0x014B and executable pointer 004043AE; allocation size 306 uniquely matches /HelpStringTy
0	1	0	1	38	007CA850	291	0x0123	ST_OBJECT_PAUSE_PANEL	004021CB	005391E0	E910701300E91B761300E936B10A00E9	CreatePausePanel	ANALYSIS	PausePanelTy * __cdecl CreatePausePanel(void)	ANALYSIS	/PausePanelTy *32	CreatePausePanel	PausePanelTy *	PausePanelTy	392		high	registry[38] at 007CA850 stores type 0x0123 and executable pointer 004021CB; allocation size 392 uniquely matches /PausePanelTy
0	1	0	1	39	007CA858	769	0x0301	ST_OBJECT_MAIN_MENU	0040409D	005B50E0	E93E101B00E929C12200E9546C1500E9	CreateMainMenu	ANALYSIS	MainMenuTy * __cdecl CreateMainMenu(void)	ANALYSIS	/MainMenuTy *32	CreateMainMenu	MainMenuTy *	MainMenuTy	7908	SpriteClassTy	high	registry[39] at 007CA858 stores type 0x0301 and executable pointer 0040409D; allocation size 7908 uniquely matches /MainMenuTy; calls base/helper constructor(s) SpriteClassTy; exact derived allocation size wins
0	1	0	1	40	007CA860	770	0x0302	ST_OBJECT_M_TASK	004036B6	005E5720	E965201E00E950FC2700E98B2C1B00E9	CreateMTask	ANALYSIS	MTaskTy * __cdecl CreateMTask(void)	ANALYSIS	/MTaskTy *32	CreateMTask	MTaskTy *	MTaskTy	1751	SpriteClassTy	high	registry[40] at 007CA860 stores type 0x0302 and executable pointer 004036B6; allocation size 1751 uniquely matches /MTaskTy; calls base/helper constructor(s) SpriteClassTy; exact derived allocation size wins
0	1	0	1	41	007CA868	775	0x0307	ST_OBJECT_CAMPAIGN	00404EB7	00593860	E9A4E91800E95F200300E92A110900E9	CreateCampaign	ANALYSIS	CampaignTy * __cdecl CreateCampaign(void)	ANALYSIS	/CampaignTy *32	CreateCampaign	CampaignTy *	CampaignTy	8192	SpriteClassTy	high	registry[41] at 007CA868 stores type 0x0307 and executable pointer 00404EB7; allocation size 8192 uniquely matches /CampaignTy; calls base/helper constructor(s) SpriteClassTy; exact derived allocation size wins
0	1	0	1	42	007CA870	773	0x0305	ST_OBJECT_CHOOSE_MAP	00405C8B	005B2790	E900CB1A00E95B230100E9F6D92600E9	CreateChooseMap	ANALYSIS	ChooseMapTy * __cdecl CreateChooseMap(void)	ANALYSIS	/ChooseMapTy *32	CreateChooseMap	ChooseMapTy *	ChooseMapTy	8388	SpriteClassTy	high	registry[42] at 007CA870 stores type 0x0305 and executable pointer 00405C8B; allocation size 8388 uniquely matches /ChooseMapTy; calls base/helper constructor(s) SpriteClassTy; exact derived allocation size wins
0	1	0	1	43	007CA878	774	0x0306	ST_OBJECT_SETT_MAP	00405745	005D77A0	E956201D00E931800100E92C6C0100E9	CreateSettMap	ANALYSIS	SettMapTy * __cdecl CreateSettMap(void)	ANALYSIS	/SettMapTy *32	CreateSettMap	SettMapTy *	SettMapTy	8700	SpriteClassTy	high	registry[43] at 007CA878 stores type 0x0306 and executable pointer 00405745; allocation size 8700 uniquely matches /SettMapTy; calls base/helper constructor(s) SpriteClassTy; exact derived allocation size wins
0	1	0	1	44	007CA880	779	0x030B	ST_OBJECT_SETT_MAP_M	00401AFF	005D4B40	E93C301D00E9A74B1F00E9D2FD2500E9	CreateSettMapM	ANALYSIS	SettMapMTy * __cdecl CreateSettMapM(void)	ANALYSIS	/SettMapMTy *32	CreateSettMapM	SettMapMTy *	SettMapMTy	8773	SpriteClassTy	high	registry[44] at 007CA880 stores type 0x030B and executable pointer 00401AFF; allocation size 8773 uniquely matches /SettMapMTy; calls base/helper constructor(s) SpriteClassTy; exact derived allocation size wins
0	1	0	1	45	007CA888	771	0x0303	ST_OBJECT_TYPE_0303	00402AA9	005B95B0	E9026B1B00E92D4C0E00E9E8F82900E9	FUN_005b95b0	DEFAULT	void * __cdecl FUN_005b95b0(void)	ANALYSIS	/void *32	CreateObjectType_0303	void *		7850	SpriteClassTy	review	registry[45] at 007CA888 stores type 0x0303 and executable pointer 00402AA9; allocation size 7850 has no unique current class-layout match
0	1	0	1	46	007CA890	776	0x0308	ST_OBJECT_M_ADV	0040423C	00590AD0	E98FC81800E9DAAC1300E975C51000E9	CreateMAdv	ANALYSIS	MAdvTy * __cdecl CreateMAdv(void)	ANALYSIS	/MAdvTy *32	CreateMAdv	MAdvTy *	MAdvTy	98		high	registry[46] at 007CA890 stores type 0x0308 and executable pointer 0040423C; allocation size 98 uniquely matches /MAdvTy
0	1	0	1	47	007CA898	777	0x0309	ST_OBJECT_TYPE_0309	0040181B	005D9F80	E960871D00E98B0D2900E966112200E9	FUN_005d9f80	DEFAULT	void * __cdecl FUN_005d9f80(void)	ANALYSIS	/void *32	CreateObjectType_0309	void *		7640	SpriteClassTy	review	registry[47] at 007CA898 stores type 0x0309 and executable pointer 0040181B; allocation size 7640 has no unique current class-layout match
0	1	0	1	48	007CA8A0	778	0x030A	ST_OBJECT_PRIVIDER	004051A0	005BD2E0	E93B811B00E906262300E9D1942000E9	CreatePrivider	ANALYSIS	PrividerTy * __cdecl CreatePrivider(void)	ANALYSIS	/PrividerTy *32	CreatePrivider	PrividerTy *	PrividerTy	7326	SpriteClassTy	high	registry[48] at 007CA8A0 stores type 0x030A and executable pointer 004051A0; allocation size 7326 uniquely matches /PrividerTy; calls base/helper constructor(s) SpriteClassTy; exact derived allocation size wins
0	1	0	1	49	007CA8A8	780	0x030C	ST_OBJECT_TYPE_030C	004045D4	005E6570	E9971F1E00E9E28D0A00E95D7D0100E9	FUN_005e6570	DEFAULT	void * __cdecl FUN_005e6570(void)	ANALYSIS	/void *32	CreateObjectType_030C	void *		180		review	registry[49] at 007CA8A8 stores type 0x030C and executable pointer 004045D4; allocation size 180 has no unique current class-layout match
0	1	0	1	50	007CA8B0	781	0x030D	ST_OBJECT_WAIT	00405268	005EAD30	E9C35A1E00E93E1C2900E989D32100E9	CreateWait	ANALYSIS	WaitTy * __cdecl CreateWait(void)	ANALYSIS	/WaitTy *32	CreateWait	WaitTy *	WaitTy	6916	SpriteClassTy	high	registry[50] at 007CA8B0 stores type 0x030D and executable pointer 00405268; allocation size 6916 uniquely matches /WaitTy; calls base/helper constructor(s) SpriteClassTy; exact derived allocation size wins
0	1	0	1	51	007CA8B8	782	0x030E	ST_OBJECT_FSGS	004038C8	005AA2C0	E9F3691A00E9CE281800E909292400E9	CreateFSGS	ANALYSIS	FSGSTy * __cdecl CreateFSGS(void)	ANALYSIS	/FSGSTy *32	CreateFSGS	FSGSTy *	FSGSTy	8387	SpriteClassTy	high	registry[51] at 007CA8B8 stores type 0x030E and executable pointer 004038C8; allocation size 8387 uniquely matches /FSGSTy; calls base/helper constructor(s) SpriteClassTy; exact derived allocation size wins
0	1	0	1	52	007CA8C0	772	0x0304	ST_OBJECT_M_REPORT	0040166D	005C2620	E9AE0F1C00E9D9042200E924D62700E9	CreateMReport	ANALYSIS	MReportTy * __cdecl CreateMReport(void)	ANALYSIS	/MReportTy *32	CreateMReport	MReportTy *	MReportTy	1115		high	registry[52] at 007CA8C0 stores type 0x0304 and executable pointer 0040166D; allocation size 1115 uniquely matches /MReportTy
0	1	0	1	53	007CA8C8	293	0x0125	ST_OBJECT_POP_UP	00402EE1	0052D020	E93AA11200E925420900E940F91000E9	CreatePopUp	ANALYSIS	PopUpTy * __cdecl CreatePopUp(void)	ANALYSIS	/PopUpTy *32	CreatePopUp	PopUpTy *	PopUpTy	161		high	registry[53] at 007CA8C8 stores type 0x0125 and executable pointer 00402EE1; allocation size 161 uniquely matches /PopUpTy
0	1	0	1	54	007CA8D0	295	0x0127	ST_OBJECT_RESEARCH_PANEL	00401596	0053BFF0	E955AA1300E940D72900E9FBFB1300E9	CreateResearchPanel	ANALYSIS	ResearchPanelTy * __cdecl CreateResearchPanel(void)	ANALYSIS	/ResearchPanelTy *32	CreateResearchPanel	ResearchPanelTy *	ResearchPanelTy	646		high	registry[54] at 007CA8D0 stores type 0x0127 and executable pointer 00401596; allocation size 646 uniquely matches /ResearchPanelTy
0	1	0	1	55	007CA8D8	296	0x0128	ST_OBJECT_TYPE_0128	00403571	004EE8E0	E96AB30E00E9B5541200E930580D00E9	FUN_004ee8e0	DEFAULT	void * __cdecl FUN_004ee8e0(void)	ANALYSIS	/void *32	CreateObjectType_0128	void *		662		review	registry[55] at 007CA8D8 stores type 0x0128 and executable pointer 00403571; allocation size 662 has no unique current class-layout match
0	1	0	1	56	007CA8E0	297	0x0129	ST_OBJECT_ST_SHARK	00404A98	0058E410	E973991800E94ED80D00E959C91600E9	CreateSTShark	ANALYSIS	STSharkC * __cdecl CreateSTShark(void)	ANALYSIS	/STSharkC *32	CreateSTShark	STSharkC *	STSharkC	655	STSharkC	high	registry[56] at 007CA8E0 stores type 0x0129 and executable pointer 00404A98; allocation size 655 uniquely matches /STSharkC; calls named constructor STSharkC::STSharkC
0	1	0	1	57	007CA8E8	298	0x012A	ST_OBJECT_TYPE_012A	004054A2	004F0460	E9B9AF0E00E994950E00E9BFC22400E9	FUN_004f0460	DEFAULT	void * __cdecl FUN_004f0460(void)	ANALYSIS	/void *32	CreateObjectType_012A	void *		662		review	registry[57] at 007CA8E8 stores type 0x012A and executable pointer 004054A2; allocation size 662 has no unique current class-layout match
0	1	0	1	58	007CA8F0	337	0x0151	ST_OBJECT_BLD_LAB_PANEL	0040184D	004EFA40	E9EEE10E00E9F9592700E944071100E9	CreateBldLabPanel	ANALYSIS	BldLabPanelTy * __cdecl CreateBldLabPanel(void)	ANALYSIS	/BldLabPanelTy *32	CreateBldLabPanel	BldLabPanelTy *	BldLabPanelTy	638		high	registry[58] at 007CA8F0 stores type 0x0151 and executable pointer 0040184D; allocation size 638 uniquely matches /BldLabPanelTy
0	1	0	1	59	007CA8F8	299	0x012B	ST_OBJECT_TYPE_012B	00405457	00521840	E9E4C31100E9DF6D0D00E92AD22900E9	FUN_00521840	DEFAULT	void * __cdecl FUN_00521840(void)	ANALYSIS	/void *32	CreateObjectType_012B	void *		421		review	registry[59] at 007CA8F8 stores type 0x012B and executable pointer 00405457; allocation size 421 has no unique current class-layout match
0	1	0	1	60	007CA900	339	0x0153	ST_OBJECT_UPG_PANEL	0040403E	005527D0	E98DE71400E928591800E943630D00E9	CreateUpgPanel	ANALYSIS	UpgPanelTy * __cdecl CreateUpgPanel(void)	ANALYSIS	/UpgPanelTy *32	CreateUpgPanel	UpgPanelTy *	UpgPanelTy	1015		high	registry[60] at 007CA900 stores type 0x0153 and executable pointer 0040403E; allocation size 1015 uniquely matches /UpgPanelTy
0	1	0	1	61	007CA908	340	0x0154	ST_OBJECT_TYPE_0154	004018B1	00539AA0	E9EA811300E9D5E72400E980E31E00E9	FUN_00539aa0	DEFAULT	void * __cdecl FUN_00539aa0(void)	ANALYSIS	/void *32	CreateObjectType_0154	void *		481		review	registry[61] at 007CA908 stores type 0x0154 and executable pointer 004018B1; allocation size 481 has no unique current class-layout match
0	1	0	1	62	007CA910	342	0x0156	ST_OBJECT_HELP_PANEL	004014D3	00510C50	E978F71000E943BE1200E9FE6E2300E9	CreateHelpPanel	ANALYSIS	HelpPanelTy * __cdecl CreateHelpPanel(void)	ANALYSIS	/HelpPanelTy *32	CreateHelpPanel	HelpPanelTy *	HelpPanelTy	596		high	registry[62] at 007CA910 stores type 0x0156 and executable pointer 004014D3; allocation size 596 uniquely matches /HelpPanelTy
0	1	0	1	63	007CA918	341	0x0155	ST_OBJECT_FRM_PANEL	0040579A	0050FC70	E9D1A41000E97CD90100E907782100E9	CreateFrmPanel	ANALYSIS	FrmPanelTy * __cdecl CreateFrmPanel(void)	ANALYSIS	/FrmPanelTy *32	CreateFrmPanel	FrmPanelTy *	FrmPanelTy	483		high	registry[63] at 007CA918 stores type 0x0155 and executable pointer 0040579A; allocation size 483 uniquely matches /FrmPanelTy
0	1	0	1	64	007CA920	302	0x012E	ST_OBJECT_SOUND_MANAGER	00403C97	00566590	E9F4281600E9AFB60100E91A0C2900E9	CreateSoundManager	ANALYSIS	SoundManagerTy * __cdecl CreateSoundManager(void)	ANALYSIS	/SoundManagerTy *32	CreateSoundManager	SoundManagerTy *	SoundManagerTy	65		high	registry[64] at 007CA920 stores type 0x012E and executable pointer 00403C97; allocation size 65 uniquely matches /SoundManagerTy
0	1	0	1	65	007CA928	304	0x0130	ST_OBJECT_TYPE_0130	004038CD	005861A0	E9CE281800E909292400E9A46D1E00E9	FUN_005861a0	DEFAULT	void * __cdecl FUN_005861a0(void)	ANALYSIS	/void *32	CreateObjectType_0130	void *		650	STLBombC	review	registry[65] at 007CA928 stores type 0x0130 and executable pointer 004038CD; allocation size 650 has no unique current class-layout match
0	1	0	1	66	007CA930	305	0x0131	ST_OBJECT_TYPE_0131	00403D2D	00589940	E90E5C1800E9D90E2700E9B4DF1300E9	FUN_00589940	DEFAULT	void * __cdecl FUN_00589940(void)	ANALYSIS	/void *32	CreateObjectType_0131	void *		678	STMBombC	review	registry[66] at 007CA930 stores type 0x0131 and executable pointer 00403D2D; allocation size 678 has no unique current class-layout match
0	1	0	1	67	007CA938	308	0x0134	ST_OBJECT_TYPE_0134	00401172	00609920	E9A9872000E934710D00E97F722400E9	FUN_00609920	DEFAULT	void * __cdecl FUN_00609920(void)	ANALYSIS	/void *32	CreateObjectType_0134	void *		600		review	registry[67] at 007CA938 stores type 0x0134 and executable pointer 00401172; allocation size 600 has no unique current class-layout match
0	1	0	1	68	007CA940	309	0x0135	ST_OBJECT_ST_VOLCANO	004034E5	00646C60	E976372400E9D1090200E93C6C1D00E9	CreateSTVolcano	ANALYSIS	STVolcanoC * __cdecl CreateSTVolcano(void)	ANALYSIS	/STVolcanoC *32	CreateSTVolcano	STVolcanoC *	STVolcanoC	181	STVolcanoC	high	registry[68] at 007CA940 stores type 0x0135 and executable pointer 004034E5; allocation size 181 uniquely matches /STVolcanoC; calls named constructor STVolcanoC::STVolcanoC
0	1	0	1	69	007CA948	310	0x0136	ST_OBJECT_ST_JUMP_MINE	004023E2	00619140	E9596D2100E9645E0D00E9EF6E2100E9	CreateSTJumpMine	ANALYSIS	STJumpMineC * __cdecl CreateSTJumpMine(void)	ANALYSIS	/STJumpMineC *32	CreateSTJumpMine	STJumpMineC *	STJumpMineC	337	STJumpMineC	high	registry[69] at 007CA948 stores type 0x0136 and executable pointer 004023E2; allocation size 337 uniquely matches /STJumpMineC; calls named constructor STJumpMineC::STJumpMineC
0	1	0	1	70	007CA950	311	0x0137	ST_OBJECT_TYPE_0137	00405858	00583E00	E9A3E51700E98E611B00E959EF0F00E9	FUN_00583e00	DEFAULT	void * __cdecl FUN_00583e00(void)	ANALYSIS	/void *32	CreateObjectType_0137	void *		660	STJellyGunC	review	registry[70] at 007CA950 stores type 0x0137 and executable pointer 00405858; allocation size 660 has no unique current class-layout match
0	1	0	1	71	007CA958	312	0x0138	ST_OBJECT_ST_JELLY_MAN	00403B11	00582280	E96AE71700E9D5221000E9F0601800E9	CreateSTJellyMan	ANALYSIS	STJellyManC * __cdecl CreateSTJellyMan(void)	ANALYSIS	/STJellyManC *32	CreateSTJellyMan	STJellyManC *	STJellyManC	531	STJellyManC	high	registry[71] at 007CA958 stores type 0x0138 and executable pointer 00403B11; allocation size 531 uniquely matches /STJellyManC; calls named constructor STJellyManC::STJellyManC
0	1	0	1	72	007CA960	319	0x013F	ST_OBJECT_ST_CRAB_013F	00401834	00579320	E9E77A1700E952540D00E93D892700E9	CreateSTCrab	ANALYSIS	STCrabC * __cdecl CreateSTCrab(void)	ANALYSIS	/STCrabC *32	CreateSTCrab	STCrabC *	STCrabC	641	STCrabC	high	registry[72] at 007CA960 stores type 0x013F and executable pointer 00401834; allocation size 641 uniquely matches /STCrabC; calls named constructor STCrabC::STCrabC
0	1	0	1	73	007CA968	320	0x0140	ST_OBJECT_ST_OCTOPUS_0140	00401D7A	0058A9B0	E9318C1800E96C192700E937001700E9	CreateSTOctopus	ANALYSIS	STOctopusC * __cdecl CreateSTOctopus(void)	ANALYSIS	/STOctopusC *32	CreateSTOctopus	STOctopusC *	STOctopusC	685	STOctopusC	high	registry[73] at 007CA968 stores type 0x0140 and executable pointer 00401D7A; allocation size 685 uniquely matches /STOctopusC; calls named constructor STOctopusC::STOctopusC
0	0	0	0	74	007CA970	321	0x0141	ST_OBJECT_ST_OCTOPUS_0141	00401D7A	0058A9B0	E9318C1800E96C192700E937001700E9	CreateSTOctopus	ANALYSIS	STOctopusC * __cdecl CreateSTOctopus(void)	ANALYSIS	/STOctopusC *32	CreateSTOctopus	STOctopusC *	STOctopusC	685	STOctopusC	high	registry[74] at 007CA970 stores type 0x0141 and executable pointer 00401D7A; allocation size 685 uniquely matches /STOctopusC; calls named constructor STOctopusC::STOctopusC
0	1	0	1	75	007CA978	333	0x014D	ST_OBJECT_TYPE_014D	00403BF7	0058CF60	E964931800E90FF61600E9FA2C1600E9	FUN_0058cf60	DEFAULT	void * __cdecl FUN_0058cf60(void)	ANALYSIS	/void *32	CreateObjectType_014D	void *		667	STSatC	review	registry[75] at 007CA978 stores type 0x014D and executable pointer 00403BF7; allocation size 667 has no unique current class-layout match
0	1	0	1	76	007CA980	323	0x0143	ST_OBJECT_SND_UNDER_ATT_MENEG	0040442B	0061FE30	E900BA2100E9EBA20C00E9B6B42800E9	CreateSndUnderAttMeneg	ANALYSIS	SndUnderAttMenegC * __cdecl CreateSndUnderAttMeneg(void)	ANALYSIS	/SndUnderAttMenegC *32	CreateSndUnderAttMeneg	SndUnderAttMenegC *	SndUnderAttMenegC	270		high	registry[76] at 007CA980 stores type 0x0143 and executable pointer 0040442B; allocation size 270 uniquely matches /SndUnderAttMenegC
0	1	0	1	77	007CA988	324	0x0144	ST_OBJECT_ST_COLL3	00401F82	005F65D0	E949461F00E964E51400E94FA82700E9	CreateSTColl3	ANALYSIS	STColl3C * __cdecl CreateSTColl3(void)	ANALYSIS	/STColl3C *32	CreateSTColl3	STColl3C *	STColl3C	755	STColl3C	high	registry[77] at 007CA988 stores type 0x0144 and executable pointer 00401F82; allocation size 755 uniquely matches /STColl3C; calls named constructor STColl3C::STColl3C
0	1	0	1	78	007CA990	325	0x0145	ST_OBJECT_ST_MAN_RUB3	004046DD	0062CEC0	E9DE872200E969BF2800E9B4452900E9	CreateSTManRub3	ANALYSIS	STManRub3C * __cdecl CreateSTManRub3(void)	ANALYSIS	/STManRub3C *32	CreateSTManRub3	STManRub3C *	STManRub3C	184	STManRub3C	high	registry[78] at 007CA990 stores type 0x0145 and executable pointer 004046DD; allocation size 184 uniquely matches /STManRub3C; calls named constructor STManRub3C::STManRub3C
0	1	0	1	79	007CA998	326	0x0146	ST_OBJECT_ST_MAN_RUIN	00402AEF	00630840	E94CDD2200E987EA2100E912510D00E9	CreateSTManRuin	ANALYSIS	STManRuinC * __cdecl CreateSTManRuin(void)	ANALYSIS	/STManRuinC *32	CreateSTManRuin	STManRuinC *	STManRuinC	117	STManRuinC	high	registry[79] at 007CA998 stores type 0x0146 and executable pointer 00402AEF; calls named constructor STManRuinC::STManRuinC whose class length matches allocation size 117
0	0	0	0	80	007CA9A0	322	0x0142	ST_OBJECT_ST_CRAB_0142	00401834	00579320	E9E77A1700E952540D00E93D892700E9	CreateSTCrab	ANALYSIS	STCrabC * __cdecl CreateSTCrab(void)	ANALYSIS	/STCrabC *32	CreateSTCrab	STCrabC *	STCrabC	641	STCrabC	high	registry[80] at 007CA9A0 stores type 0x0142 and executable pointer 00401834; allocation size 641 uniquely matches /STCrabC; calls named constructor STCrabC::STCrabC
0	1	0	1	81	007CA9A8	327	0x0147	ST_OBJECT_TYPE_0147	00404755	0060EC40	E9E6A42000E9E1DC1300E9ACAC0C00E9	FUN_0060ec40	DEFAULT	void * __cdecl FUN_0060ec40(void)	ANALYSIS	/void *32	CreateObjectType_0147	void *		792		review	registry[81] at 007CA9A8 stores type 0x0147 and executable pointer 00404755; allocation size 792 has no unique current class-layout match
0	1	0	1	82	007CA9B0	1024	0x0400	ST_OBJECT_AI_FLT	00401136	00668150	E915702600E970EF2900E9BB982000E9	CreateAiFlt	ANALYSIS	AiFltClassTy * __cdecl CreateAiFlt(void)	ANALYSIS	/AiFltClassTy *32	CreateAiFlt	AiFltClassTy *	AiFltClassTy	648	AiFltClassTy	high	registry[82] at 007CA9B0 stores type 0x0400 and executable pointer 00401136; calls named constructor AiFltClassTy::AiFltClassTy whose class length matches allocation size 648
0	1	0	1	83	007CA9B8	1025	0x0401	ST_OBJECT_AI_TACT	00402671	00690E60	E9EAE72800E935171500E920F01300E9	CreateAiTact	ANALYSIS	AiTactClassTy * __cdecl CreateAiTact(void)	ANALYSIS	/AiTactClassTy *32	CreateAiTact	AiTactClassTy *	AiTactClassTy	324	AiTactClassTy	high	registry[83] at 007CA9B8 stores type 0x0401 and executable pointer 00402671; allocation size 324 uniquely matches /AiTactClassTy; calls named constructor AiTactClassTy::AiTactClassTy
0	1	0	1	84	007CA9C0	1026	0x0402	ST_OBJECT_AI_PLR	00405916	0067CF00	E9E5752700E970951600E92B560400E9	CreateAiPlr	ANALYSIS	AiPlrClassTy * __cdecl CreateAiPlr(void)	ANALYSIS	/AiPlrClassTy *32	CreateAiPlr	AiPlrClassTy *	AiPlrClassTy	1794	AiPlrClassTy	high	registry[84] at 007CA9C0 stores type 0x0402 and executable pointer 00405916; calls named constructor AiPlrClassTy::AiPlrClassTy whose class length matches allocation size 1794
0	1	0	1	85	007CA9C8	1027	0x0403	ST_OBJECT_AI_BOSS	004052F4	006483D0	E9D7302400E942741400E9FD6B0A00E9	CreateAiBoss	ANALYSIS	AiBossClassTy * __cdecl CreateAiBoss(void)	ANALYSIS	/AiBossClassTy *32	CreateAiBoss	AiBossClassTy *	AiBossClassTy	1628	AiBossClassTy	high	registry[85] at 007CA9C8 stores type 0x0403 and executable pointer 004052F4; allocation size 1628 uniquely matches /AiBossClassTy; calls named constructor AiBossClassTy::AiBossClassTy
0	1	0	1	86	007CA9D0	65775	0x100EF	ST_OBJECT_TYPE_100EF	00402621	005947D0	E9AA211900E9F5B01900E940072800E9	FUN_005947d0	DEFAULT	void * __cdecl FUN_005947d0(void)	ANALYSIS	/void *32	CreateObjectType_100EF	void *		280		review	registry[86] at 007CA9D0 stores type 0x100EF and executable pointer 00402621; allocation size 280 has no unique current class-layout match
0	1	0	1	87	007CA9D8	332	0x014C	ST_OBJECT_TYPE_014C	00405772	0061D5F0	E9797E2100E9C4E52900E9BFBA1600E9	FUN_0061d5f0	DEFAULT	void * __cdecl FUN_0061d5f0(void)	ANALYSIS	/void *32	CreateObjectType_014C	void *		221	STLightC	review	registry[87] at 007CA9D8 stores type 0x014C and executable pointer 00405772; allocation size 221 has no unique current class-layout match
0	1	0	1	88	007CA9E0	335	0x014F	ST_OBJECT_ST_ARTIAFACT	0040228E	005EBC70	E9DD991E00E9D8632600E983E31300E9	CreateSTArtiafact	ANALYSIS	STArtiafactC * __cdecl CreateSTArtiafact(void)	ANALYSIS	/STArtiafactC *32	CreateSTArtiafact	STArtiafactC *	STArtiafactC	1143	STSprGameObjC	high	registry[88] at 007CA9E0 stores type 0x014F and executable pointer 0040228E; allocation size 1143 uniquely matches /STArtiafactC; calls base/helper constructor(s) STSprGameObjC; exact derived allocation size wins
0	1	0	1	89	007CA9E8	336	0x0150	ST_OBJECT_ANON_RECEIVER_005_F35_F0	00402C89	005F3410	E982071F00E9EDE82500E9F8AA0C00E9	CreateSTBHEShell	ANALYSIS	AnonReceiver_005F35F0 * __cdecl CreateSTBHEShell(void)	ANALYSIS	/SubmarineTitans/Recovered/HiddenThis/AnonReceiver_005F35F0 *32	CreateAnonReceiver_005F35F0	SubmarineTitans::Recovered::HiddenThis::AnonReceiver_005F35F0 *	SubmarineTitans::Recovered::HiddenThis::AnonReceiver_005F35F0	373	STBHEShellC	high	registry[89] at 007CA9E8 stores type 0x0150 and executable pointer 00402C89; allocation size 373 uniquely matches /SubmarineTitans/Recovered/HiddenThis/AnonReceiver_005F35F0; calls base/helper constructor(s) STBHEShellC; exact derived allocation size wins
0	1	0	1	90	007CA9F0	338	0x0152	ST_OBJECT_TYPE_0152	00405C09	00617810	E9021C2100E95DC82800E958842500E9	FUN_00617810	DEFAULT	void * __cdecl FUN_00617810(void)	ANALYSIS	/void *32	CreateObjectType_0152	void *		110	JumpManagC	review	registry[90] at 007CA9F0 stores type 0x0152 and executable pointer 00405C09; allocation size 110 has no unique current class-layout match
0	1	0	1	91	007CA9F8	343	0x0157	ST_OBJECT_ST_CONTAINER	00403558	005FC3A0	E9438E1F00E93EE41E00E919A01600E9	CreateSTContainer	ANALYSIS	STContainerC * __cdecl CreateSTContainer(void)	ANALYSIS	/STContainerC *32	CreateSTContainer	STContainerC *	STContainerC	1147	STSprGameObjC	existing_typed_return	registry[91] at 007CA9F8 stores type 0x0157 and executable pointer 00403558; current return pointer already names class STContainerC
0	1	0	1	92	007CAA00	344	0x0158	ST_OBJECT_ST_MINE_SET	00404E2B	006225D0	E9A0D72100E9FB1E0D00E936EC1400E9	CreateSTMineSet	ANALYSIS	STMineSetC * __cdecl CreateSTMineSet(void)	ANALYSIS	/STMineSetC *32	CreateSTMineSet	STMineSetC *	STMineSetC	871	STMineSetC	existing_typed_return	registry[92] at 007CAA00 stores type 0x0158 and executable pointer 00404E2B; current return pointer already names class STMineSetC
0	1	0	1	93	007CAA08	345	0x0159	ST_OBJECT_SAM_PANEL	00405D44	0053CE10	E9C7701300E9D2FA0200E92D662300E9	CreateSAMPanel	ANALYSIS	SAMPanelTy * __cdecl CreateSAMPanel(void)	ANALYSIS	/SAMPanelTy *32	CreateSAMPanel	SAMPanelTy *	SAMPanelTy	465		high	registry[93] at 007CAA08 stores type 0x0159 and executable pointer 00405D44; allocation size 465 uniquely matches /SAMPanelTy
0	1	0	1	94	007CAA10	346	0x015A	ST_OBJECT_ST_DEST	00404124	006023C0	E997E21F00E932C90E00E95D562400E9	CreateSTDest	ANALYSIS	STDestC * __cdecl CreateSTDest(void)	ANALYSIS	/STDestC *32	CreateSTDest	STDestC *	STDestC	943	STDestC	high	registry[94] at 007CAA10 stores type 0x015A and executable pointer 00404124; allocation size 943 uniquely matches /STDestC; calls named constructor STDestC::STDestC
0	1	0	1	95	007CAA18	347	0x015B	ST_OBJECT_ST_MAN_BASIS	0040258B	005F1320	E990ED1E00E9AB7D1000E9061D2900E9	CreateSTManBasis	ANALYSIS	STManBasisC * __cdecl CreateSTManBasis(void)	ANALYSIS	/STManBasisC *32	CreateSTManBasis	STManBasisC *	STManBasisC	72	STManBasisC	high	registry[95] at 007CAA18 stores type 0x015B and executable pointer 0040258B; allocation size 72 uniquely matches /STManBasisC; calls named constructor STManBasisC::STManBasisC
