apply	family_id	canonical_type	member_type	length	named_fields	evidence
0	EXACT_01E4DB4E75B7	/SubmarineTitans/Recovered/PointerShapes/AnonShape_00618900_C8E92F3A	/SubmarineTitans/Recovered/PointerShapes/AnonShape_00618900_C8E92F3A	104	1	exact offset/type/length fingerprint
0	EXACT_01E4DB4E75B7	/SubmarineTitans/Recovered/PointerShapes/AnonShape_00618900_C8E92F3A	/SubmarineTitans/Recovered/PointerShapes/AnonShape_00618A50_99CF0829	104	1	exact offset/type/length fingerprint
1	EXACT_03A1F874B6DA	/SubmarineTitans/Recovered/PointerShapes/AnonNested_004D0A80_024D_FEDAAB1B	/SubmarineTitans/Recovered/PointerShapes/AnonNested_004D0A80_024D_FEDAAB1B	12	3	exact offset/type/length fingerprint
1	EXACT_03A1F874B6DA	/SubmarineTitans/Recovered/PointerShapes/AnonNested_004D0A80_024D_FEDAAB1B	/SubmarineTitans/Recovered/PointerShapes/AnonNested_0052A430_0014_F40A3334	12	3	exact offset/type/length fingerprint
1	EXACT_03A1F874B6DA	/SubmarineTitans/Recovered/PointerShapes/AnonNested_004D0A80_024D_FEDAAB1B	/SubmarineTitans/Recovered/PointerShapes/AnonNested_0075EB40_0080_454B432A	12	3	exact offset/type/length fingerprint
0	EXACT_071C1E69EAC6	/SubmarineTitans/Recovered/PointerShapes/AnonShape_0065D6A0_A68E55B5	/SubmarineTitans/Recovered/PointerShapes/AnonShape_0065D6A0_A68E55B5	128	2	exact offset/type/length fingerprint
0	EXACT_071C1E69EAC6	/SubmarineTitans/Recovered/PointerShapes/AnonShape_0065D6A0_A68E55B5	/SubmarineTitans/Recovered/PointerShapes/AnonShape_0065D6E0_0F9074F6	128	2	exact offset/type/length fingerprint
0	EXACT_071C1E69EAC6	/SubmarineTitans/Recovered/PointerShapes/AnonShape_0065D6A0_A68E55B5	/SubmarineTitans/Recovered/PointerShapes/AnonShape_0065D720_52DE2AAB	128	2	exact offset/type/length fingerprint
0	EXACT_071C1E69EAC6	/SubmarineTitans/Recovered/PointerShapes/AnonShape_0065D6A0_A68E55B5	/SubmarineTitans/Recovered/PointerShapes/AnonShape_0065DA10_8B0AA883	128	2	exact offset/type/length fingerprint
0	EXACT_071C1E69EAC6	/SubmarineTitans/Recovered/PointerShapes/AnonShape_0065D6A0_A68E55B5	/SubmarineTitans/Recovered/PointerShapes/AnonShape_0065E360_B94C37CB	128	2	exact offset/type/length fingerprint
0	EXACT_071C1E69EAC6	/SubmarineTitans/Recovered/PointerShapes/AnonShape_0065D6A0_A68E55B5	/SubmarineTitans/Recovered/PointerShapes/AnonShape_0065FA10_37C5A4D3	128	2	exact offset/type/length fingerprint
0	EXACT_071C1E69EAC6	/SubmarineTitans/Recovered/PointerShapes/AnonShape_0065D6A0_A68E55B5	/SubmarineTitans/Recovered/PointerShapes/AnonShape_0065FD00_EB74ED0C	128	2	exact offset/type/length fingerprint
0	EXACT_071C1E69EAC6	/SubmarineTitans/Recovered/PointerShapes/AnonShape_0065D6A0_A68E55B5	/SubmarineTitans/Recovered/PointerShapes/AnonShape_00660180_1CB7CB7C	128	2	exact offset/type/length fingerprint
0	EXACT_0F99D88FE62E	/SubmarineTitans/Recovered/PointerShapes/AnonNested_004EE350_0018_78690378	/SubmarineTitans/Recovered/PointerShapes/AnonNested_004EE350_0018_78690378	8	2	exact offset/type/length fingerprint
0	EXACT_0F99D88FE62E	/SubmarineTitans/Recovered/PointerShapes/AnonNested_004EE350_0018_78690378	/SubmarineTitans/Recovered/PointerShapes/AnonNested_004F3540_0018_2CFA22F7	8	2	exact offset/type/length fingerprint
0	EXACT_0F99D88FE62E	/SubmarineTitans/Recovered/PointerShapes/AnonNested_004EE350_0018_78690378	/SubmarineTitans/Recovered/PointerShapes/AnonNested_004F37C0_0018_F555AF4C	8	2	exact offset/type/length fingerprint
0	EXACT_0F99D88FE62E	/SubmarineTitans/Recovered/PointerShapes/AnonNested_004EE350_0018_78690378	/SubmarineTitans/Recovered/PointerShapes/AnonNested_005389E0_0018_A8EBF066	8	2	exact offset/type/length fingerprint
0	EXACT_0F99D88FE62E	/SubmarineTitans/Recovered/PointerShapes/AnonNested_004EE350_0018_78690378	/SubmarineTitans/Recovered/PointerShapes/AnonNested_00538FC0_0018_DB9172F2	8	2	exact offset/type/length fingerprint
0	EXACT_0F99D88FE62E	/SubmarineTitans/Recovered/PointerShapes/AnonNested_004EE350_0018_78690378	/SubmarineTitans/Recovered/PointerShapes/AnonNested_0053D7A0_0018_F6872402	8	2	exact offset/type/length fingerprint
0	EXACT_0F99D88FE62E	/SubmarineTitans/Recovered/PointerShapes/AnonNested_004EE350_0018_78690378	/SubmarineTitans/Recovered/PointerShapes/AnonNested_0053DCC0_0018_16DF3813	8	2	exact offset/type/length fingerprint
0	EXACT_0F99D88FE62E	/SubmarineTitans/Recovered/PointerShapes/AnonNested_004EE350_0018_78690378	/SubmarineTitans/Recovered/PointerShapes/AnonNested_0054EB20_0065_4A00EB9C	8	2	exact offset/type/length fingerprint
0	EXACT_0F99D88FE62E	/SubmarineTitans/Recovered/PointerShapes/AnonNested_004EE350_0018_78690378	/SubmarineTitans/Recovered/PointerShapes/AnonNested_00694CD0_0008_CC35D736	8	2	exact offset/type/length fingerprint
0	EXACT_0F99D88FE62E	/SubmarineTitans/Recovered/PointerShapes/AnonNested_004EE350_0018_78690378	/SubmarineTitans/Recovered/PointerShapes/AnonNested_0069BC10_0008_975EAAD1	8	2	exact offset/type/length fingerprint
0	EXACT_0F99D88FE62E	/SubmarineTitans/Recovered/PointerShapes/AnonNested_004EE350_0018_78690378	/SubmarineTitans/Recovered/PointerShapes/AnonNested_0069F160_0008_DA6B40D5	8	2	exact offset/type/length fingerprint
0	EXACT_0F99D88FE62E	/SubmarineTitans/Recovered/PointerShapes/AnonNested_004EE350_0018_78690378	/SubmarineTitans/Recovered/PointerShapes/AnonNested_006A0470_0008_8D4C819A	8	2	exact offset/type/length fingerprint
0	EXACT_0F99D88FE62E	/SubmarineTitans/Recovered/PointerShapes/AnonNested_004EE350_0018_78690378	/SubmarineTitans/Recovered/PointerShapes/AnonNested_006A0E30_0008_6257299B	8	2	exact offset/type/length fingerprint
0	EXACT_0F99D88FE62E	/SubmarineTitans/Recovered/PointerShapes/AnonNested_004EE350_0018_78690378	/SubmarineTitans/Recovered/PointerShapes/AnonNested_006E6780_044E_FEECA1D4	8	2	exact offset/type/length fingerprint
0	EXACT_0F99D88FE62E	/SubmarineTitans/Recovered/PointerShapes/AnonNested_004EE350_0018_78690378	/SubmarineTitans/Recovered/PointerShapes/AnonNested_006E6830_0452_DAA077C9	8	2	exact offset/type/length fingerprint
0	EXACT_1065EDE6F045	/SubmarineTitans/Recovered/PointerShapes/AnonNested_00721830_0138_12664224	/SubmarineTitans/Recovered/PointerShapes/AnonNested_00721830_0138_12664224	24	2	exact offset/type/length fingerprint
0	EXACT_1065EDE6F045	/SubmarineTitans/Recovered/PointerShapes/AnonNested_00721830_0138_12664224	/SubmarineTitans/Recovered/PointerShapes/AnonShape_GLOBAL_0080C4C7_5A4CB754	24	2	exact offset/type/length fingerprint
1	EXACT_11599AD59DA9	/SubmarineTitans/Recovered/PointerShapes/AnonNested_005F5B80_0169_794156D7	/SubmarineTitans/Recovered/PointerShapes/AnonNested_005F5B80_0169_794156D7	32	3	exact offset/type/length fingerprint
1	EXACT_11599AD59DA9	/SubmarineTitans/Recovered/PointerShapes/AnonNested_005F5B80_0169_794156D7	/SubmarineTitans/Recovered/PointerShapes/AnonShape_004FF380_D63D7463	32	3	exact offset/type/length fingerprint
1	EXACT_11599AD59DA9	/SubmarineTitans/Recovered/PointerShapes/AnonNested_005F5B80_0169_794156D7	/SubmarineTitans/Recovered/PointerShapes/AnonShape_0065F840_66A14163	32	3	exact offset/type/length fingerprint
1	EXACT_11599AD59DA9	/SubmarineTitans/Recovered/PointerShapes/AnonNested_005F5B80_0169_794156D7	/SubmarineTitans/Recovered/PointerShapes/AnonShape_00676D80_A0E8D1CB	32	3	exact offset/type/length fingerprint
1	EXACT_11599AD59DA9	/SubmarineTitans/Recovered/PointerShapes/AnonNested_005F5B80_0169_794156D7	/SubmarineTitans/Recovered/PointerShapes/AnonShape_0067BFD0_C4B8A7A1	32	3	exact offset/type/length fingerprint
1	EXACT_11599AD59DA9	/SubmarineTitans/Recovered/PointerShapes/AnonNested_005F5B80_0169_794156D7	/SubmarineTitans/Recovered/PointerShapes/AnonShape_0069AC20_BA305C93	32	3	exact offset/type/length fingerprint
1	EXACT_11599AD59DA9	/SubmarineTitans/Recovered/PointerShapes/AnonNested_005F5B80_0169_794156D7	/SubmarineTitans/Recovered/PointerShapes/AnonShape_GLOBAL_00802A4C_E3045C67	32	3	exact offset/type/length fingerprint
1	EXACT_11599AD59DA9	/SubmarineTitans/Recovered/PointerShapes/AnonNested_005F5B80_0169_794156D7	/SubmarineTitans/Recovered/PointerShapes/AnonShape_GLOBAL_0080C502_B8708D85	32	3	exact offset/type/length fingerprint
1	EXACT_11599AD59DA9	/SubmarineTitans/Recovered/PointerShapes/AnonNested_005F5B80_0169_794156D7	/SubmarineTitans/Recovered/PointerShapes/AnonShape_GLOBAL_00848A38_AD917B6C	32	3	exact offset/type/length fingerprint
1	EXACT_12BD37CAE4C4	/SubmarineTitans/Recovered/PointerShapes/AnonShape_004B9FA0_DF027633	/SubmarineTitans/Recovered/PointerShapes/AnonShape_004B9FA0_DF027633	28	3	exact offset/type/length fingerprint
1	EXACT_12BD37CAE4C4	/SubmarineTitans/Recovered/PointerShapes/AnonShape_004B9FA0_DF027633	/SubmarineTitans/Recovered/PointerShapes/AnonShape_0057BF60_09E2DBC1	28	3	exact offset/type/length fingerprint
1	EXACT_12BD37CAE4C4	/SubmarineTitans/Recovered/PointerShapes/AnonShape_004B9FA0_DF027633	/SubmarineTitans/Recovered/PointerShapes/AnonShape_0058D7C0_0930224F	28	3	exact offset/type/length fingerprint
1	EXACT_13A54BD36F5A	/SubmarineTitans/Recovered/PointerShapes/AnonShape_005AE840_42F3E2A7	/SubmarineTitans/Recovered/PointerShapes/AnonShape_005AE840_42F3E2A7	7304	8	exact offset/type/length fingerprint
1	EXACT_13A54BD36F5A	/SubmarineTitans/Recovered/PointerShapes/AnonShape_005AE840_42F3E2A7	/SubmarineTitans/Recovered/PointerShapes/AnonShape_005AE950_3AC49809	7304	8	exact offset/type/length fingerprint
0	EXACT_13E19A22EF16	/SubmarineTitans/Recovered/PointerShapes/AnonShape_004F0210_51A01EB3	/SubmarineTitans/Recovered/PointerShapes/AnonShape_004F0210_51A01EB3	24	2	exact offset/type/length fingerprint
0	EXACT_13E19A22EF16	/SubmarineTitans/Recovered/PointerShapes/AnonShape_004F0210_51A01EB3	/SubmarineTitans/Recovered/PointerShapes/AnonShape_004F1080_64A4850E	24	2	exact offset/type/length fingerprint
0	EXACT_13E19A22EF16	/SubmarineTitans/Recovered/PointerShapes/AnonShape_004F0210_51A01EB3	/SubmarineTitans/Recovered/PointerShapes/AnonShape_0053CA80_7575DBCB	24	2	exact offset/type/length fingerprint
0	EXACT_13E19A22EF16	/SubmarineTitans/Recovered/PointerShapes/AnonShape_004F0210_51A01EB3	/SubmarineTitans/Recovered/PointerShapes/AnonShape_005859A0_2C017738	24	2	exact offset/type/length fingerprint
0	EXACT_13E19A22EF16	/SubmarineTitans/Recovered/PointerShapes/AnonShape_004F0210_51A01EB3	/SubmarineTitans/Recovered/PointerShapes/AnonShape_00588BC0_F7B2CBED	24	2	exact offset/type/length fingerprint
0	EXACT_13E19A22EF16	/SubmarineTitans/Recovered/PointerShapes/AnonShape_004F0210_51A01EB3	/SubmarineTitans/Recovered/PointerShapes/AnonShape_0058C760_1E722DF9	24	2	exact offset/type/length fingerprint
0	EXACT_13E19A22EF16	/SubmarineTitans/Recovered/PointerShapes/AnonShape_004F0210_51A01EB3	/SubmarineTitans/Recovered/PointerShapes/AnonShape_006BA7B0_E82BD3A2	24	2	exact offset/type/length fingerprint
0	EXACT_20B6C640F9E4	/SubmarineTitans/Recovered/PointerShapes/AnonShape_00631B60_33F6DA70	/SubmarineTitans/Recovered/PointerShapes/AnonShape_00631B60_33F6DA70	116	1	exact offset/type/length fingerprint
0	EXACT_20B6C640F9E4	/SubmarineTitans/Recovered/PointerShapes/AnonShape_00631B60_33F6DA70	/SubmarineTitans/Recovered/PointerShapes/AnonShape_00631C20_01628122	116	1	exact offset/type/length fingerprint
0	EXACT_22B10C09D17B	/SubmarineTitans/Recovered/PointerShapes/AnonShape_0068E800_BD5EB712	/SubmarineTitans/Recovered/PointerShapes/AnonShape_0068E800_BD5EB712	196	1	exact offset/type/length fingerprint
0	EXACT_22B10C09D17B	/SubmarineTitans/Recovered/PointerShapes/AnonShape_0068E800_BD5EB712	/SubmarineTitans/Recovered/PointerShapes/AnonShape_0068E850_9F2CE8EC	196	1	exact offset/type/length fingerprint
0	EXACT_22B10C09D17B	/SubmarineTitans/Recovered/PointerShapes/AnonShape_0068E800_BD5EB712	/SubmarineTitans/Recovered/PointerShapes/AnonShape_0068E8C0_46FCC1C3	196	1	exact offset/type/length fingerprint
0	EXACT_235626521479	/SubmarineTitans/Recovered/PointerShapes/AnonShape_007288A0_88D3FF06	/SubmarineTitans/Recovered/PointerShapes/AnonShape_007288A0_88D3FF06	60	2	exact offset/type/length fingerprint
0	EXACT_235626521479	/SubmarineTitans/Recovered/PointerShapes/AnonShape_007288A0_88D3FF06	/SubmarineTitans/Recovered/PointerShapes/AnonShape_00728A80_F2811CDB	60	2	exact offset/type/length fingerprint
0	EXACT_244EA14DD21B	/SubmarineTitans/Recovered/PointerShapes/AnonNested_006E8580_0004_0F761FCB	/SubmarineTitans/Recovered/PointerShapes/AnonNested_006E8580_0004_0F761FCB	32	2	exact offset/type/length fingerprint
0	EXACT_244EA14DD21B	/SubmarineTitans/Recovered/PointerShapes/AnonNested_006E8580_0004_0F761FCB	/SubmarineTitans/Recovered/PointerShapes/AnonNested_00753B40_0008_62BB8A2C	32	2	exact offset/type/length fingerprint
0	EXACT_244EA14DD21B	/SubmarineTitans/Recovered/PointerShapes/AnonNested_006E8580_0004_0F761FCB	/SubmarineTitans/Recovered/PointerShapes/AnonShape_00694CD0_AC50FDB9	32	2	exact offset/type/length fingerprint
1	EXACT_26D9B24C3DFA	/SubmarineTitans/Recovered/ClassPointees/AnonPointee_CPanelTy_01B0	/SubmarineTitans/Recovered/ClassPointees/AnonPointee_CPanelTy_01B0	24	4	exact offset/type/length fingerprint
1	EXACT_26D9B24C3DFA	/SubmarineTitans/Recovered/ClassPointees/AnonPointee_CPanelTy_01B0	/SubmarineTitans/Recovered/ClassPointees/AnonPointee_ComboTy_0104	24	4	exact offset/type/length fingerprint
1	EXACT_26D9B24C3DFA	/SubmarineTitans/Recovered/ClassPointees/AnonPointee_CPanelTy_01B0	/SubmarineTitans/Recovered/ClassPointees/AnonPointee_FSGSTy_1A97	24	4	exact offset/type/length fingerprint
1	EXACT_26D9B24C3DFA	/SubmarineTitans/Recovered/ClassPointees/AnonPointee_CPanelTy_01B0	/SubmarineTitans/Recovered/ClassPointees/AnonPointee_FSGSTy_1AC0	24	4	exact offset/type/length fingerprint
1	EXACT_26D9B24C3DFA	/SubmarineTitans/Recovered/ClassPointees/AnonPointee_CPanelTy_01B0	/SubmarineTitans/Recovered/ClassPointees/AnonPointee_HelpPanelTy_0068	24	4	exact offset/type/length fingerprint
1	EXACT_26D9B24C3DFA	/SubmarineTitans/Recovered/ClassPointees/AnonPointee_CPanelTy_01B0	/SubmarineTitans/Recovered/ClassPointees/AnonPointee_HelpPanelTy_0218	24	4	exact offset/type/length fingerprint
1	EXACT_26D9B24C3DFA	/SubmarineTitans/Recovered/ClassPointees/AnonPointee_CPanelTy_01B0	/SubmarineTitans/Recovered/ClassPointees/AnonPointee_HelpStringTy_012A	24	4	exact offset/type/length fingerprint
1	EXACT_26D9B24C3DFA	/SubmarineTitans/Recovered/ClassPointees/AnonPointee_CPanelTy_01B0	/SubmarineTitans/Recovered/ClassPointees/AnonPointee_MReportTy_0077	24	4	exact offset/type/length fingerprint
1	EXACT_26D9B24C3DFA	/SubmarineTitans/Recovered/ClassPointees/AnonPointee_CPanelTy_01B0	/SubmarineTitans/Recovered/ClassPointees/AnonPointee_MTaskTy_06BF	24	4	exact offset/type/length fingerprint
1	EXACT_26D9B24C3DFA	/SubmarineTitans/Recovered/ClassPointees/AnonPointee_CPanelTy_01B0	/SubmarineTitans/Recovered/ClassPointees/AnonPointee_MTaskTy_06CB	24	4	exact offset/type/length fingerprint
1	EXACT_26D9B24C3DFA	/SubmarineTitans/Recovered/ClassPointees/AnonPointee_CPanelTy_01B0	/SubmarineTitans/Recovered/ClassPointees/AnonPointee_MoneyTy_0072	24	4	exact offset/type/length fingerprint
1	EXACT_26D9B24C3DFA	/SubmarineTitans/Recovered/ClassPointees/AnonPointee_CPanelTy_01B0	/SubmarineTitans/Recovered/ClassPointees/AnonPointee_MoneyTy_0076	24	4	exact offset/type/length fingerprint
1	EXACT_26D9B24C3DFA	/SubmarineTitans/Recovered/ClassPointees/AnonPointee_CPanelTy_01B0	/SubmarineTitans/Recovered/ClassPointees/AnonPointee_MoneyTy_007A	24	4	exact offset/type/length fingerprint
1	EXACT_26D9B24C3DFA	/SubmarineTitans/Recovered/ClassPointees/AnonPointee_CPanelTy_01B0	/SubmarineTitans/Recovered/ClassPointees/AnonPointee_PlayPanelTy_0068	24	4	exact offset/type/length fingerprint
1	EXACT_26D9B24C3DFA	/SubmarineTitans/Recovered/ClassPointees/AnonPointee_CPanelTy_01B0	/SubmarineTitans/Recovered/ClassPointees/AnonPointee_PopUpTy_0090	24	4	exact offset/type/length fingerprint
1	EXACT_26D9B24C3DFA	/SubmarineTitans/Recovered/ClassPointees/AnonPointee_CPanelTy_01B0	/SubmarineTitans/Recovered/ClassPointees/AnonPointee_PrividerTy_1C82	24	4	exact offset/type/length fingerprint
1	EXACT_26D9B24C3DFA	/SubmarineTitans/Recovered/ClassPointees/AnonPointee_CPanelTy_01B0	/SubmarineTitans/Recovered/ClassPointees/AnonPointee_ProdPanelTy_0068	24	4	exact offset/type/length fingerprint
1	EXACT_26D9B24C3DFA	/SubmarineTitans/Recovered/ClassPointees/AnonPointee_CPanelTy_01B0	/SubmarineTitans/Recovered/ClassPointees/AnonPointee_SIDTy_1CBC	24	4	exact offset/type/length fingerprint
1	EXACT_26D9B24C3DFA	/SubmarineTitans/Recovered/ClassPointees/AnonPointee_CPanelTy_01B0	/SubmarineTitans/Recovered/ClassPointees/AnonPointee_SIDTy_1CC0	24	4	exact offset/type/length fingerprint
1	EXACT_26D9B24C3DFA	/SubmarineTitans/Recovered/ClassPointees/AnonPointee_CPanelTy_01B0	/SubmarineTitans/Recovered/ClassPointees/AnonPointee_SIDTy_1CC8	24	4	exact offset/type/length fingerprint
1	EXACT_26D9B24C3DFA	/SubmarineTitans/Recovered/ClassPointees/AnonPointee_CPanelTy_01B0	/SubmarineTitans/Recovered/ClassPointees/AnonPointee_SpecPanelTy_0068	24	4	exact offset/type/length fingerprint
1	EXACT_26D9B24C3DFA	/SubmarineTitans/Recovered/ClassPointees/AnonPointee_CPanelTy_01B0	/SubmarineTitans/Recovered/ClassPointees/AnonPointee_StartSystemTy_067E	24	4	exact offset/type/length fingerprint
1	EXACT_26D9B24C3DFA	/SubmarineTitans/Recovered/ClassPointees/AnonPointee_CPanelTy_01B0	/SubmarineTitans/Recovered/ClassPointees/AnonPointee_StartSystemTy_0682	24	4	exact offset/type/length fingerprint
1	EXACT_26D9B24C3DFA	/SubmarineTitans/Recovered/ClassPointees/AnonPointee_CPanelTy_01B0	/SubmarineTitans/Recovered/ClassPointees/AnonPointee_WaitTy_1AEC	24	4	exact offset/type/length fingerprint
1	EXACT_26D9B24C3DFA	/SubmarineTitans/Recovered/ClassPointees/AnonPointee_CPanelTy_01B0	/SubmarineTitans/Recovered/ClassPointees/AnonPointee_cLoadingTy_0004	24	4	exact offset/type/length fingerprint
1	EXACT_2F54E3439C9E	/SubmarineTitans/Recovered/PointerShapes/AnonNested_007603B0_0050_0992C9A2	/SubmarineTitans/Recovered/PointerShapes/AnonNested_007603B0_0050_0992C9A2	228	8	exact offset/type/length fingerprint
1	EXACT_2F54E3439C9E	/SubmarineTitans/Recovered/PointerShapes/AnonNested_007603B0_0050_0992C9A2	/SubmarineTitans/Recovered/PointerShapes/AnonNested_00760970_0050_3C80E9C1	228	8	exact offset/type/length fingerprint
0	EXACT_34AD6956013E	/SubmarineTitans/Recovered/PointerShapes/AnonShape_006E4480_50BB219F	/SubmarineTitans/Recovered/PointerShapes/AnonShape_006E4480_50BB219F	12	1	exact offset/type/length fingerprint
0	EXACT_34AD6956013E	/SubmarineTitans/Recovered/PointerShapes/AnonShape_006E4480_50BB219F	/SubmarineTitans/Recovered/PointerShapes/AnonShape_006E45C0_FB272364	12	1	exact offset/type/length fingerprint
0	EXACT_34B6CE12709B	/SubmarineTitans/Recovered/PointerShapes/AnonNested_005F27C0_0014_1CFA0467	/SubmarineTitans/Recovered/PointerShapes/AnonNested_005F27C0_0014_1CFA0467	16	2	exact offset/type/length fingerprint
0	EXACT_34B6CE12709B	/SubmarineTitans/Recovered/PointerShapes/AnonNested_005F27C0_0014_1CFA0467	/SubmarineTitans/Recovered/PointerShapes/AnonNested_00617640_0014_CD0B523E	16	2	exact offset/type/length fingerprint
0	EXACT_34B6CE12709B	/SubmarineTitans/Recovered/PointerShapes/AnonNested_005F27C0_0014_1CFA0467	/SubmarineTitans/Recovered/PointerShapes/AnonNested_00618C00_0014_AEDCAA43	16	2	exact offset/type/length fingerprint
0	EXACT_34B6CE12709B	/SubmarineTitans/Recovered/PointerShapes/AnonNested_005F27C0_0014_1CFA0467	/SubmarineTitans/Recovered/PointerShapes/AnonNested_0061D190_0014_96ED958D	16	2	exact offset/type/length fingerprint
0	EXACT_34B6CE12709B	/SubmarineTitans/Recovered/PointerShapes/AnonNested_005F27C0_0014_1CFA0467	/SubmarineTitans/Recovered/PointerShapes/AnonNested_00627EB0_0014_B8FBF6AA	16	2	exact offset/type/length fingerprint
0	EXACT_34B6CE12709B	/SubmarineTitans/Recovered/PointerShapes/AnonNested_005F27C0_0014_1CFA0467	/SubmarineTitans/Recovered/PointerShapes/AnonNested_006461E0_0014_EFB6F372	16	2	exact offset/type/length fingerprint
0	EXACT_37FD796488D7	/SubmarineTitans/Recovered/PointerShapes/AnonShape_00678D20_B4368BF5	/SubmarineTitans/Recovered/PointerShapes/AnonShape_00678D20_B4368BF5	1692	1	exact offset/type/length fingerprint
0	EXACT_37FD796488D7	/SubmarineTitans/Recovered/PointerShapes/AnonShape_00678D20_B4368BF5	/SubmarineTitans/Recovered/PointerShapes/AnonShape_00678D90_5F64F1ED	1692	1	exact offset/type/length fingerprint
0	EXACT_37FD796488D7	/SubmarineTitans/Recovered/PointerShapes/AnonShape_00678D20_B4368BF5	/SubmarineTitans/Recovered/PointerShapes/AnonShape_00678E00_9BA304F3	1692	1	exact offset/type/length fingerprint
0	EXACT_37FD796488D7	/SubmarineTitans/Recovered/PointerShapes/AnonShape_00678D20_B4368BF5	/SubmarineTitans/Recovered/PointerShapes/AnonShape_00678EF0_ABF393F0	1692	1	exact offset/type/length fingerprint
0	EXACT_37FD796488D7	/SubmarineTitans/Recovered/PointerShapes/AnonShape_00678D20_B4368BF5	/SubmarineTitans/Recovered/PointerShapes/AnonShape_00679C50_0416EB0D	1692	1	exact offset/type/length fingerprint
0	EXACT_37FD796488D7	/SubmarineTitans/Recovered/PointerShapes/AnonShape_00678D20_B4368BF5	/SubmarineTitans/Recovered/PointerShapes/AnonShape_00679D60_0B044CAA	1692	1	exact offset/type/length fingerprint
0	EXACT_37FD796488D7	/SubmarineTitans/Recovered/PointerShapes/AnonShape_00678D20_B4368BF5	/SubmarineTitans/Recovered/PointerShapes/AnonShape_00679E70_B79EE35E	1692	1	exact offset/type/length fingerprint
0	EXACT_37FD796488D7	/SubmarineTitans/Recovered/PointerShapes/AnonShape_00678D20_B4368BF5	/SubmarineTitans/Recovered/PointerShapes/AnonShape_00679F00_A678D336	1692	1	exact offset/type/length fingerprint
0	EXACT_37FD796488D7	/SubmarineTitans/Recovered/PointerShapes/AnonShape_00678D20_B4368BF5	/SubmarineTitans/Recovered/PointerShapes/AnonShape_0067A020_CA748FEF	1692	1	exact offset/type/length fingerprint
0	EXACT_37FD796488D7	/SubmarineTitans/Recovered/PointerShapes/AnonShape_00678D20_B4368BF5	/SubmarineTitans/Recovered/PointerShapes/AnonShape_0067A0C0_FEBA35A3	1692	1	exact offset/type/length fingerprint
0	EXACT_37FD796488D7	/SubmarineTitans/Recovered/PointerShapes/AnonShape_00678D20_B4368BF5	/SubmarineTitans/Recovered/PointerShapes/AnonShape_0067A1B0_6AEDF5B4	1692	1	exact offset/type/length fingerprint
0	EXACT_37FD796488D7	/SubmarineTitans/Recovered/PointerShapes/AnonShape_00678D20_B4368BF5	/SubmarineTitans/Recovered/PointerShapes/AnonShape_0067A240_51C02978	1692	1	exact offset/type/length fingerprint
0	EXACT_38EE7B779C9E	/SubmarineTitans/Recovered/PointerShapes/AnonNested_006E42C0_0014_A7057FF5	/SubmarineTitans/Recovered/PointerShapes/AnonNested_006E42C0_0014_A7057FF5	16	2	exact offset/type/length fingerprint
0	EXACT_38EE7B779C9E	/SubmarineTitans/Recovered/PointerShapes/AnonNested_006E42C0_0014_A7057FF5	/SubmarineTitans/Recovered/PointerShapes/AnonShape_006D5DF0_C24DE923	16	2	exact offset/type/length fingerprint
0	EXACT_3AFAC68E96C9	/SubmarineTitans/Recovered/PointerShapes/AnonShape_00690550_D4EEF198	/SubmarineTitans/Recovered/PointerShapes/AnonShape_00690550_D4EEF198	208	1	exact offset/type/length fingerprint
0	EXACT_3AFAC68E96C9	/SubmarineTitans/Recovered/PointerShapes/AnonShape_00690550_D4EEF198	/SubmarineTitans/Recovered/PointerShapes/AnonShape_006905C0_D48049B1	208	1	exact offset/type/length fingerprint
1	EXACT_3D22CB06814E	/SubmarineTitans/Recovered/PointerShapes/AnonNested_004C5980_05FB_38F047AC	/SubmarineTitans/Recovered/PointerShapes/AnonNested_004C5980_05FB_38F047AC	24	6	exact offset/type/length fingerprint
1	EXACT_3D22CB06814E	/SubmarineTitans/Recovered/PointerShapes/AnonNested_004C5980_05FB_38F047AC	/SubmarineTitans/Recovered/PointerShapes/AnonNested_004D6360_0360_98F97B35	24	6	exact offset/type/length fingerprint
1	EXACT_3EDDC37E682A	/SubmarineTitans/Recovered/PointerShapes/AnonShape_005F0620_60AA17CE	/SubmarineTitans/Recovered/PointerShapes/AnonShape_005F0620_60AA17CE	696	4	exact offset/type/length fingerprint
1	EXACT_3EDDC37E682A	/SubmarineTitans/Recovered/PointerShapes/AnonShape_005F0620_60AA17CE	/SubmarineTitans/Recovered/PointerShapes/AnonShape_005F06E0_7D4D7384	696	4	exact offset/type/length fingerprint
0	EXACT_3F6B23F9C8DB	/SubmarineTitans/Recovered/PointerShapes/AnonShape_0057E0A0_323CBAA3	/SubmarineTitans/Recovered/PointerShapes/AnonShape_0057E0A0_323CBAA3	24	2	exact offset/type/length fingerprint
0	EXACT_3F6B23F9C8DB	/SubmarineTitans/Recovered/PointerShapes/AnonShape_0057E0A0_323CBAA3	/SubmarineTitans/Recovered/PointerShapes/AnonShape_00583270_A36DCD7A	24	2	exact offset/type/length fingerprint
0	EXACT_3F6B23F9C8DB	/SubmarineTitans/Recovered/PointerShapes/AnonShape_0057E0A0_323CBAA3	/SubmarineTitans/Recovered/PointerShapes/AnonShape_00690B90_30BB992F	24	2	exact offset/type/length fingerprint
1	EXACT_44F9034FDEF9	/SubmarineTitans/Recovered/PointerShapes/AnonShape_00753C80_4C8E695D	/SubmarineTitans/Recovered/PointerShapes/AnonShape_00753C80_4C8E695D	20	3	exact offset/type/length fingerprint
1	EXACT_44F9034FDEF9	/SubmarineTitans/Recovered/PointerShapes/AnonShape_00753C80_4C8E695D	/SubmarineTitans/Recovered/PointerShapes/AnonShape_00754390_3E94CBF5	20	3	exact offset/type/length fingerprint
1	EXACT_44F9034FDEF9	/SubmarineTitans/Recovered/PointerShapes/AnonShape_00753C80_4C8E695D	/SubmarineTitans/Recovered/PointerShapes/AnonShape_00755830_DE41EB2A	20	3	exact offset/type/length fingerprint
1	EXACT_44F9034FDEF9	/SubmarineTitans/Recovered/PointerShapes/AnonShape_00753C80_4C8E695D	/SubmarineTitans/Recovered/PointerShapes/AnonShape_00757450_3CCFEA7C	20	3	exact offset/type/length fingerprint
1	EXACT_467AE1382F82	/SubmarineTitans/Recovered/PointerShapes/AnonShape_006B5A50_BD82F60D	/SubmarineTitans/Recovered/PointerShapes/AnonShape_006B5A50_BD82F60D	32	3	exact offset/type/length fingerprint
1	EXACT_467AE1382F82	/SubmarineTitans/Recovered/PointerShapes/AnonShape_006B5A50_BD82F60D	/SubmarineTitans/Recovered/PointerShapes/AnonShape_006B5A50_C145E640	32	3	exact offset/type/length fingerprint
1	EXACT_46C2623A8174	/SubmarineTitans/Recovered/PointerShapes/AnonShape_005925A0_ACA54D35	/SubmarineTitans/Recovered/PointerShapes/AnonShape_005925A0_ACA54D35	8188	6	exact offset/type/length fingerprint
1	EXACT_46C2623A8174	/SubmarineTitans/Recovered/PointerShapes/AnonShape_005925A0_ACA54D35	/SubmarineTitans/Recovered/PointerShapes/AnonShape_00592620_9AEC2C08	8188	6	exact offset/type/length fingerprint
1	EXACT_501764117C16	/SubmarineTitans/Recovered/PointerShapes/AnonShape_0075DB50_5854A0B6	/SubmarineTitans/Recovered/PointerShapes/AnonShape_0075DB50_5854A0B6	444	3	exact offset/type/length fingerprint
1	EXACT_501764117C16	/SubmarineTitans/Recovered/PointerShapes/AnonShape_0075DB50_5854A0B6	/SubmarineTitans/Recovered/PointerShapes/AnonShape_0075DD30_F9FDCD0D	444	3	exact offset/type/length fingerprint
0	EXACT_507E89B53E35	/SubmarineTitans/Recovered/ClassPointees/AnonPointee_ChooseMapTy_0000	/SubmarineTitans/Recovered/ClassPointees/AnonPointee_ChooseMapTy_0000	12	2	exact offset/type/length fingerprint
0	EXACT_507E89B53E35	/SubmarineTitans/Recovered/ClassPointees/AnonPointee_ChooseMapTy_0000	/SubmarineTitans/Recovered/ClassPointees/AnonPointee_FSGSTy_0000	12	2	exact offset/type/length fingerprint
0	EXACT_5477F99ABFA8	/SubmarineTitans/Recovered/PointerShapes/AnonNested_00647BA0_04E2_62109149	/SubmarineTitans/Recovered/PointerShapes/AnonNested_00647BA0_04E2_62109149	24	2	exact offset/type/length fingerprint
0	EXACT_5477F99ABFA8	/SubmarineTitans/Recovered/PointerShapes/AnonNested_00647BA0_04E2_62109149	/SubmarineTitans/Recovered/PointerShapes/AnonNested_00647D50_05B3_23417B98	24	2	exact offset/type/length fingerprint
0	EXACT_5477F99ABFA8	/SubmarineTitans/Recovered/PointerShapes/AnonNested_00647BA0_04E2_62109149	/SubmarineTitans/Recovered/PointerShapes/AnonShape_0055C320_953077EC	24	2	exact offset/type/length fingerprint
0	EXACT_5477F99ABFA8	/SubmarineTitans/Recovered/PointerShapes/AnonNested_00647BA0_04E2_62109149	/SubmarineTitans/Recovered/PointerShapes/AnonShape_007115E0_FC3147FF	24	2	exact offset/type/length fingerprint
0	EXACT_5477F99ABFA8	/SubmarineTitans/Recovered/PointerShapes/AnonNested_00647BA0_04E2_62109149	/SubmarineTitans/Recovered/PointerShapes/AnonShape_00711670_5F8DCCF2	24	2	exact offset/type/length fingerprint
0	EXACT_5477F99ABFA8	/SubmarineTitans/Recovered/PointerShapes/AnonNested_00647BA0_04E2_62109149	/SubmarineTitans/Recovered/PointerShapes/AnonShape_GLOBAL_0080C4CB_D58160AA	24	2	exact offset/type/length fingerprint
0	EXACT_5477F99ABFA8	/SubmarineTitans/Recovered/PointerShapes/AnonNested_00647BA0_04E2_62109149	/SubmarineTitans/Recovered/PointerShapes/AnonShape_GLOBAL_00848A18_1B9B27FE	24	2	exact offset/type/length fingerprint
0	EXACT_5477F99ABFA8	/SubmarineTitans/Recovered/PointerShapes/AnonNested_00647BA0_04E2_62109149	/SubmarineTitans/Recovered/PointerShapes/AnonShape_GLOBAL_00848A1C_B6E50991	24	2	exact offset/type/length fingerprint
0	EXACT_5477F99ABFA8	/SubmarineTitans/Recovered/PointerShapes/AnonNested_00647BA0_04E2_62109149	/SubmarineTitans/Recovered/PointerShapes/AnonShape_GLOBAL_00848A2C_50EB5CD1	24	2	exact offset/type/length fingerprint
0	EXACT_5477F99ABFA8	/SubmarineTitans/Recovered/PointerShapes/AnonNested_00647BA0_04E2_62109149	/SubmarineTitans/Recovered/PointerShapes/AnonShape_GLOBAL_00848A34_1A834A18	24	2	exact offset/type/length fingerprint
0	EXACT_555CF9368BA1	/SubmarineTitans/Recovered/PointerShapes/AnonShape_006616B0_2034A5ED	/SubmarineTitans/Recovered/PointerShapes/AnonShape_006616B0_2034A5ED	528	1	exact offset/type/length fingerprint
0	EXACT_555CF9368BA1	/SubmarineTitans/Recovered/PointerShapes/AnonShape_006616B0_2034A5ED	/SubmarineTitans/Recovered/PointerShapes/AnonShape_00661790_D9FD542C	528	1	exact offset/type/length fingerprint
1	EXACT_5633158EC613	/SubmarineTitans/Recovered/PointerShapes/AnonNested_0075DA80_01B6_323D7698	/SubmarineTitans/Recovered/PointerShapes/AnonNested_0075DA80_01B6_323D7698	24	4	exact offset/type/length fingerprint
1	EXACT_5633158EC613	/SubmarineTitans/Recovered/PointerShapes/AnonNested_0075DA80_01B6_323D7698	/SubmarineTitans/Recovered/PointerShapes/AnonShape_00694C30_EF3EE984	24	4	exact offset/type/length fingerprint
1	EXACT_5633158EC613	/SubmarineTitans/Recovered/PointerShapes/AnonNested_0075DA80_01B6_323D7698	/SubmarineTitans/Recovered/PointerShapes/AnonShape_00694C80_7D3552BD	24	4	exact offset/type/length fingerprint
1	EXACT_569FB924FE8A	/SubmarineTitans/Recovered/PointerShapes/AnonShape_0052EFB0_8161B92D	/SubmarineTitans/Recovered/PointerShapes/AnonShape_0052EFB0_8161B92D	28	4	exact offset/type/length fingerprint
1	EXACT_569FB924FE8A	/SubmarineTitans/Recovered/PointerShapes/AnonShape_0052EFB0_8161B92D	/SubmarineTitans/Recovered/PointerShapes/AnonShape_00695180_D714D58B	28	4	exact offset/type/length fingerprint
0	EXACT_571CF28846C4	/SubmarineTitans/Recovered/PointerShapes/AnonShape_006179D0_BD0E52D0	/SubmarineTitans/Recovered/PointerShapes/AnonShape_006179D0_BD0E52D0	100	1	exact offset/type/length fingerprint
0	EXACT_571CF28846C4	/SubmarineTitans/Recovered/PointerShapes/AnonShape_006179D0_BD0E52D0	/SubmarineTitans/Recovered/PointerShapes/AnonShape_00617C30_B90B5754	100	1	exact offset/type/length fingerprint
0	EXACT_571CF28846C4	/SubmarineTitans/Recovered/PointerShapes/AnonShape_006179D0_BD0E52D0	/SubmarineTitans/Recovered/PointerShapes/AnonShape_00618B40_DCA2A9E7	100	1	exact offset/type/length fingerprint
1	EXACT_5BE2C78C2D5C	/SubmarineTitans/Recovered/ClassPointees/AnonPointee_STAllPlayersC_01A5	/SubmarineTitans/Recovered/ClassPointees/AnonPointee_STAllPlayersC_01A5	12	3	exact offset/type/length fingerprint
1	EXACT_5BE2C78C2D5C	/SubmarineTitans/Recovered/ClassPointees/AnonPointee_STAllPlayersC_01A5	/SubmarineTitans/Recovered/ClassPointees/AnonPointee_STAllPlayersC_01A9	12	3	exact offset/type/length fingerprint
1	EXACT_5BE2C78C2D5C	/SubmarineTitans/Recovered/ClassPointees/AnonPointee_STAllPlayersC_01A5	/SubmarineTitans/Recovered/PointerShapes/AnonNested_004EF5F0_0014_2E827CED	12	3	exact offset/type/length fingerprint
1	EXACT_5BE2C78C2D5C	/SubmarineTitans/Recovered/ClassPointees/AnonPointee_STAllPlayersC_01A5	/SubmarineTitans/Recovered/PointerShapes/AnonNested_0052A7B0_0014_0177A204	12	3	exact offset/type/length fingerprint
1	EXACT_5BE2C78C2D5C	/SubmarineTitans/Recovered/ClassPointees/AnonPointee_STAllPlayersC_01A5	/SubmarineTitans/Recovered/PointerShapes/AnonNested_0052A890_0014_9BCDCE5B	12	3	exact offset/type/length fingerprint
1	EXACT_5BE2C78C2D5C	/SubmarineTitans/Recovered/ClassPointees/AnonPointee_STAllPlayersC_01A5	/SubmarineTitans/Recovered/PointerShapes/AnonNested_0054EAB0_0065_6333AF5F	12	3	exact offset/type/length fingerprint
0	EXACT_5C702CCC6DEC	/SubmarineTitans/Recovered/PointerShapes/AnonNested_004B7F90_01F5_230F20CA	/SubmarineTitans/Recovered/PointerShapes/AnonNested_004B7F90_01F5_230F20CA	528	2	exact offset/type/length fingerprint
0	EXACT_5C702CCC6DEC	/SubmarineTitans/Recovered/PointerShapes/AnonNested_004B7F90_01F5_230F20CA	/SubmarineTitans/Recovered/PointerShapes/AnonShape_006B3F40_BF05F5FE	528	2	exact offset/type/length fingerprint
0	EXACT_5DBEA2CAB5CA	/SubmarineTitans/Recovered/PointerShapes/AnonShape_0075E750_D250320C	/SubmarineTitans/Recovered/PointerShapes/AnonShape_0075E750_D250320C	448	2	exact offset/type/length fingerprint
0	EXACT_5DBEA2CAB5CA	/SubmarineTitans/Recovered/PointerShapes/AnonShape_0075E750_D250320C	/SubmarineTitans/Recovered/PointerShapes/AnonShape_0075E7D0_08EF6D02	448	2	exact offset/type/length fingerprint
0	EXACT_5DBEA2CAB5CA	/SubmarineTitans/Recovered/PointerShapes/AnonShape_0075E750_D250320C	/SubmarineTitans/Recovered/PointerShapes/AnonShape_0075FE30_46CD87E7	448	2	exact offset/type/length fingerprint
1	EXACT_5E16D480C268	/SubmarineTitans/Recovered/PointerShapes/AnonNested_004F42A0_0014_236EA43C	/SubmarineTitans/Recovered/PointerShapes/AnonNested_004F42A0_0014_236EA43C	20	3	exact offset/type/length fingerprint
1	EXACT_5E16D480C268	/SubmarineTitans/Recovered/PointerShapes/AnonNested_004F42A0_0014_236EA43C	/SubmarineTitans/Recovered/PointerShapes/AnonNested_0053FCD0_0014_03E531EF	20	3	exact offset/type/length fingerprint
1	EXACT_5E16D480C268	/SubmarineTitans/Recovered/PointerShapes/AnonNested_004F42A0_0014_236EA43C	/SubmarineTitans/Recovered/PointerShapes/AnonNested_0053FEE0_0014_154E5252	20	3	exact offset/type/length fingerprint
0	EXACT_60F0F4F3DACC	/SubmarineTitans/Recovered/PointerShapes/AnonShape_00449E60_F2069C78	/SubmarineTitans/Recovered/PointerShapes/AnonShape_00449E60_F2069C78	40	2	exact offset/type/length fingerprint
0	EXACT_60F0F4F3DACC	/SubmarineTitans/Recovered/PointerShapes/AnonShape_00449E60_F2069C78	/SubmarineTitans/Recovered/PointerShapes/AnonShape_0044A150_E4FE1661	40	2	exact offset/type/length fingerprint
0	EXACT_60F0F4F3DACC	/SubmarineTitans/Recovered/PointerShapes/AnonShape_00449E60_F2069C78	/SubmarineTitans/Recovered/PointerShapes/AnonShape_0044A730_DBE673B2	40	2	exact offset/type/length fingerprint
0	EXACT_60F0F4F3DACC	/SubmarineTitans/Recovered/PointerShapes/AnonShape_00449E60_F2069C78	/SubmarineTitans/Recovered/PointerShapes/AnonShape_0044AA20_1EE9340C	40	2	exact offset/type/length fingerprint
0	EXACT_6B1210884B1E	/SubmarineTitans/Recovered/PointerShapes/AnonShape_0040F220_06315B9F	/SubmarineTitans/Recovered/PointerShapes/AnonShape_0040F220_06315B9F	20	2	exact offset/type/length fingerprint
0	EXACT_6B1210884B1E	/SubmarineTitans/Recovered/PointerShapes/AnonShape_0040F220_06315B9F	/SubmarineTitans/Recovered/PointerShapes/AnonShape_0040F220_61B59860	20	2	exact offset/type/length fingerprint
0	EXACT_6B6F72F86E91	/SubmarineTitans/Recovered/PointerShapes/AnonShape_00567220_C9DD1C7D	/SubmarineTitans/Recovered/PointerShapes/AnonShape_00567220_C9DD1C7D	3984	2	exact offset/type/length fingerprint
0	EXACT_6B6F72F86E91	/SubmarineTitans/Recovered/PointerShapes/AnonShape_00567220_C9DD1C7D	/SubmarineTitans/Recovered/PointerShapes/AnonShape_005672E0_9A0A2ED1	3984	2	exact offset/type/length fingerprint
1	EXACT_6C1B81DCC010	/SubmarineTitans/Recovered/PointerShapes/AnonShape_004ECC70_4D35D723	/SubmarineTitans/Recovered/PointerShapes/AnonShape_004ECC70_4D35D723	1456	3	exact offset/type/length fingerprint
1	EXACT_6C1B81DCC010	/SubmarineTitans/Recovered/PointerShapes/AnonShape_004ECC70_4D35D723	/SubmarineTitans/Recovered/PointerShapes/AnonShape_004ECCF0_985987C1	1456	3	exact offset/type/length fingerprint
1	EXACT_719E5213B1E0	/SubmarineTitans/Recovered/PointerShapes/AnonShape_004D9BD0_B3B50583	/SubmarineTitans/Recovered/PointerShapes/AnonShape_004D9BD0_B3B50583	1236	3	exact offset/type/length fingerprint
1	EXACT_719E5213B1E0	/SubmarineTitans/Recovered/PointerShapes/AnonShape_004D9BD0_B3B50583	/SubmarineTitans/Recovered/PointerShapes/AnonShape_004EA7E0_AD59BCE4	1236	3	exact offset/type/length fingerprint
1	EXACT_719E5213B1E0	/SubmarineTitans/Recovered/PointerShapes/AnonShape_004D9BD0_B3B50583	/SubmarineTitans/Recovered/PointerShapes/AnonShape_004ECDF0_4DB4D99D	1236	3	exact offset/type/length fingerprint
0	EXACT_7599A79B0E4E	/SubmarineTitans/Recovered/PointerShapes/AnonNested_00617FB0_005E_483CD789	/SubmarineTitans/Recovered/PointerShapes/AnonNested_00617FB0_005E_483CD789	16	2	exact offset/type/length fingerprint
0	EXACT_7599A79B0E4E	/SubmarineTitans/Recovered/PointerShapes/AnonNested_00617FB0_005E_483CD789	/SubmarineTitans/Recovered/PointerShapes/AnonNested_00617FB0_0062_35E1D28C	16	2	exact offset/type/length fingerprint
0	EXACT_7599A79B0E4E	/SubmarineTitans/Recovered/PointerShapes/AnonNested_00617FB0_005E_483CD789	/SubmarineTitans/Recovered/PointerShapes/AnonNested_00617FB0_0066_193D2AD0	16	2	exact offset/type/length fingerprint
0	EXACT_7599A79B0E4E	/SubmarineTitans/Recovered/PointerShapes/AnonNested_00617FB0_005E_483CD789	/SubmarineTitans/Recovered/PointerShapes/AnonNested_0061D710_00A3_C72C5EA4	16	2	exact offset/type/length fingerprint
0	EXACT_7599A79B0E4E	/SubmarineTitans/Recovered/PointerShapes/AnonNested_00617FB0_005E_483CD789	/SubmarineTitans/Recovered/PointerShapes/AnonNested_00631220_0038_55904769	16	2	exact offset/type/length fingerprint
0	EXACT_7599A79B0E4E	/SubmarineTitans/Recovered/PointerShapes/AnonNested_00617FB0_005E_483CD789	/SubmarineTitans/Recovered/PointerShapes/AnonNested_0063CFF0_0336_DC162146	16	2	exact offset/type/length fingerprint
0	EXACT_7599A79B0E4E	/SubmarineTitans/Recovered/PointerShapes/AnonNested_00617FB0_005E_483CD789	/SubmarineTitans/Recovered/PointerShapes/AnonShape_00694B90_ACA70D4F	16	2	exact offset/type/length fingerprint
0	EXACT_7599A79B0E4E	/SubmarineTitans/Recovered/PointerShapes/AnonNested_00617FB0_005E_483CD789	/SubmarineTitans/Recovered/PointerShapes/AnonShape_0071A990_7656000F	16	2	exact offset/type/length fingerprint
0	EXACT_7599A79B0E4E	/SubmarineTitans/Recovered/PointerShapes/AnonNested_00617FB0_005E_483CD789	/SubmarineTitans/Recovered/PointerShapes/AnonShape_00750FB0_15A3AC3E	16	2	exact offset/type/length fingerprint
0	EXACT_7599A79B0E4E	/SubmarineTitans/Recovered/PointerShapes/AnonNested_00617FB0_005E_483CD789	/SubmarineTitans/Recovered/PointerShapes/AnonShape_00754FD0_6B521B56	16	2	exact offset/type/length fingerprint
0	EXACT_7599A79B0E4E	/SubmarineTitans/Recovered/PointerShapes/AnonNested_00617FB0_005E_483CD789	/SubmarineTitans/Recovered/PointerShapes/AnonShape_007553F0_ACB112C2	16	2	exact offset/type/length fingerprint
0	EXACT_7A8D82FD8D70	/SubmarineTitans/Recovered/PointerShapes/AnonNested_0074C45B_00D8_1CE910A3	/SubmarineTitans/Recovered/PointerShapes/AnonNested_0074C45B_00D8_1CE910A3	148	2	exact offset/type/length fingerprint
0	EXACT_7A8D82FD8D70	/SubmarineTitans/Recovered/PointerShapes/AnonNested_0074C45B_00D8_1CE910A3	/SubmarineTitans/Recovered/PointerShapes/AnonNested_0074CF58_00E0_5F67D8EB	148	2	exact offset/type/length fingerprint
1	EXACT_7AB397BD6524	/SubmarineTitans/Recovered/ClassPointees/AnonPointee_STAllPlayersC_01AD	/SubmarineTitans/Recovered/ClassPointees/AnonPointee_STAllPlayersC_01AD	12	4	exact offset/type/length fingerprint
1	EXACT_7AB397BD6524	/SubmarineTitans/Recovered/ClassPointees/AnonPointee_STAllPlayersC_01AD	/SubmarineTitans/Recovered/ClassPointees/AnonPointee_STAllPlayersC_01B1	12	4	exact offset/type/length fingerprint
1	EXACT_7AB397BD6524	/SubmarineTitans/Recovered/ClassPointees/AnonPointee_STAllPlayersC_01AD	/SubmarineTitans/Recovered/ClassPointees/AnonPointee_STAllPlayersC_01B5	12	4	exact offset/type/length fingerprint
1	EXACT_7AB397BD6524	/SubmarineTitans/Recovered/ClassPointees/AnonPointee_STAllPlayersC_01AD	/SubmarineTitans/Recovered/ClassPointees/AnonPointee_STAllPlayersC_01B9	12	4	exact offset/type/length fingerprint
1	EXACT_7AB397BD6524	/SubmarineTitans/Recovered/ClassPointees/AnonPointee_STAllPlayersC_01AD	/SubmarineTitans/Recovered/ClassPointees/AnonPointee_STGameObjC_01AD	12	4	exact offset/type/length fingerprint
1	EXACT_7AB397BD6524	/SubmarineTitans/Recovered/ClassPointees/AnonPointee_STAllPlayersC_01AD	/SubmarineTitans/Recovered/ClassPointees/AnonPointee_STGameObjC_01B1	12	4	exact offset/type/length fingerprint
0	EXACT_7B8B94D8F643	/SubmarineTitans/Recovered/PointerShapes/AnonShape_005F9E40_7E333F34	/SubmarineTitans/Recovered/PointerShapes/AnonShape_005F9E40_7E333F34	748	2	exact offset/type/length fingerprint
0	EXACT_7B8B94D8F643	/SubmarineTitans/Recovered/PointerShapes/AnonShape_005F9E40_7E333F34	/SubmarineTitans/Recovered/PointerShapes/AnonShape_005F9F70_43CA4DAC	748	2	exact offset/type/length fingerprint
0	EXACT_7CB5ACAFEC6C	/SubmarineTitans/Recovered/PointerShapes/AnonShape_0074C115_92B6CB00	/SubmarineTitans/Recovered/PointerShapes/AnonShape_0074C115_92B6CB00	148	2	exact offset/type/length fingerprint
0	EXACT_7CB5ACAFEC6C	/SubmarineTitans/Recovered/PointerShapes/AnonShape_0074C115_92B6CB00	/SubmarineTitans/Recovered/PointerShapes/AnonShape_0074CA21_D8F01A45	148	2	exact offset/type/length fingerprint
1	EXACT_7E0A937AA7CA	/SubmarineTitans/Recovered/PointerShapes/AnonShape_005B47E0_F4E5CF5A	/SubmarineTitans/Recovered/PointerShapes/AnonShape_005B47E0_F4E5CF5A	7908	6	exact offset/type/length fingerprint
1	EXACT_7E0A937AA7CA	/SubmarineTitans/Recovered/PointerShapes/AnonShape_005B47E0_F4E5CF5A	/SubmarineTitans/Recovered/PointerShapes/AnonShape_005B4860_900BE0CB	7908	6	exact offset/type/length fingerprint
0	EXACT_807F114FE96F	/SubmarineTitans/Recovered/PointerShapes/AnonShape_0074B99C_A57FB945	/SubmarineTitans/Recovered/PointerShapes/AnonShape_0074B99C_A57FB945	72	2	exact offset/type/length fingerprint
0	EXACT_807F114FE96F	/SubmarineTitans/Recovered/PointerShapes/AnonShape_0074B99C_A57FB945	/SubmarineTitans/Recovered/PointerShapes/AnonShape_0074BBC6_71B34D24	72	2	exact offset/type/length fingerprint
1	EXACT_855D930DEC69	/SubmarineTitans/Recovered/PointerShapes/AnonShape_005EFAE0_B406B78B	/SubmarineTitans/Recovered/PointerShapes/AnonShape_005EFAE0_B406B78B	52	3	exact offset/type/length fingerprint
1	EXACT_855D930DEC69	/SubmarineTitans/Recovered/PointerShapes/AnonShape_005EFAE0_B406B78B	/SubmarineTitans/Recovered/PointerShapes/AnonShape_005F09B0_8503F451	52	3	exact offset/type/length fingerprint
1	EXACT_858F6A33BAC9	/SubmarineTitans/Recovered/PointerShapes/AnonShape_00750F20_F8C16F98	/SubmarineTitans/Recovered/PointerShapes/AnonShape_00750F20_F8C16F98	20	3	exact offset/type/length fingerprint
1	EXACT_858F6A33BAC9	/SubmarineTitans/Recovered/PointerShapes/AnonShape_00750F20_F8C16F98	/SubmarineTitans/Recovered/PointerShapes/AnonShape_00753B80_E259A731	20	3	exact offset/type/length fingerprint
1	EXACT_895D3D562459	/SubmarineTitans/Recovered/PointerShapes/AnonNested_006E9CB0_0310_31D172B2	/SubmarineTitans/Recovered/PointerShapes/AnonNested_006E9CB0_0310_31D172B2	168	4	exact offset/type/length fingerprint
1	EXACT_895D3D562459	/SubmarineTitans/Recovered/PointerShapes/AnonNested_006E9CB0_0310_31D172B2	/SubmarineTitans/Recovered/PointerShapes/AnonNested_006E9D40_0310_477CEA1A	168	4	exact offset/type/length fingerprint
1	EXACT_895D3D562459	/SubmarineTitans/Recovered/PointerShapes/AnonNested_006E9CB0_0310_31D172B2	/SubmarineTitans/Recovered/PointerShapes/AnonNested_006E9DD0_0310_F81C983F	168	4	exact offset/type/length fingerprint
1	EXACT_895D3D562459	/SubmarineTitans/Recovered/PointerShapes/AnonNested_006E9CB0_0310_31D172B2	/SubmarineTitans/Recovered/PointerShapes/AnonNested_006E9E60_0310_51AA0C90	168	4	exact offset/type/length fingerprint
0	EXACT_8E0ADF3D6951	/SubmarineTitans/Recovered/PointerShapes/AnonShape_006BC580_F6F161A5	/SubmarineTitans/Recovered/PointerShapes/AnonShape_006BC580_F6F161A5	72	2	exact offset/type/length fingerprint
0	EXACT_8E0ADF3D6951	/SubmarineTitans/Recovered/PointerShapes/AnonShape_006BC580_F6F161A5	/SubmarineTitans/Recovered/PointerShapes/AnonShape_GLOBAL_00854EE8_A19F58CE	72	2	exact offset/type/length fingerprint
1	EXACT_915718BF5BB9	/SubmarineTitans/Recovered/ClassPointees/AnonPointee_STAllPlayersC_0195	/SubmarineTitans/Recovered/ClassPointees/AnonPointee_STAllPlayersC_0195	20	6	exact offset/type/length fingerprint
1	EXACT_915718BF5BB9	/SubmarineTitans/Recovered/ClassPointees/AnonPointee_STAllPlayersC_0195	/SubmarineTitans/Recovered/ClassPointees/AnonPointee_STAllPlayersC_0199	20	6	exact offset/type/length fingerprint
1	EXACT_915718BF5BB9	/SubmarineTitans/Recovered/ClassPointees/AnonPointee_STAllPlayersC_0195	/SubmarineTitans/Recovered/ClassPointees/AnonPointee_STGameObjC_0195	20	6	exact offset/type/length fingerprint
1	EXACT_915718BF5BB9	/SubmarineTitans/Recovered/ClassPointees/AnonPointee_STAllPlayersC_0195	/SubmarineTitans/Recovered/ClassPointees/AnonPointee_STGameObjC_0199	20	6	exact offset/type/length fingerprint
0	EXACT_9482D2C32C62	/SubmarineTitans/Recovered/PointerShapes/AnonShape_007543F0_E9DD5DAA	/SubmarineTitans/Recovered/PointerShapes/AnonShape_007543F0_E9DD5DAA	16	2	exact offset/type/length fingerprint
0	EXACT_9482D2C32C62	/SubmarineTitans/Recovered/PointerShapes/AnonShape_007543F0_E9DD5DAA	/SubmarineTitans/Recovered/PointerShapes/AnonShape_00755970_4FB144E0	16	2	exact offset/type/length fingerprint
1	EXACT_94F4A2273638	/SubmarineTitans/Recovered/PointerShapes/AnonNested_004F3A30_0018_BD4DC0BB	/SubmarineTitans/Recovered/PointerShapes/AnonNested_004F3A30_0018_BD4DC0BB	16	4	exact offset/type/length fingerprint
1	EXACT_94F4A2273638	/SubmarineTitans/Recovered/PointerShapes/AnonNested_004F3A30_0018_BD4DC0BB	/SubmarineTitans/Recovered/PointerShapes/AnonNested_004F3CF0_0018_4CF39192	16	4	exact offset/type/length fingerprint
1	EXACT_94F4A2273638	/SubmarineTitans/Recovered/PointerShapes/AnonNested_004F3A30_0018_BD4DC0BB	/SubmarineTitans/Recovered/PointerShapes/AnonNested_0052EFB0_0018_CB007E0D	16	4	exact offset/type/length fingerprint
1	EXACT_94F4A2273638	/SubmarineTitans/Recovered/PointerShapes/AnonNested_004F3A30_0018_BD4DC0BB	/SubmarineTitans/Recovered/PointerShapes/AnonNested_00538BA0_0018_DBC85CBF	16	4	exact offset/type/length fingerprint
1	EXACT_94F4A2273638	/SubmarineTitans/Recovered/PointerShapes/AnonNested_004F3A30_0018_BD4DC0BB	/SubmarineTitans/Recovered/PointerShapes/AnonNested_00538DB0_0018_D0DE3542	16	4	exact offset/type/length fingerprint
1	EXACT_94F4A2273638	/SubmarineTitans/Recovered/PointerShapes/AnonNested_004F3A30_0018_BD4DC0BB	/SubmarineTitans/Recovered/PointerShapes/AnonNested_0053D920_0018_8DE8F5C2	16	4	exact offset/type/length fingerprint
1	EXACT_94F4A2273638	/SubmarineTitans/Recovered/PointerShapes/AnonNested_004F3A30_0018_BD4DC0BB	/SubmarineTitans/Recovered/PointerShapes/AnonNested_0053DAF0_0018_BAFC63C8	16	4	exact offset/type/length fingerprint
1	EXACT_9671F59DA19E	/SubmarineTitans/Recovered/PointerShapes/AnonNested_0052BDA0_007E_1B3446E2	/SubmarineTitans/Recovered/PointerShapes/AnonNested_0052BDA0_007E_1B3446E2	24	4	exact offset/type/length fingerprint
1	EXACT_9671F59DA19E	/SubmarineTitans/Recovered/PointerShapes/AnonNested_0052BDA0_007E_1B3446E2	/SubmarineTitans/Recovered/PointerShapes/AnonShape_004F5690_7820B819	24	4	exact offset/type/length fingerprint
1	EXACT_9F6EAF4E0C32	/SubmarineTitans/Recovered/PointerShapes/AnonShape_00683C70_22193481	/SubmarineTitans/Recovered/PointerShapes/AnonShape_00683C70_22193481	792	3	exact offset/type/length fingerprint
1	EXACT_9F6EAF4E0C32	/SubmarineTitans/Recovered/PointerShapes/AnonShape_00683C70_22193481	/SubmarineTitans/Recovered/PointerShapes/AnonShape_0068CEC0_66639411	792	3	exact offset/type/length fingerprint
0	EXACT_A30CCEBB8D0F	/SubmarineTitans/Recovered/PointerShapes/AnonShape_00497E00_1D819A47	/SubmarineTitans/Recovered/PointerShapes/AnonShape_00497E00_1D819A47	24	2	exact offset/type/length fingerprint
0	EXACT_A30CCEBB8D0F	/SubmarineTitans/Recovered/PointerShapes/AnonShape_00497E00_1D819A47	/SubmarineTitans/Recovered/PointerShapes/AnonShape_005908B0_8A8C8A83	24	2	exact offset/type/length fingerprint
0	EXACT_A37677F93D02	/SubmarineTitans/Recovered/PointerShapes/AnonShape_006C5A10_DB2339A4	/SubmarineTitans/Recovered/PointerShapes/AnonShape_006C5A10_DB2339A4	1184	2	exact offset/type/length fingerprint
0	EXACT_A37677F93D02	/SubmarineTitans/Recovered/PointerShapes/AnonShape_006C5A10_DB2339A4	/SubmarineTitans/Recovered/PointerShapes/AnonShape_006C5B00_75F2A72F	1184	2	exact offset/type/length fingerprint
0	EXACT_A37677F93D02	/SubmarineTitans/Recovered/PointerShapes/AnonShape_006C5A10_DB2339A4	/SubmarineTitans/Recovered/PointerShapes/AnonShape_006C5BF0_474F0272	1184	2	exact offset/type/length fingerprint
0	EXACT_A37677F93D02	/SubmarineTitans/Recovered/PointerShapes/AnonShape_006C5A10_DB2339A4	/SubmarineTitans/Recovered/PointerShapes/AnonShape_006C5D00_C5C8A2E6	1184	2	exact offset/type/length fingerprint
0	EXACT_A37677F93D02	/SubmarineTitans/Recovered/PointerShapes/AnonShape_006C5A10_DB2339A4	/SubmarineTitans/Recovered/PointerShapes/AnonShape_006C5E00_04F0C4FF	1184	2	exact offset/type/length fingerprint
0	EXACT_A37677F93D02	/SubmarineTitans/Recovered/PointerShapes/AnonShape_006C5A10_DB2339A4	/SubmarineTitans/Recovered/PointerShapes/AnonShape_006C5F90_8AFC020B	1184	2	exact offset/type/length fingerprint
0	EXACT_A37677F93D02	/SubmarineTitans/Recovered/PointerShapes/AnonShape_006C5A10_DB2339A4	/SubmarineTitans/Recovered/PointerShapes/AnonShape_006C6100_D1CCA835	1184	2	exact offset/type/length fingerprint
0	EXACT_A37677F93D02	/SubmarineTitans/Recovered/PointerShapes/AnonShape_006C5A10_DB2339A4	/SubmarineTitans/Recovered/PointerShapes/AnonShape_006C6290_2B502C58	1184	2	exact offset/type/length fingerprint
1	EXACT_A433E41FD438	/SubmarineTitans/Recovered/ClassPointees/AnonPointee_MainMenuTy_1AA7	/SubmarineTitans/Recovered/ClassPointees/AnonPointee_MainMenuTy_1AA7	16	4	exact offset/type/length fingerprint
1	EXACT_A433E41FD438	/SubmarineTitans/Recovered/ClassPointees/AnonPointee_MainMenuTy_1AA7	/SubmarineTitans/Recovered/ClassPointees/AnonPointee_STAllPlayersC_018D	16	4	exact offset/type/length fingerprint
1	EXACT_A433E41FD438	/SubmarineTitans/Recovered/ClassPointees/AnonPointee_MainMenuTy_1AA7	/SubmarineTitans/Recovered/ClassPointees/AnonPointee_STAllPlayersC_0191	16	4	exact offset/type/length fingerprint
1	EXACT_A54422CD3109	/SubmarineTitans/Recovered/PointerShapes/AnonShape_004EF320_444F9AB1	/SubmarineTitans/Recovered/PointerShapes/AnonShape_004EF320_444F9AB1	28	3	exact offset/type/length fingerprint
1	EXACT_A54422CD3109	/SubmarineTitans/Recovered/PointerShapes/AnonShape_004EF320_444F9AB1	/SubmarineTitans/Recovered/PointerShapes/AnonShape_004EFFE0_E46DC6EE	28	3	exact offset/type/length fingerprint
1	EXACT_A54422CD3109	/SubmarineTitans/Recovered/PointerShapes/AnonShape_004EF320_444F9AB1	/SubmarineTitans/Recovered/PointerShapes/AnonShape_004F0E60_091DB1BE	28	3	exact offset/type/length fingerprint
1	EXACT_A54422CD3109	/SubmarineTitans/Recovered/PointerShapes/AnonShape_004EF320_444F9AB1	/SubmarineTitans/Recovered/PointerShapes/AnonShape_0053C820_7DA0C7AE	28	3	exact offset/type/length fingerprint
0	EXACT_A9AE4D434184	/SubmarineTitans/Recovered/PointerShapes/AnonShape_006CE700_6E2936C3	/SubmarineTitans/Recovered/PointerShapes/AnonShape_006CE700_6E2936C3	4	2	exact offset/type/length fingerprint
0	EXACT_A9AE4D434184	/SubmarineTitans/Recovered/PointerShapes/AnonShape_006CE700_6E2936C3	/SubmarineTitans/Recovered/PointerShapes/AnonShape_006CE700_F21E5976	4	2	exact offset/type/length fingerprint
0	EXACT_A9AE4D434184	/SubmarineTitans/Recovered/PointerShapes/AnonShape_006CE700_6E2936C3	/SubmarineTitans/Recovered/PointerShapes/AnonShape_006D8A60_D503343B	4	2	exact offset/type/length fingerprint
0	EXACT_A9EE2F8865B3	/SubmarineTitans/Recovered/PointerShapes/AnonShape_00621640_E6E15AC5	/SubmarineTitans/Recovered/PointerShapes/AnonShape_00621640_E6E15AC5	272	1	exact offset/type/length fingerprint
0	EXACT_A9EE2F8865B3	/SubmarineTitans/Recovered/PointerShapes/AnonShape_00621640_E6E15AC5	/SubmarineTitans/Recovered/PointerShapes/AnonShape_00621780_F78B7EC0	272	1	exact offset/type/length fingerprint
0	EXACT_AA54A22A6BFF	/SubmarineTitans/Recovered/PointerShapes/AnonShape_00412960_B35D15BC	/SubmarineTitans/Recovered/PointerShapes/AnonShape_00412960_B35D15BC	12	2	exact offset/type/length fingerprint
0	EXACT_AA54A22A6BFF	/SubmarineTitans/Recovered/PointerShapes/AnonShape_00412960_B35D15BC	/SubmarineTitans/Recovered/PointerShapes/AnonShape_004F2560_E9671A44	12	2	exact offset/type/length fingerprint
0	EXACT_AA54A22A6BFF	/SubmarineTitans/Recovered/PointerShapes/AnonShape_00412960_B35D15BC	/SubmarineTitans/Recovered/PointerShapes/AnonShape_00515650_BBDC7053	12	2	exact offset/type/length fingerprint
0	EXACT_AA54A22A6BFF	/SubmarineTitans/Recovered/PointerShapes/AnonShape_00412960_B35D15BC	/SubmarineTitans/Recovered/PointerShapes/AnonShape_00683780_11EA4E23	12	2	exact offset/type/length fingerprint
0	EXACT_AB57A892B2FA	/SubmarineTitans/Recovered/PointerShapes/AnonShape_0071C830_6B4541B2	/SubmarineTitans/Recovered/PointerShapes/AnonShape_0071C830_6B4541B2	116	2	exact offset/type/length fingerprint
0	EXACT_AB57A892B2FA	/SubmarineTitans/Recovered/PointerShapes/AnonShape_0071C830_6B4541B2	/SubmarineTitans/Recovered/PointerShapes/AnonShape_0071C870_66664424	116	2	exact offset/type/length fingerprint
1	EXACT_AC1FBC25C74C	/SubmarineTitans/Recovered/ClassPointees/AnonPointee_SIDTy_1CB8	/SubmarineTitans/Recovered/ClassPointees/AnonPointee_SIDTy_1CB8	16	3	exact offset/type/length fingerprint
1	EXACT_AC1FBC25C74C	/SubmarineTitans/Recovered/ClassPointees/AnonPointee_SIDTy_1CB8	/SubmarineTitans/Recovered/ClassPointees/AnonPointee_StartSystemTy_02F0	16	3	exact offset/type/length fingerprint
0	EXACT_AFECD81B94B8	/SubmarineTitans/Recovered/PointerShapes/AnonShape_00423EC0_64CE1121	/SubmarineTitans/Recovered/PointerShapes/AnonShape_00423EC0_64CE1121	24	2	exact offset/type/length fingerprint
0	EXACT_AFECD81B94B8	/SubmarineTitans/Recovered/PointerShapes/AnonShape_00423EC0_64CE1121	/SubmarineTitans/Recovered/PointerShapes/AnonShape_005776D0_202C27C7	24	2	exact offset/type/length fingerprint
0	EXACT_AFECD81B94B8	/SubmarineTitans/Recovered/PointerShapes/AnonShape_00423EC0_64CE1121	/SubmarineTitans/Recovered/PointerShapes/AnonShape_0064EF90_4909407D	24	2	exact offset/type/length fingerprint
0	EXACT_AFECD81B94B8	/SubmarineTitans/Recovered/PointerShapes/AnonShape_00423EC0_64CE1121	/SubmarineTitans/Recovered/PointerShapes/AnonShape_00651770_8F77396F	24	2	exact offset/type/length fingerprint
0	EXACT_AFECD81B94B8	/SubmarineTitans/Recovered/PointerShapes/AnonShape_00423EC0_64CE1121	/SubmarineTitans/Recovered/PointerShapes/AnonShape_00694BE0_C065E5E3	24	2	exact offset/type/length fingerprint
0	EXACT_AFECD81B94B8	/SubmarineTitans/Recovered/PointerShapes/AnonShape_00423EC0_64CE1121	/SubmarineTitans/Recovered/PointerShapes/AnonShape_006E5150_51076593	24	2	exact offset/type/length fingerprint
0	EXACT_B1D243976683	/SubmarineTitans/Recovered/PointerShapes/AnonShape_007098A0_B7562D88	/SubmarineTitans/Recovered/PointerShapes/AnonShape_007098A0_B7562D88	8	1	exact offset/type/length fingerprint
0	EXACT_B1D243976683	/SubmarineTitans/Recovered/PointerShapes/AnonShape_007098A0_B7562D88	/SubmarineTitans/Recovered/PointerShapes/AnonShape_00709990_0FAEF1E0	8	1	exact offset/type/length fingerprint
1	EXACT_B76418974A31	/SubmarineTitans/Recovered/PointerShapes/AnonShape_005E9970_7C1AA6F1	/SubmarineTitans/Recovered/PointerShapes/AnonShape_005E9970_7C1AA6F1	6756	6	exact offset/type/length fingerprint
1	EXACT_B76418974A31	/SubmarineTitans/Recovered/PointerShapes/AnonShape_005E9970_7C1AA6F1	/SubmarineTitans/Recovered/PointerShapes/AnonShape_005E9A40_265F7E5B	6756	6	exact offset/type/length fingerprint
1	EXACT_B7F72DEE7920	/SubmarineTitans/Recovered/PointerShapes/AnonNested_006028A0_0211_79D9690B	/SubmarineTitans/Recovered/PointerShapes/AnonNested_006028A0_0211_79D9690B	92	4	exact offset/type/length fingerprint
1	EXACT_B7F72DEE7920	/SubmarineTitans/Recovered/PointerShapes/AnonNested_006028A0_0211_79D9690B	/SubmarineTitans/Recovered/PointerShapes/AnonNested_006226C0_0211_7A284649	92	4	exact offset/type/length fingerprint
1	EXACT_B98DB3AE6FB6	/SubmarineTitans/Recovered/PointerShapes/AnonShape_00413AF0_B6B4EE9A	/SubmarineTitans/Recovered/PointerShapes/AnonShape_00413AF0_B6B4EE9A	32	3	exact offset/type/length fingerprint
1	EXACT_B98DB3AE6FB6	/SubmarineTitans/Recovered/PointerShapes/AnonShape_00413AF0_B6B4EE9A	/SubmarineTitans/Recovered/PointerShapes/AnonShape_0049B7D0_41C6F9A6	32	3	exact offset/type/length fingerprint
1	EXACT_B98DB3AE6FB6	/SubmarineTitans/Recovered/PointerShapes/AnonShape_00413AF0_B6B4EE9A	/SubmarineTitans/Recovered/PointerShapes/AnonShape_005A2A60_B397ABCA	32	3	exact offset/type/length fingerprint
1	EXACT_B98DB3AE6FB6	/SubmarineTitans/Recovered/PointerShapes/AnonShape_00413AF0_B6B4EE9A	/SubmarineTitans/Recovered/PointerShapes/AnonShape_005D0150_383DDE8F	32	3	exact offset/type/length fingerprint
1	EXACT_B98DB3AE6FB6	/SubmarineTitans/Recovered/PointerShapes/AnonShape_00413AF0_B6B4EE9A	/SubmarineTitans/Recovered/PointerShapes/AnonShape_005DF640_DD656F0B	32	3	exact offset/type/length fingerprint
1	EXACT_B98DB3AE6FB6	/SubmarineTitans/Recovered/PointerShapes/AnonShape_00413AF0_B6B4EE9A	/SubmarineTitans/Recovered/PointerShapes/AnonShape_005DF7C0_BF27E5E8	32	3	exact offset/type/length fingerprint
1	EXACT_B98DB3AE6FB6	/SubmarineTitans/Recovered/PointerShapes/AnonShape_00413AF0_B6B4EE9A	/SubmarineTitans/Recovered/PointerShapes/AnonShape_006315D0_2C2F0A18	32	3	exact offset/type/length fingerprint
1	EXACT_B98DB3AE6FB6	/SubmarineTitans/Recovered/PointerShapes/AnonShape_00413AF0_B6B4EE9A	/SubmarineTitans/Recovered/PointerShapes/AnonShape_00676C40_253791B9	32	3	exact offset/type/length fingerprint
1	EXACT_B98DB3AE6FB6	/SubmarineTitans/Recovered/PointerShapes/AnonShape_00413AF0_B6B4EE9A	/SubmarineTitans/Recovered/PointerShapes/AnonShape_00676CE0_44EEE27F	32	3	exact offset/type/length fingerprint
1	EXACT_B98DB3AE6FB6	/SubmarineTitans/Recovered/PointerShapes/AnonShape_00413AF0_B6B4EE9A	/SubmarineTitans/Recovered/PointerShapes/AnonShape_0067BB50_2A71CB71	32	3	exact offset/type/length fingerprint
1	EXACT_B98DB3AE6FB6	/SubmarineTitans/Recovered/PointerShapes/AnonShape_00413AF0_B6B4EE9A	/SubmarineTitans/Recovered/PointerShapes/AnonShape_0067BBA0_56C30601	32	3	exact offset/type/length fingerprint
1	EXACT_B98DB3AE6FB6	/SubmarineTitans/Recovered/PointerShapes/AnonShape_00413AF0_B6B4EE9A	/SubmarineTitans/Recovered/PointerShapes/AnonShape_0067BC10_0DEA2337	32	3	exact offset/type/length fingerprint
1	EXACT_B98DB3AE6FB6	/SubmarineTitans/Recovered/PointerShapes/AnonShape_00413AF0_B6B4EE9A	/SubmarineTitans/Recovered/PointerShapes/AnonShape_0067BC80_D4009586	32	3	exact offset/type/length fingerprint
1	EXACT_B98DB3AE6FB6	/SubmarineTitans/Recovered/PointerShapes/AnonShape_00413AF0_B6B4EE9A	/SubmarineTitans/Recovered/PointerShapes/AnonShape_0067BD00_6519094F	32	3	exact offset/type/length fingerprint
1	EXACT_B98DB3AE6FB6	/SubmarineTitans/Recovered/PointerShapes/AnonShape_00413AF0_B6B4EE9A	/SubmarineTitans/Recovered/PointerShapes/AnonShape_0067BD50_1A5F3A84	32	3	exact offset/type/length fingerprint
1	EXACT_B98DB3AE6FB6	/SubmarineTitans/Recovered/PointerShapes/AnonShape_00413AF0_B6B4EE9A	/SubmarineTitans/Recovered/PointerShapes/AnonShape_006B0CD0_C8D121FA	32	3	exact offset/type/length fingerprint
1	EXACT_B98DB3AE6FB6	/SubmarineTitans/Recovered/PointerShapes/AnonShape_00413AF0_B6B4EE9A	/SubmarineTitans/Recovered/PointerShapes/AnonShape_GLOBAL_00848A28_2C89E502	32	3	exact offset/type/length fingerprint
1	EXACT_B98DB3AE6FB6	/SubmarineTitans/Recovered/PointerShapes/AnonShape_00413AF0_B6B4EE9A	/SubmarineTitans/Recovered/PointerShapes/AnonShape_GLOBAL_00848A30_5E88A82B	32	3	exact offset/type/length fingerprint
0	EXACT_BACF0DA23F67	/SubmarineTitans/Recovered/PointerShapes/AnonShape_005F19A0_983A7F63	/SubmarineTitans/Recovered/PointerShapes/AnonShape_005F19A0_983A7F63	64	1	exact offset/type/length fingerprint
0	EXACT_BACF0DA23F67	/SubmarineTitans/Recovered/PointerShapes/AnonShape_005F19A0_983A7F63	/SubmarineTitans/Recovered/PointerShapes/AnonShape_005F2110_A0A984A0	64	1	exact offset/type/length fingerprint
1	EXACT_BB850A64FF93	/SubmarineTitans/Recovered/PointerShapes/AnonNested_006ECFC0_0064_4836A151	/SubmarineTitans/Recovered/PointerShapes/AnonNested_006ECFC0_0064_4836A151	140	8	exact offset/type/length fingerprint
1	EXACT_BB850A64FF93	/SubmarineTitans/Recovered/PointerShapes/AnonNested_006ECFC0_0064_4836A151	/SubmarineTitans/Recovered/PointerShapes/AnonNested_006ECFC0_0064_60428B19	140	8	exact offset/type/length fingerprint
0	EXACT_BBC2AC981B29	/SubmarineTitans/Recovered/PointerShapes/AnonShape_006D86E0_D6D32C07	/SubmarineTitans/Recovered/PointerShapes/AnonShape_006D86E0_D6D32C07	4	2	exact offset/type/length fingerprint
0	EXACT_BBC2AC981B29	/SubmarineTitans/Recovered/PointerShapes/AnonShape_006D86E0_D6D32C07	/SubmarineTitans/Recovered/PointerShapes/AnonShape_006D8A60_CD460E10	4	2	exact offset/type/length fingerprint
1	EXACT_BCD3C239A094	/SubmarineTitans/Recovered/PointerShapes/AnonShape_00747822_A1E67AF6	/SubmarineTitans/Recovered/PointerShapes/AnonShape_00747822_A1E67AF6	20	4	exact offset/type/length fingerprint
1	EXACT_BCD3C239A094	/SubmarineTitans/Recovered/PointerShapes/AnonShape_00747822_A1E67AF6	/SubmarineTitans/Recovered/PointerShapes/AnonShape_0074784F_2D85CB12	20	4	exact offset/type/length fingerprint
1	EXACT_BEDF2FCE50F0	/SubmarineTitans/Recovered/PointerShapes/AnonShape_0075A180_7E367FD8	/SubmarineTitans/Recovered/PointerShapes/AnonShape_0075A180_7E367FD8	412	4	exact offset/type/length fingerprint
1	EXACT_BEDF2FCE50F0	/SubmarineTitans/Recovered/PointerShapes/AnonShape_0075A180_7E367FD8	/SubmarineTitans/Recovered/PointerShapes/AnonShape_0075A490_EF74CB12	412	4	exact offset/type/length fingerprint
1	EXACT_BEDF2FCE50F0	/SubmarineTitans/Recovered/PointerShapes/AnonShape_0075A180_7E367FD8	/SubmarineTitans/Recovered/PointerShapes/AnonShape_0075A590_EA8FABF2	412	4	exact offset/type/length fingerprint
1	EXACT_BF854AB71414	/SubmarineTitans/Recovered/PointerShapes/AnonShape_006E3450_BC2FF034	/SubmarineTitans/Recovered/PointerShapes/AnonShape_006E3450_BC2FF034	32	4	exact offset/type/length fingerprint
1	EXACT_BF854AB71414	/SubmarineTitans/Recovered/PointerShapes/AnonShape_006E3450_BC2FF034	/SubmarineTitans/Recovered/PointerShapes/AnonShape_006E3680_4519C52B	32	4	exact offset/type/length fingerprint
1	EXACT_BF854AB71414	/SubmarineTitans/Recovered/PointerShapes/AnonShape_006E3450_BC2FF034	/SubmarineTitans/Recovered/PointerShapes/AnonShape_006E4540_86065AE3	32	4	exact offset/type/length fingerprint
1	EXACT_C0A10156F004	/SubmarineTitans/Recovered/PointerShapes/AnonShape_005BB9F0_E38C41BB	/SubmarineTitans/Recovered/PointerShapes/AnonShape_005BB9F0_E38C41BB	6776	7	exact offset/type/length fingerprint
1	EXACT_C0A10156F004	/SubmarineTitans/Recovered/PointerShapes/AnonShape_005BB9F0_E38C41BB	/SubmarineTitans/Recovered/PointerShapes/AnonShape_005BBA40_15493F88	6776	7	exact offset/type/length fingerprint
0	EXACT_C51A57AA0E0D	/SubmarineTitans/Recovered/PointerShapes/AnonNested_006E1DD0_0280_387F2D84	/SubmarineTitans/Recovered/PointerShapes/AnonNested_006E1DD0_0280_387F2D84	4	2	exact offset/type/length fingerprint
0	EXACT_C51A57AA0E0D	/SubmarineTitans/Recovered/PointerShapes/AnonNested_006E1DD0_0280_387F2D84	/SubmarineTitans/Recovered/PointerShapes/AnonNested_006E68C0_0280_223685B4	4	2	exact offset/type/length fingerprint
0	EXACT_C66885888E68	/SubmarineTitans/Recovered/PointerShapes/AnonShape_004D55B0_31219D03	/SubmarineTitans/Recovered/PointerShapes/AnonShape_004D55B0_31219D03	24	2	exact offset/type/length fingerprint
0	EXACT_C66885888E68	/SubmarineTitans/Recovered/PointerShapes/AnonShape_004D55B0_31219D03	/SubmarineTitans/Recovered/PointerShapes/AnonShape_00581BF0_F07EE3A2	24	2	exact offset/type/length fingerprint
0	EXACT_C66885888E68	/SubmarineTitans/Recovered/PointerShapes/AnonShape_004D55B0_31219D03	/SubmarineTitans/Recovered/PointerShapes/AnonShape_00593040_4F5768CD	24	2	exact offset/type/length fingerprint
0	EXACT_C66885888E68	/SubmarineTitans/Recovered/PointerShapes/AnonShape_004D55B0_31219D03	/SubmarineTitans/Recovered/PointerShapes/AnonShape_005EAF10_89B39713	24	2	exact offset/type/length fingerprint
0	EXACT_C66885888E68	/SubmarineTitans/Recovered/PointerShapes/AnonShape_004D55B0_31219D03	/SubmarineTitans/Recovered/PointerShapes/AnonShape_005F5F20_58E29B9E	24	2	exact offset/type/length fingerprint
0	EXACT_C66885888E68	/SubmarineTitans/Recovered/PointerShapes/AnonShape_004D55B0_31219D03	/SubmarineTitans/Recovered/PointerShapes/AnonShape_005FB640_4C6A297D	24	2	exact offset/type/length fingerprint
0	EXACT_C66885888E68	/SubmarineTitans/Recovered/PointerShapes/AnonShape_004D55B0_31219D03	/SubmarineTitans/Recovered/PointerShapes/AnonShape_0060EA30_DCEB68AD	24	2	exact offset/type/length fingerprint
0	EXACT_C66885888E68	/SubmarineTitans/Recovered/PointerShapes/AnonShape_004D55B0_31219D03	/SubmarineTitans/Recovered/PointerShapes/AnonShape_00621B50_242D543A	24	2	exact offset/type/length fingerprint
1	EXACT_C96C11C1C727	/SubmarineTitans/Recovered/PointerShapes/AnonShape_0075BE40_B9FD5FDF	/SubmarineTitans/Recovered/PointerShapes/AnonShape_0075BE40_B9FD5FDF	432	4	exact offset/type/length fingerprint
1	EXACT_C96C11C1C727	/SubmarineTitans/Recovered/PointerShapes/AnonShape_0075BE40_B9FD5FDF	/SubmarineTitans/Recovered/PointerShapes/AnonShape_0075C3B0_6803BA0D	432	4	exact offset/type/length fingerprint
0	EXACT_C9957A4BBE09	/SubmarineTitans/Recovered/ClassPointees/AnonPointee_AiFltClassTy_022F	/SubmarineTitans/Recovered/ClassPointees/AnonPointee_AiFltClassTy_022F	32	2	exact offset/type/length fingerprint
0	EXACT_C9957A4BBE09	/SubmarineTitans/Recovered/ClassPointees/AnonPointee_AiFltClassTy_022F	/SubmarineTitans/Recovered/ClassPointees/AnonPointee_HelpPanelTy_01B3	32	2	exact offset/type/length fingerprint
0	EXACT_CB08EFCF6A85	/SubmarineTitans/Recovered/ClassPointees/AnonPointee_ChooseMapTy_1C97	/SubmarineTitans/Recovered/ClassPointees/AnonPointee_ChooseMapTy_1C97	24	2	exact offset/type/length fingerprint
0	EXACT_CB08EFCF6A85	/SubmarineTitans/Recovered/ClassPointees/AnonPointee_ChooseMapTy_1C97	/SubmarineTitans/Recovered/ClassPointees/AnonPointee_ChooseMapTy_1C9F	24	2	exact offset/type/length fingerprint
0	EXACT_CB08EFCF6A85	/SubmarineTitans/Recovered/ClassPointees/AnonPointee_ChooseMapTy_1C97	/SubmarineTitans/Recovered/ClassPointees/AnonPointee_FSGSTy_1AE8	24	2	exact offset/type/length fingerprint
0	EXACT_CB08EFCF6A85	/SubmarineTitans/Recovered/ClassPointees/AnonPointee_ChooseMapTy_1C97	/SubmarineTitans/Recovered/ClassPointees/AnonPointee_FSGSTy_1AEC	24	2	exact offset/type/length fingerprint
0	EXACT_CB08EFCF6A85	/SubmarineTitans/Recovered/ClassPointees/AnonPointee_ChooseMapTy_1C97	/SubmarineTitans/Recovered/ClassPointees/AnonPointee_FSGSTy_1AF4	24	2	exact offset/type/length fingerprint
0	EXACT_CB08EFCF6A85	/SubmarineTitans/Recovered/ClassPointees/AnonPointee_ChooseMapTy_1C97	/SubmarineTitans/Recovered/ClassPointees/AnonPointee_FSGSTy_1AF8	24	2	exact offset/type/length fingerprint
0	EXACT_CB08EFCF6A85	/SubmarineTitans/Recovered/ClassPointees/AnonPointee_ChooseMapTy_1C97	/SubmarineTitans/Recovered/ClassPointees/AnonPointee_FSGSTy_1AFC	24	2	exact offset/type/length fingerprint
0	EXACT_CB08EFCF6A85	/SubmarineTitans/Recovered/ClassPointees/AnonPointee_ChooseMapTy_1C97	/SubmarineTitans/Recovered/ClassPointees/AnonPointee_FSGSTy_1B00	24	2	exact offset/type/length fingerprint
0	EXACT_CB08EFCF6A85	/SubmarineTitans/Recovered/ClassPointees/AnonPointee_ChooseMapTy_1C97	/SubmarineTitans/Recovered/ClassPointees/AnonPointee_FSGSTy_1EA2	24	2	exact offset/type/length fingerprint
0	EXACT_CB08EFCF6A85	/SubmarineTitans/Recovered/ClassPointees/AnonPointee_ChooseMapTy_1C97	/SubmarineTitans/Recovered/ClassPointees/AnonPointee_OptPanelTy_01E9	24	2	exact offset/type/length fingerprint
0	EXACT_CB08EFCF6A85	/SubmarineTitans/Recovered/ClassPointees/AnonPointee_ChooseMapTy_1C97	/SubmarineTitans/Recovered/ClassPointees/AnonPointee_SIDTy_1CCC	24	2	exact offset/type/length fingerprint
0	EXACT_CB08EFCF6A85	/SubmarineTitans/Recovered/ClassPointees/AnonPointee_ChooseMapTy_1C97	/SubmarineTitans/Recovered/ClassPointees/AnonPointee_SIDTy_1CD0	24	2	exact offset/type/length fingerprint
0	EXACT_CB08EFCF6A85	/SubmarineTitans/Recovered/ClassPointees/AnonPointee_ChooseMapTy_1C97	/SubmarineTitans/Recovered/ClassPointees/AnonPointee_WaitTy_1AF0	24	2	exact offset/type/length fingerprint
0	EXACT_CB08EFCF6A85	/SubmarineTitans/Recovered/ClassPointees/AnonPointee_ChooseMapTy_1C97	/SubmarineTitans/Recovered/PointerShapes/AnonShape_006B5570_4D68B99C	24	2	exact offset/type/length fingerprint
1	EXACT_CF862BECCC36	/SubmarineTitans/Recovered/PointerShapes/AnonShape_004D9C80_80F657D3	/SubmarineTitans/Recovered/PointerShapes/AnonShape_004D9C80_80F657D3	1540	9	exact offset/type/length fingerprint
1	EXACT_CF862BECCC36	/SubmarineTitans/Recovered/PointerShapes/AnonShape_004D9C80_80F657D3	/SubmarineTitans/Recovered/PointerShapes/AnonShape_004EAA20_6BF53BE2	1540	9	exact offset/type/length fingerprint
1	EXACT_CF862BECCC36	/SubmarineTitans/Recovered/PointerShapes/AnonShape_004D9C80_80F657D3	/SubmarineTitans/Recovered/PointerShapes/AnonShape_004ECEA0_52E8E272	1540	9	exact offset/type/length fingerprint
0	EXACT_D1D7A3F1D05C	/SubmarineTitans/Recovered/PointerShapes/AnonShape_0067B150_65656894	/SubmarineTitans/Recovered/PointerShapes/AnonShape_0067B150_65656894	1704	1	exact offset/type/length fingerprint
0	EXACT_D1D7A3F1D05C	/SubmarineTitans/Recovered/PointerShapes/AnonShape_0067B150_65656894	/SubmarineTitans/Recovered/PointerShapes/AnonShape_0067B1A0_AE772F89	1704	1	exact offset/type/length fingerprint
0	EXACT_D1D7A3F1D05C	/SubmarineTitans/Recovered/PointerShapes/AnonShape_0067B150_65656894	/SubmarineTitans/Recovered/PointerShapes/AnonShape_0067B2E0_7593A12C	1704	1	exact offset/type/length fingerprint
1	EXACT_D1F2746530DA	/SubmarineTitans/Recovered/PointerShapes/AnonShape_00604A90_035626E6	/SubmarineTitans/Recovered/PointerShapes/AnonShape_00604A90_035626E6	228	7	exact offset/type/length fingerprint
1	EXACT_D1F2746530DA	/SubmarineTitans/Recovered/PointerShapes/AnonShape_00604A90_035626E6	/SubmarineTitans/Recovered/PointerShapes/AnonShape_00604FC0_D9906037	228	7	exact offset/type/length fingerprint
0	EXACT_D3DE5AA1B58D	/SubmarineTitans/Recovered/PointerShapes/AnonShape_0068E140_7EDE9974	/SubmarineTitans/Recovered/PointerShapes/AnonShape_0068E140_7EDE9974	172	1	exact offset/type/length fingerprint
0	EXACT_D3DE5AA1B58D	/SubmarineTitans/Recovered/PointerShapes/AnonShape_0068E140_7EDE9974	/SubmarineTitans/Recovered/PointerShapes/AnonShape_0068E190_567BCC9F	172	1	exact offset/type/length fingerprint
0	EXACT_D3DE5AA1B58D	/SubmarineTitans/Recovered/PointerShapes/AnonShape_0068E140_7EDE9974	/SubmarineTitans/Recovered/PointerShapes/AnonShape_0068E220_E1AFD972	172	1	exact offset/type/length fingerprint
0	EXACT_D3DE5AA1B58D	/SubmarineTitans/Recovered/PointerShapes/AnonShape_0068E140_7EDE9974	/SubmarineTitans/Recovered/PointerShapes/AnonShape_0068E290_92F33649	172	1	exact offset/type/length fingerprint
0	EXACT_D3DE5AA1B58D	/SubmarineTitans/Recovered/PointerShapes/AnonShape_0068E140_7EDE9974	/SubmarineTitans/Recovered/PointerShapes/AnonShape_0068E300_3FC239E7	172	1	exact offset/type/length fingerprint
0	EXACT_D3DE5AA1B58D	/SubmarineTitans/Recovered/PointerShapes/AnonShape_0068E140_7EDE9974	/SubmarineTitans/Recovered/PointerShapes/AnonShape_0068E3C0_79C2A353	172	1	exact offset/type/length fingerprint
0	EXACT_D3DE5AA1B58D	/SubmarineTitans/Recovered/PointerShapes/AnonShape_0068E140_7EDE9974	/SubmarineTitans/Recovered/PointerShapes/AnonShape_0068E480_52C88F58	172	1	exact offset/type/length fingerprint
0	EXACT_D3DE5AA1B58D	/SubmarineTitans/Recovered/PointerShapes/AnonShape_0068E140_7EDE9974	/SubmarineTitans/Recovered/PointerShapes/AnonShape_0068E610_ED31936B	172	1	exact offset/type/length fingerprint
0	EXACT_D3DE5AA1B58D	/SubmarineTitans/Recovered/PointerShapes/AnonShape_0068E140_7EDE9974	/SubmarineTitans/Recovered/PointerShapes/AnonShape_0068F8F0_4A296DC7	172	1	exact offset/type/length fingerprint
0	EXACT_D3DE5AA1B58D	/SubmarineTitans/Recovered/PointerShapes/AnonShape_0068E140_7EDE9974	/SubmarineTitans/Recovered/PointerShapes/AnonShape_0068FA00_58986AC8	172	1	exact offset/type/length fingerprint
0	EXACT_D3DE5AA1B58D	/SubmarineTitans/Recovered/PointerShapes/AnonShape_0068E140_7EDE9974	/SubmarineTitans/Recovered/PointerShapes/AnonShape_0068FC70_839D2F9C	172	1	exact offset/type/length fingerprint
0	EXACT_D3DE5AA1B58D	/SubmarineTitans/Recovered/PointerShapes/AnonShape_0068E140_7EDE9974	/SubmarineTitans/Recovered/PointerShapes/AnonShape_00690180_04D8789E	172	1	exact offset/type/length fingerprint
0	EXACT_D3DE5AA1B58D	/SubmarineTitans/Recovered/PointerShapes/AnonShape_0068E140_7EDE9974	/SubmarineTitans/Recovered/PointerShapes/AnonShape_00690230_5DAEE863	172	1	exact offset/type/length fingerprint
0	EXACT_D3DE5AA1B58D	/SubmarineTitans/Recovered/PointerShapes/AnonShape_0068E140_7EDE9974	/SubmarineTitans/Recovered/PointerShapes/AnonShape_006902B0_37F8589C	172	1	exact offset/type/length fingerprint
0	EXACT_D3DE5AA1B58D	/SubmarineTitans/Recovered/PointerShapes/AnonShape_0068E140_7EDE9974	/SubmarineTitans/Recovered/PointerShapes/AnonShape_00690330_16A75DCA	172	1	exact offset/type/length fingerprint
0	EXACT_D3DE5AA1B58D	/SubmarineTitans/Recovered/PointerShapes/AnonShape_0068E140_7EDE9974	/SubmarineTitans/Recovered/PointerShapes/AnonShape_006903E0_F1CFBB19	172	1	exact offset/type/length fingerprint
0	EXACT_D3DE5AA1B58D	/SubmarineTitans/Recovered/PointerShapes/AnonShape_0068E140_7EDE9974	/SubmarineTitans/Recovered/PointerShapes/AnonShape_00690450_45AD2783	172	1	exact offset/type/length fingerprint
0	EXACT_D3DE5AA1B58D	/SubmarineTitans/Recovered/PointerShapes/AnonShape_0068E140_7EDE9974	/SubmarineTitans/Recovered/PointerShapes/AnonShape_006904D0_D9AB67FE	172	1	exact offset/type/length fingerprint
1	EXACT_D4DB5A3118FB	/SubmarineTitans/Recovered/PointerShapes/AnonShape_004AD790_77673787	/SubmarineTitans/Recovered/PointerShapes/AnonShape_004AD790_77673787	32	9	exact offset/type/length fingerprint
1	EXACT_D4DB5A3118FB	/SubmarineTitans/Recovered/PointerShapes/AnonShape_004AD790_77673787	/SubmarineTitans/Recovered/PointerShapes/AnonShape_004ADBA0_E7CEFF88	32	9	exact offset/type/length fingerprint
1	EXACT_D83FC29E2EA8	/SubmarineTitans/Recovered/PointerShapes/AnonShape_004EF140_16642BA0	/SubmarineTitans/Recovered/PointerShapes/AnonShape_004EF140_16642BA0	636	4	exact offset/type/length fingerprint
1	EXACT_D83FC29E2EA8	/SubmarineTitans/Recovered/PointerShapes/AnonShape_004EF140_16642BA0	/SubmarineTitans/Recovered/PointerShapes/AnonShape_004F0C80_4C5E559C	636	4	exact offset/type/length fingerprint
1	EXACT_D83FC29E2EA8	/SubmarineTitans/Recovered/PointerShapes/AnonShape_004EF140_16642BA0	/SubmarineTitans/Recovered/PointerShapes/AnonShape_0053C620_58AD6CA0	636	4	exact offset/type/length fingerprint
1	EXACT_D8D6BD408F70	/SubmarineTitans/Recovered/PointerShapes/AnonShape_006B5B10_E0D06CF1	/SubmarineTitans/Recovered/PointerShapes/AnonShape_006B5B10_E0D06CF1	16	3	exact offset/type/length fingerprint
1	EXACT_D8D6BD408F70	/SubmarineTitans/Recovered/PointerShapes/AnonShape_006B5B10_E0D06CF1	/SubmarineTitans/Recovered/PointerShapes/AnonShape_006B84D0_7C7D97C6	16	3	exact offset/type/length fingerprint
1	EXACT_D8D6BD408F70	/SubmarineTitans/Recovered/PointerShapes/AnonShape_006B5B10_E0D06CF1	/SubmarineTitans/Recovered/PointerShapes/AnonShape_006C7570_82D7EB54	16	3	exact offset/type/length fingerprint
1	EXACT_D8D6BD408F70	/SubmarineTitans/Recovered/PointerShapes/AnonShape_006B5B10_E0D06CF1	/SubmarineTitans/Recovered/PointerShapes/AnonShape_006C7610_838EDECF	16	3	exact offset/type/length fingerprint
1	EXACT_D8D6BD408F70	/SubmarineTitans/Recovered/PointerShapes/AnonShape_006B5B10_E0D06CF1	/SubmarineTitans/Recovered/PointerShapes/AnonShape_006D0680_01056108	16	3	exact offset/type/length fingerprint
1	EXACT_D8D6BD408F70	/SubmarineTitans/Recovered/PointerShapes/AnonShape_006B5B10_E0D06CF1	/SubmarineTitans/Recovered/PointerShapes/AnonShape_006D0680_EDC74182	16	3	exact offset/type/length fingerprint
1	EXACT_D8D6BD408F70	/SubmarineTitans/Recovered/PointerShapes/AnonShape_006B5B10_E0D06CF1	/SubmarineTitans/Recovered/PointerShapes/AnonShape_006E83F0_6F955BEB	16	3	exact offset/type/length fingerprint
1	EXACT_D8D6BD408F70	/SubmarineTitans/Recovered/PointerShapes/AnonShape_006B5B10_E0D06CF1	/SubmarineTitans/Recovered/PointerShapes/AnonShape_0070C9A0_D70EB495	16	3	exact offset/type/length fingerprint
1	EXACT_D8D6BD408F70	/SubmarineTitans/Recovered/PointerShapes/AnonShape_006B5B10_E0D06CF1	/SubmarineTitans/Recovered/PointerShapes/AnonShape_00749841_39B3C899	16	3	exact offset/type/length fingerprint
1	EXACT_D8D6BD408F70	/SubmarineTitans/Recovered/PointerShapes/AnonShape_006B5B10_E0D06CF1	/SubmarineTitans/Recovered/PointerShapes/AnonShape_007527A0_89B74FC0	16	3	exact offset/type/length fingerprint
1	EXACT_D8D6BD408F70	/SubmarineTitans/Recovered/PointerShapes/AnonShape_006B5B10_E0D06CF1	/SubmarineTitans/Recovered/PointerShapes/AnonShape_00752CF0_B22A2A38	16	3	exact offset/type/length fingerprint
0	EXACT_D94D3444E326	/SubmarineTitans/Recovered/PointerShapes/AnonNested_00755D40_000C_A3EEF781	/SubmarineTitans/Recovered/PointerShapes/AnonNested_00755D40_000C_A3EEF781	56	2	exact offset/type/length fingerprint
0	EXACT_D94D3444E326	/SubmarineTitans/Recovered/PointerShapes/AnonNested_00755D40_000C_A3EEF781	/SubmarineTitans/Recovered/PointerShapes/AnonNested_007574C0_000C_273D01BA	56	2	exact offset/type/length fingerprint
0	EXACT_D94D3444E326	/SubmarineTitans/Recovered/PointerShapes/AnonNested_00755D40_000C_A3EEF781	/SubmarineTitans/Recovered/PointerShapes/AnonNested_00757530_000C_743CE253	56	2	exact offset/type/length fingerprint
1	EXACT_D94F552E458E	/SubmarineTitans/Recovered/PointerShapes/AnonShape_00660620_6BCED4D7	/SubmarineTitans/Recovered/PointerShapes/AnonShape_00660620_6BCED4D7	172	3	exact offset/type/length fingerprint
1	EXACT_D94F552E458E	/SubmarineTitans/Recovered/PointerShapes/AnonShape_00660620_6BCED4D7	/SubmarineTitans/Recovered/PointerShapes/AnonShape_00660B50_B7639A62	172	3	exact offset/type/length fingerprint
1	EXACT_D97B81787444	/SubmarineTitans/Recovered/PointerShapes/AnonShape_005F0D00_68DA5B8B	/SubmarineTitans/Recovered/PointerShapes/AnonShape_005F0D00_68DA5B8B	788	4	exact offset/type/length fingerprint
1	EXACT_D97B81787444	/SubmarineTitans/Recovered/PointerShapes/AnonShape_005F0D00_68DA5B8B	/SubmarineTitans/Recovered/PointerShapes/AnonShape_005F0D90_C3146DC2	788	4	exact offset/type/length fingerprint
1	EXACT_DB1D65DC5532	/SubmarineTitans/Recovered/PointerShapes/AnonNested_00721790_0138_C6072F4E	/SubmarineTitans/Recovered/PointerShapes/AnonNested_00721790_0138_C6072F4E	24	3	exact offset/type/length fingerprint
1	EXACT_DB1D65DC5532	/SubmarineTitans/Recovered/PointerShapes/AnonNested_00721790_0138_C6072F4E	/SubmarineTitans/Recovered/PointerShapes/AnonNested_007217E0_0138_CBD04E88	24	3	exact offset/type/length fingerprint
0	EXACT_DED00BF1EBC7	/SubmarineTitans/Recovered/PointerShapes/AnonShape_006319E0_6F17E8B1	/SubmarineTitans/Recovered/PointerShapes/AnonShape_006319E0_6F17E8B1	112	1	exact offset/type/length fingerprint
0	EXACT_DED00BF1EBC7	/SubmarineTitans/Recovered/PointerShapes/AnonShape_006319E0_6F17E8B1	/SubmarineTitans/Recovered/PointerShapes/AnonShape_00631E00_D7FF5DA4	112	1	exact offset/type/length fingerprint
1	EXACT_DF43CFA8A978	/SubmarineTitans/Recovered/PointerShapes/AnonShape_004DC660_217FA9F0	/SubmarineTitans/Recovered/PointerShapes/AnonShape_004DC660_217FA9F0	1252	6	exact offset/type/length fingerprint
1	EXACT_DF43CFA8A978	/SubmarineTitans/Recovered/PointerShapes/AnonShape_004DC660_217FA9F0	/SubmarineTitans/Recovered/PointerShapes/AnonShape_004DF2B0_8C37D68B	1252	6	exact offset/type/length fingerprint
0	EXACT_EA2A66FC10F3	/SubmarineTitans/Recovered/PointerShapes/AnonShape_006C5210_E9B30C00	/SubmarineTitans/Recovered/PointerShapes/AnonShape_006C5210_E9B30C00	1180	2	exact offset/type/length fingerprint
0	EXACT_EA2A66FC10F3	/SubmarineTitans/Recovered/PointerShapes/AnonShape_006C5210_E9B30C00	/SubmarineTitans/Recovered/PointerShapes/AnonShape_006C52E0_B18BC6D0	1180	2	exact offset/type/length fingerprint
0	EXACT_EBA519F49BAF	/SubmarineTitans/Recovered/PointerShapes/AnonShape_0055B7F0_12CF3F50	/SubmarineTitans/Recovered/PointerShapes/AnonShape_0055B7F0_12CF3F50	276	1	exact offset/type/length fingerprint
0	EXACT_EBA519F49BAF	/SubmarineTitans/Recovered/PointerShapes/AnonShape_0055B7F0_12CF3F50	/SubmarineTitans/Recovered/PointerShapes/AnonShape_0055B9F0_5AD0309C	276	1	exact offset/type/length fingerprint
0	EXACT_EBA519F49BAF	/SubmarineTitans/Recovered/PointerShapes/AnonShape_0055B7F0_12CF3F50	/SubmarineTitans/Recovered/PointerShapes/AnonShape_0055BA90_5955EFAA	276	1	exact offset/type/length fingerprint
1	EXACT_F07197658F7B	/SubmarineTitans/Recovered/PointerShapes/AnonShape_00482DB0_070D50BF	/SubmarineTitans/Recovered/PointerShapes/AnonShape_00482DB0_070D50BF	72	3	exact offset/type/length fingerprint
1	EXACT_F07197658F7B	/SubmarineTitans/Recovered/PointerShapes/AnonShape_00482DB0_070D50BF	/SubmarineTitans/Recovered/PointerShapes/AnonShape_00483E30_F0F8D504	72	3	exact offset/type/length fingerprint
1	EXACT_F20E56A654E0	/SubmarineTitans/Recovered/PointerShapes/AnonShape_006B4B20_3D4F4412	/SubmarineTitans/Recovered/PointerShapes/AnonShape_006B4B20_3D4F4412	16	3	exact offset/type/length fingerprint
1	EXACT_F20E56A654E0	/SubmarineTitans/Recovered/PointerShapes/AnonShape_006B4B20_3D4F4412	/SubmarineTitans/Recovered/PointerShapes/AnonShape_007521B0_4642B53E	16	3	exact offset/type/length fingerprint
0	EXACT_F5D66C753A67	/SubmarineTitans/Recovered/PointerShapes/AnonShape_0074837C_3396F25D	/SubmarineTitans/Recovered/PointerShapes/AnonShape_0074837C_3396F25D	160	2	exact offset/type/length fingerprint
0	EXACT_F5D66C753A67	/SubmarineTitans/Recovered/PointerShapes/AnonShape_0074837C_3396F25D	/SubmarineTitans/Recovered/PointerShapes/AnonShape_0074D156_36A9B53D	160	2	exact offset/type/length fingerprint
0	EXACT_F6052BF8578F	/SubmarineTitans/Recovered/PointerShapes/AnonNested_0074C77C_00A0_9AFF712D	/SubmarineTitans/Recovered/PointerShapes/AnonNested_0074C77C_00A0_9AFF712D	144	2	exact offset/type/length fingerprint
0	EXACT_F6052BF8578F	/SubmarineTitans/Recovered/PointerShapes/AnonNested_0074C77C_00A0_9AFF712D	/SubmarineTitans/Recovered/PointerShapes/AnonNested_0074D042_00A8_3DC33D1A	144	2	exact offset/type/length fingerprint
1	EXACT_FC4E51546DEF	/SubmarineTitans/Recovered/PointerShapes/AnonShape_005BD4B0_63635D6D	/SubmarineTitans/Recovered/PointerShapes/AnonShape_005BD4B0_63635D6D	24	4	exact offset/type/length fingerprint
1	EXACT_FC4E51546DEF	/SubmarineTitans/Recovered/PointerShapes/AnonShape_005BD4B0_63635D6D	/SubmarineTitans/Recovered/PointerShapes/AnonShape_005BE5B0_D9085402	24	4	exact offset/type/length fingerprint
1	EXACT_FCD9A89DDCEF	/SubmarineTitans/Recovered/ClassPointees/AnonPointee_STArtiafactC_0000	/SubmarineTitans/Recovered/ClassPointees/AnonPointee_STArtiafactC_0000	296	3	exact offset/type/length fingerprint
1	EXACT_FCD9A89DDCEF	/SubmarineTitans/Recovered/ClassPointees/AnonPointee_STArtiafactC_0000	/SubmarineTitans/Recovered/ClassPointees/AnonPointee_STContainerC_0000	296	3	exact offset/type/length fingerprint
0	EXACT_FF984E7B0966	/SubmarineTitans/Recovered/ClassPointees/AnonPointee_ChooseMapTy_1C7B	/SubmarineTitans/Recovered/ClassPointees/AnonPointee_ChooseMapTy_1C7B	12	2	exact offset/type/length fingerprint
0	EXACT_FF984E7B0966	/SubmarineTitans/Recovered/ClassPointees/AnonPointee_ChooseMapTy_1C7B	/SubmarineTitans/Recovered/ClassPointees/AnonPointee_ChooseMapTy_1C8B	12	2	exact offset/type/length fingerprint
0	EXACT_FF984E7B0966	/SubmarineTitans/Recovered/ClassPointees/AnonPointee_ChooseMapTy_1C7B	/SubmarineTitans/Recovered/ClassPointees/AnonPointee_MReportTy_0073	12	2	exact offset/type/length fingerprint
0	EXACT_FF984E7B0966	/SubmarineTitans/Recovered/ClassPointees/AnonPointee_ChooseMapTy_1C7B	/SubmarineTitans/Recovered/ClassPointees/AnonPointee_SettMapMTy_2204	12	2	exact offset/type/length fingerprint
0	EXACT_FF984E7B0966	/SubmarineTitans/Recovered/ClassPointees/AnonPointee_ChooseMapTy_1C7B	/SubmarineTitans/Recovered/ClassPointees/AnonPointee_StartSystemTy_0544	12	2	exact offset/type/length fingerprint
0	EXACT_FF984E7B0966	/SubmarineTitans/Recovered/ClassPointees/AnonPointee_ChooseMapTy_1C7B	/SubmarineTitans/Recovered/PointerShapes/AnonShape_00518C20_0B2995D2	12	2	exact offset/type/length fingerprint
0	EXACT_FF984E7B0966	/SubmarineTitans/Recovered/ClassPointees/AnonPointee_ChooseMapTy_1C7B	/SubmarineTitans/Recovered/PointerShapes/AnonShape_005D4990_5F0525CF	12	2	exact offset/type/length fingerprint
