apply	layout_apply	layout_name	proposed_name	owner	slot_count	named_slot_count	confidence	reason	strong_vptr_refs	all_code_refs	slot_owners	constructor_owners	vptr_writer_owners	primary_vptr_store	this_vptr_offsets	related_tables	table_address
1	1	VTable_007900A0	STGameObjCVTable	STGameObjC	53	2	high	confirmed_recovery_anchor	004158EC STGameObjC::STGameObjC [vptr-store] MOV dword ptr [ESI],0x7900a0	004158EC STGameObjC::STGameObjC [vptr-store] MOV dword ptr [ESI],0x7900a0	STGameObjC	STGameObjC	STGameObjC	1	0x0	00790AA0 | 00797560 | 00798C70 | 0079B238 | 0079B3C4 | 0079B528 | 0079B68C | 0079B78C | 0079B8F0 | 0079BA54 | 0079BBB8 | 0079BD1C | 0079BE80 | 0079C3EC | 0079C5AC | 0079C8A0 | 0079C9B0 | 0079CB14 | 0079CC28 | 0079CD94 | 0079CEFC | 0079D098 | 0079D1D8 | 0079D33C | 0079D4AC	007900A0
0	1	VTable_00790508	STGroupCVTable	STGroupC	10	4	medium	confirmed_anchor_conflicts_with_constructor	004232AA STGroupBoatC::sub_004232A0 [vptr-store] MOV dword ptr [ESI],0x790508	004232AA STGroupBoatC::sub_004232A0 [vptr-store] MOV dword ptr [ESI],0x790508	STGroupC	STGroupBoatC	STGroupBoatC	1	0x0		00790508
1	1	VTable_0079059C	STAllPlayersCVTable	STAllPlayersC	1	1	high	unique_constructor_vptr_anchor	0042A955 STAllPlayersC::STAllPlayersC [vptr-store] MOV dword ptr [ESI],0x79059c	0042A955 STAllPlayersC::STAllPlayersC [vptr-store] MOV dword ptr [ESI],0x79059c	STAllPlayersC	STAllPlayersC	STAllPlayersC	1	0x0		0079059C
1	1	VTable_007905A0	STBoatCVTable	STBoatC	73	16	high	unique_constructor_vptr_anchor	0044E6B9 STBoatC::STBoatC [vptr-store] MOV dword ptr [ESI],0x7905a0	0044E6B9 STBoatC::STBoatC [vptr-store] MOV dword ptr [ESI],0x7905a0	STBoatC | STGameObjC	STBoatC	STBoatC	1	0x0		007905A0
0	1	VTable_00790700	VTable_00790700		1	0	medium	named_nonconstructor_vptr_writer_review	0044E6A6 STBoatC::STBoatC [vptr-store] MOV dword ptr [EDI],0x790700	0044E6A6 STBoatC::STBoatC [vptr-store] MOV dword ptr [EDI],0x790700			STBoatC	0	0x1D5		00790700
0	1	VTable_00790708	VTable_00790708		1	0	medium	unnamed_vptr_store	004956F8 FUN_004956f0 [vptr-store] MOV dword ptr [ESI],0x790708	004956F8 FUN_004956f0 [vptr-store] MOV dword ptr [ESI],0x790708				1	0x0		00790708
1	1	VTable_00790710	DumpClassCVTable	DumpClassC	1	1	high	unique_constructor_vptr_anchor	00495928 DumpClassC::DumpClassC [vptr-store] MOV dword ptr [ESI],0x790710	00495928 DumpClassC::DumpClassC [vptr-store] MOV dword ptr [ESI],0x790710	DumpClassC	DumpClassC	DumpClassC	1	0x0		00790710
1	1	VTable_00790728	STGroupBoatCVTable	STGroupBoatC	10	7	high	unique_constructor_vptr_anchor	00497B05 STGroupBoatC::STGroupBoatC [vptr-store] MOV dword ptr [ESI],0x790728	00497B05 STGroupBoatC::STGroupBoatC [vptr-store] MOV dword ptr [ESI],0x790728	STGroupBoatC	STGroupBoatC	STGroupBoatC	1	0x0		00790728
1	1	VTable_00790758	OpticClassCVTable	OpticClassC	1	1	high	unique_constructor_vptr_anchor	004A88C8 OpticClassC::OpticClassC [vptr-store] MOV dword ptr [ESI],0x790758	004A88C8 OpticClassC::OpticClassC [vptr-store] MOV dword ptr [ESI],0x790758	OpticClassC	OpticClassC	OpticClassC	1	0x0		00790758
0	1	VTable_00790790	VTable_00790790		1	0	medium	unnamed_vptr_store	004AB814 FUN_004ab810 [vptr-store] MOV dword ptr [EAX],0x790790	004AB814 FUN_004ab810 [vptr-store] MOV dword ptr [EAX],0x790790				1	0x0		00790790
1	1	VTable_00790AA0	TLOBaseTyVTable	TLOBaseTy	73	8	high	unique_constructor_vptr_anchor	004B7F47 TLOBaseTy::TLOBaseTy [vptr-store] MOV dword ptr [ESI],0x790aa0	004B7F47 TLOBaseTy::TLOBaseTy [vptr-store] MOV dword ptr [ESI],0x790aa0	STGameObjC | TLOBaseTy	TLOBaseTy	TLOBaseTy	1	0x0	007900A0 | 00797560 | 00798C70 | 0079B238 | 0079B3C4 | 0079B68C | 0079B78C | 0079B8F0 | 0079BA54 | 0079BBB8 | 0079BD1C | 0079BE80 | 0079C5AC | 0079C8A0 | 0079C9B0 | 0079CB14 | 0079CC28 | 0079CD94 | 0079D098 | 0079D1D8 | 0079D33C | 0079D4AC	00790AA0
0	1	VTable_00790C00	VTable_00790C00		1	0	medium	named_nonconstructor_vptr_writer_review	004B7F0B TLOBaseTy::TLOBaseTy [vptr-store] MOV dword ptr [EDI],0x790c00	004B7F0B TLOBaseTy::TLOBaseTy [vptr-store] MOV dword ptr [EDI],0x790c00			TLOBaseTy	0	0x1D5		00790C00
1	1	VTable_00790C04	TLOBldMarkVTable	TLOBldMark	1	1	high	unique_constructor_vptr_anchor	004C60AA TLOBldMark::TLOBldMark [vptr-store] MOV dword ptr [ESI],0x790c04	004C60AA TLOBldMark::TLOBldMark [vptr-store] MOV dword ptr [ESI],0x790c04	TLOBldMark	TLOBldMark	TLOBldMark	1	0x0		00790C04
1	1	VTable_00797560	TLOFakeTyVTable	TLOFakeTy	73	2	high	unique_constructor_vptr_anchor	004D093C TLOFakeTy::TLOFakeTy [vptr-store] MOV dword ptr [ESI],0x797560	004D093C TLOFakeTy::TLOFakeTy [vptr-store] MOV dword ptr [ESI],0x797560	STGameObjC | TLOFakeTy	TLOFakeTy	TLOFakeTy	1	0x0	007900A0 | 00790AA0 | 00798C70 | 0079B238 | 0079B3C4 | 0079B528 | 0079B68C | 0079B78C | 0079B8F0 | 0079BA54 | 0079BBB8 | 0079BD1C | 0079BE80 | 0079C3EC | 0079C5AC | 0079C8A0 | 0079C9B0 | 0079CB14 | 0079CC28 | 0079CD94 | 0079CEFC | 0079D098 | 0079D1D8 | 0079D33C | 0079D4AC	00797560
0	1	VTable_007976C0	VTable_007976C0		1	0	medium	named_nonconstructor_vptr_writer_review	004D0936 TLOFakeTy::TLOFakeTy [vptr-store] MOV dword ptr [EDI],0x7976c0	004D0936 TLOFakeTy::TLOFakeTy [vptr-store] MOV dword ptr [EDI],0x7976c0			TLOFakeTy	0	0x1D5		007976C0
0	1	VTable_00798C6C	VTable_00798C6C		1	0	medium	unnamed_vptr_store	004D0FE6 FUN_004d0fc0 [vptr-store] MOV dword ptr [EDI],0x798c6c	004D0FE6 FUN_004d0fc0 [vptr-store] MOV dword ptr [EDI],0x798c6c				0	0x1D5		00798C6C
0	1	VTable_00798C70	VTable_00798C70		73	3	low	competing_slot_owners_left_unresolved	004D0FE0 FUN_004d0fc0 [vptr-store] MOV dword ptr [ESI],0x798c70	004D0FE0 FUN_004d0fc0 [vptr-store] MOV dword ptr [ESI],0x798c70	STGameObjC | TLOBaseTy | TLOEmbryoTy			1	0x0	007900A0 | 00790AA0 | 00797560 | 0079B238 | 0079B3C4 | 0079B528 | 0079B68C | 0079B78C | 0079B8F0 | 0079BA54 | 0079BBB8 | 0079BD1C | 0079BE80 | 0079C3EC | 0079C5AC | 0079C8A0 | 0079C9B0 | 0079CB14 | 0079CC28 | 0079CD94 | 0079CEFC | 0079D098 | 0079D1D8 | 0079D33C | 0079D4AC	00798C70
0	0	VTable_0079AB74	VTable_0079AB74		9	9	low	competing_slot_owners_left_unresolved			BehPanelTy | PanelTy | SpecPanelTy			0		0079ABA0 | 0079ABC8 | 0079ABF0 | 0079AC48 | 0079AC9C | 0079AD10 | 0079AD2C | 0079AD48 | 0079AD64 | 0079AD8C | 0079AE64 | 0079AE90	0079AB74
0	0	VTable_0079ABA0	VTable_0079ABA0		8	7	low	competing_slot_owners_left_unresolved			BldBoatPanelTy | PanelTy			0		0079AB74 | 0079ABC8 | 0079ABF0 | 0079AC48 | 0079AC9C | 0079AD10 | 0079AD2C | 0079AD48 | 0079AD64 | 0079AD8C | 0079AE64 | 0079AE90	0079ABA0
0	0	VTable_0079ABC8	VTable_0079ABC8		8	8	low	competing_slot_owners_left_unresolved			BldLabPanelTy | PanelTy | ProdPanelTy			0		0079AB74 | 0079ABA0 | 0079ABF0 | 0079AC48 | 0079AC9C | 0079AD10 | 0079AD2C | 0079AD48 | 0079AD64 | 0079AD8C | 0079AE64 | 0079AE90	0079ABC8
0	0	VTable_0079ABF0	VTable_0079ABF0		8	7	low	competing_slot_owners_left_unresolved			BldObjPanelTy | PanelTy			0		0079AB74 | 0079ABA0 | 0079ABC8 | 0079AC48 | 0079AC9C | 0079AD10 | 0079AD2C | 0079AD48 | 0079AD64 | 0079AD8C | 0079AE64 | 0079AE90	0079ABF0
0	1	VTable_0079AC18	VTable_0079AC18		10	10	low	competing_slot_owners_left_unresolved	004F4F9C FUN_004f4f90 [vptr-store] MOV dword ptr [ESI],0x79ac18	004F4F9C FUN_004f4f90 [vptr-store] MOV dword ptr [ESI],0x79ac18	CPanelTy | FrmPanelTy | PanelTy | SpecPanelTy			1	0x0	0079AC6C	0079AC18
0	1	VTable_0079AC48	HelpPanelTyVTable	HelpPanelTy	7	7	medium	derived_owner_from_rare_override	00510CB9 FUN_00510c80 [vptr-store] MOV dword ptr [ESI],0x79ac48	00510CB9 FUN_00510c80 [vptr-store] MOV dword ptr [ESI],0x79ac48	HelpPanelTy | PanelTy			1	0x0	0079AB74 | 0079ABA0 | 0079ABC8 | 0079ABF0 | 0079AC9C | 0079AD10 | 0079AD2C | 0079AD48 | 0079AD64 | 0079AD8C | 0079AE64 | 0079AE90	0079AC48
0	0	VTable_0079AC6C	VTable_0079AC6C		10	10	low	competing_slot_owners_left_unresolved			HelpStringTy | InfocPanelTy | PanelTy | SpecPanelTy			0		0079AC18	0079AC6C
0	0	VTable_0079AC9C	VTable_0079AC9C		6	6	low	competing_slot_owners_left_unresolved			IntercomPanelTy | PanelTy			0		0079AB74 | 0079ABA0 | 0079ABC8 | 0079ABF0 | 0079AC48 | 0079AD10 | 0079AD2C | 0079AD48 | 0079AD64 | 0079AD8C | 0079AE64 | 0079AE90	0079AC9C
0	0	VTable_0079AD10	VTable_0079AD10		6	6	low	competing_slot_owners_left_unresolved			OptPanelTy | PanelTy			0		0079AB74 | 0079ABA0 | 0079ABC8 | 0079ABF0 | 0079AC48 | 0079AC9C | 0079AD2C | 0079AD48 | 0079AD64 | 0079AD8C | 0079AE64 | 0079AE90	0079AD10
0	0	VTable_0079AD2C	VTable_0079AD2C		6	6	low	competing_slot_owners_left_unresolved			PanelTy | PausePanelTy			0		0079AB74 | 0079ABA0 | 0079ABC8 | 0079ABF0 | 0079AC48 | 0079AC9C | 0079AD10 | 0079AD48 | 0079AD64 | 0079AD8C | 0079AE64 | 0079AE90	0079AD2C
0	0	VTable_0079AD48	VTable_0079AD48		6	6	low	competing_slot_owners_left_unresolved			PanelTy | PlayPanelTy			0		0079AB74 | 0079ABA0 | 0079ABC8 | 0079ABF0 | 0079AC48 | 0079AC9C | 0079AD10 | 0079AD2C | 0079AD64 | 0079AD8C | 0079AE64 | 0079AE90	0079AD48
0	0	VTable_0079AD64	VTable_0079AD64		8	7	low	competing_slot_owners_left_unresolved			PanelTy | ResearchPanelTy			0		0079AB74 | 0079ABA0 | 0079ABC8 | 0079ABF0 | 0079AC48 | 0079AC9C | 0079AD10 | 0079AD2C | 0079AD48 | 0079AD8C | 0079AE64 | 0079AE90	0079AD64
0	0	VTable_0079AD8C	VTable_0079AD8C		9	9	low	competing_slot_owners_left_unresolved			PanelTy | SAMPanelTy | SpecPanelTy			0		0079AB74 | 0079ABA0 | 0079ABC8 | 0079ABF0 | 0079AC48 | 0079AC9C | 0079AD10 | 0079AD2C | 0079AD48 | 0079AD64 | 0079AE64 | 0079AE90	0079AD8C
1	1	VTable_0079ADB8	InterSystemCVTable	InterSystemC	9	3	high	unique_constructor_vptr_anchor	00542453 InterSystemC::InterSystemC [vptr-store] MOV dword ptr [ESI],0x79adb8	00542453 InterSystemC::InterSystemC [vptr-store] MOV dword ptr [ESI],0x79adb8	InterSystemC	InterSystemC	InterSystemC	1	0x0	0079B1B4 | 0079B20C | 0079C1E8 | 0079E188	0079ADB8
0	0	VTable_0079ADF4	VTable_0079ADF4		3	0	low	function_pointer_run_without_owner						0		0079E21C	0079ADF4
1	1	VTable_0079AE38	STPlaySystemCVTable	STPlaySystemC	9	4	high	unique_constructor_vptr_anchor	0054CB53 STPlaySystemC::STPlaySystemC [vptr-store] MOV dword ptr [ESI],0x79ae38	0054CB53 STPlaySystemC::STPlaySystemC [vptr-store] MOV dword ptr [ESI],0x79ae38	STPlaySystemC	STPlaySystemC	STPlaySystemC	1	0x0		0079AE38
0	0	VTable_0079AE64	VTable_0079AE64		9	9	low	competing_slot_owners_left_unresolved			PanelTy | SpecPanelTy | TradePanelTy			0		0079AB74 | 0079ABA0 | 0079ABC8 | 0079ABF0 | 0079AC48 | 0079AC9C | 0079AD10 | 0079AD2C | 0079AD48 | 0079AD64 | 0079AD8C | 0079AE90	0079AE64
0	0	VTable_0079AE90	VTable_0079AE90		9	9	low	competing_slot_owners_left_unresolved			PanelTy | SpecPanelTy | UpgPanelTy			0		0079AB74 | 0079ABA0 | 0079ABC8 | 0079ABF0 | 0079AC48 | 0079AC9C | 0079AD10 | 0079AD2C | 0079AD48 | 0079AD64 | 0079AD8C | 0079AE64	0079AE90
1	1	VTable_0079AEC0	TraksClassTyVTable	TraksClassTy	1	1	high	unique_constructor_vptr_anchor	005556D9 TraksClassTy::TraksClassTy [vptr-store] MOV dword ptr [ESI],0x79aec0	005556D9 TraksClassTy::TraksClassTy [vptr-store] MOV dword ptr [ESI],0x79aec0	TraksClassTy	TraksClassTy	TraksClassTy	1	0x0		0079AEC0
1	1	VTable_0079AEEC	VisibleClassTyVTable	VisibleClassTy	1	1	high	unique_constructor_vptr_anchor	005577C9 VisibleClassTy::VisibleClassTy [vptr-store] MOV dword ptr [ESI],0x79aeec	005577C9 VisibleClassTy::VisibleClassTy [vptr-store] MOV dword ptr [ESI],0x79aeec	VisibleClassTy	VisibleClassTy	VisibleClassTy	1	0x0		0079AEEC
1	1	VTable_0079AEFC	CFsgsConnectionVTable	CFsgsConnection	23	2	high	unique_slot_owner_and_vptr_store	0055BD46 FUN_0055bd40 [vptr-store] MOV dword ptr [ESI],0x79aefc | 0055BCBD FUN_0055bcb0 [vptr-store] MOV dword ptr [0x00802a90],0x79aefc	0055BD46 FUN_0055bd40 [vptr-store] MOV dword ptr [ESI],0x79aefc | 0055BCBD FUN_0055bcb0 [vptr-store] MOV dword ptr [0x00802a90],0x79aefc	CFsgsConnection			1	0x0 | unknown		0079AEFC
1	1	VTable_0079B0A8	STAppCVTable	STAppC	7	4	high	unique_constructor_vptr_anchor	0056A67D STAppC::STAppC [vptr-store] MOV dword ptr [ESI],0x79b0a8	0056A67D STAppC::STAppC [vptr-store] MOV dword ptr [ESI],0x79b0a8	STAppC	STAppC	STAppC	1	0x0		0079B0A8
1	1	VTable_0079B1B4	BaseSystemCVTable	BaseSystemC	9	1	high	unique_constructor_vptr_anchor	00576AB1 BaseSystemC::BaseSystemC [vptr-store] MOV dword ptr [ESI],0x79b1b4	00576AB1 BaseSystemC::BaseSystemC [vptr-store] MOV dword ptr [ESI],0x79b1b4	BaseSystemC	BaseSystemC	BaseSystemC	1	0x0	0079ADB8 | 0079B20C | 0079C1E8 | 0079E188	0079B1B4
1	1	VTable_0079B1E0	GameSystemCVTable	GameSystemC	9	4	high	unique_constructor_vptr_anchor	00576DE1 GameSystemC::GameSystemC [vptr-store] MOV dword ptr [ESI],0x79b1e0	00576DE1 GameSystemC::GameSystemC [vptr-store] MOV dword ptr [ESI],0x79b1e0	GameSystemC	GameSystemC	GameSystemC	1	0x0		0079B1E0
1	1	VTable_0079B20C	DebugSystemCVTable	DebugSystemC	9	1	high	unique_constructor_vptr_anchor	005781D4 DebugSystemC::DebugSystemC [vptr-store] MOV dword ptr [ESI],0x79b20c	005781D4 DebugSystemC::DebugSystemC [vptr-store] MOV dword ptr [ESI],0x79b20c	DebugSystemC	DebugSystemC	DebugSystemC	1	0x0	0079ADB8 | 0079B1B4 | 0079C1E8 | 0079E188	0079B20C
1	1	VTable_0079B238	STCrabCVTable	STCrabC	73	3	high	unique_constructor_vptr_anchor	005785FC STCrabC::STCrabC [vptr-store] MOV dword ptr [ESI],0x79b238	005785FC STCrabC::STCrabC [vptr-store] MOV dword ptr [ESI],0x79b238	STCrabC | STGameObjC	STCrabC	STCrabC	1	0x0	007900A0 | 00790AA0 | 00797560 | 00798C70 | 0079B3C4 | 0079B528 | 0079B68C | 0079B78C | 0079B8F0 | 0079BA54 | 0079BBB8 | 0079BD1C | 0079BE80 | 0079C3EC | 0079C5AC | 0079C8A0 | 0079C9B0 | 0079CB14 | 0079CC28 | 0079CD94 | 0079CEFC | 0079D098 | 0079D1D8 | 0079D33C | 0079D4AC	0079B238
0	1	VTable_0079B398	VTable_0079B398		1	0	medium	named_nonconstructor_vptr_writer_review	005785F6 STCrabC::STCrabC [vptr-store] MOV dword ptr [EDI],0x79b398	005785F6 STCrabC::STCrabC [vptr-store] MOV dword ptr [EDI],0x79b398			STCrabC	0	0x1D5		0079B398
1	1	VTable_0079B3C4	STFishCVTable	STFishC	73	3	high	unique_constructor_vptr_anchor	0057BD3C STFishC::STFishC [vptr-store] MOV dword ptr [ESI],0x79b3c4	0057BD3C STFishC::STFishC [vptr-store] MOV dword ptr [ESI],0x79b3c4	STFishC | STGameObjC	STFishC	STFishC	1	0x0	007900A0 | 00790AA0 | 00797560 | 00798C70 | 0079B238 | 0079B528 | 0079B68C | 0079B78C | 0079B8F0 | 0079BA54 | 0079BBB8 | 0079BD1C | 0079BE80 | 0079C3EC | 0079C5AC | 0079C8A0 | 0079C9B0 | 0079CB14 | 0079CC28 | 0079CD94 | 0079CEFC | 0079D098 | 0079D1D8 | 0079D33C | 0079D4AC	0079B3C4
0	1	VTable_0079B524	VTable_0079B524		1	0	medium	named_nonconstructor_vptr_writer_review	0057BD36 STFishC::STFishC [vptr-store] MOV dword ptr [EDI],0x79b524	0057BD36 STFishC::STFishC [vptr-store] MOV dword ptr [EDI],0x79b524			STFishC	0	0x1D5		0079B524
1	1	VTable_0079B528	STDcResourcCVTable	STDcResourcC	73	4	high	unique_constructor_vptr_anchor	0057F1F9 STDcResourcC::STDcResourcC [vptr-store] MOV dword ptr [ESI],0x79b528	0057F1F9 STDcResourcC::STDcResourcC [vptr-store] MOV dword ptr [ESI],0x79b528	STDcResourcC | STGameObjC	STDcResourcC	STDcResourcC	1	0x0	007900A0 | 00797560 | 00798C70 | 0079B238 | 0079B3C4 | 0079B68C | 0079B78C | 0079B8F0 | 0079BA54 | 0079BBB8 | 0079BD1C | 0079BE80 | 0079C3EC | 0079C5AC | 0079C8A0 | 0079C9B0 | 0079CB14 | 0079CC28 | 0079CD94 | 0079CEFC | 0079D098 | 0079D1D8 | 0079D33C | 0079D4AC	0079B528
0	1	VTable_0079B688	VTable_0079B688		1	0	medium	named_nonconstructor_vptr_writer_review	0057F1E6 STDcResourcC::STDcResourcC [vptr-store] MOV dword ptr [EDI],0x79b688	0057F1E6 STDcResourcC::STDcResourcC [vptr-store] MOV dword ptr [EDI],0x79b688			STDcResourcC	0	0x1D5		0079B688
1	1	VTable_0079B68C	STJellyManCVTable	STJellyManC	53	2	high	unique_constructor_vptr_anchor	005810E6 STJellyManC::STJellyManC [vptr-store] MOV dword ptr [ESI],0x79b68c	005810E6 STJellyManC::STJellyManC [vptr-store] MOV dword ptr [ESI],0x79b68c	STGameObjC | STJellyManC	STJellyManC	STJellyManC	1	0x0	007900A0 | 00790AA0 | 00797560 | 00798C70 | 0079B238 | 0079B3C4 | 0079B528 | 0079B78C | 0079B8F0 | 0079BA54 | 0079BBB8 | 0079BD1C | 0079BE80 | 0079C3EC | 0079C5AC | 0079C8A0 | 0079C9B0 | 0079CB14 | 0079CC28 | 0079CD94 | 0079CEFC | 0079D098 | 0079D1D8 | 0079D33C | 0079D4AC	0079B68C
1	1	VTable_0079B78C	STJellyGunCVTable	STJellyGunC	73	2	high	unique_constructor_vptr_anchor	005823F9 STJellyGunC::STJellyGunC [vptr-store] MOV dword ptr [ESI],0x79b78c	005823F9 STJellyGunC::STJellyGunC [vptr-store] MOV dword ptr [ESI],0x79b78c	STGameObjC | STJellyGunC	STJellyGunC	STJellyGunC	1	0x0	007900A0 | 00790AA0 | 00797560 | 00798C70 | 0079B238 | 0079B3C4 | 0079B528 | 0079B68C | 0079B8F0 | 0079BA54 | 0079BBB8 | 0079BD1C | 0079BE80 | 0079C3EC | 0079C5AC | 0079C8A0 | 0079C9B0 | 0079CB14 | 0079CC28 | 0079CD94 | 0079CEFC | 0079D098 | 0079D1D8 | 0079D33C | 0079D4AC	0079B78C
0	1	VTable_0079B8EC	VTable_0079B8EC		1	0	medium	named_nonconstructor_vptr_writer_review	005823E6 STJellyGunC::STJellyGunC [vptr-store] MOV dword ptr [EDI],0x79b8ec	005823E6 STJellyGunC::STJellyGunC [vptr-store] MOV dword ptr [EDI],0x79b8ec			STJellyGunC	0	0x1D5		0079B8EC
1	1	VTable_0079B8F0	STLBombCVTable	STLBombC	73	2	high	unique_constructor_vptr_anchor	00584999 STLBombC::STLBombC [vptr-store] MOV dword ptr [ESI],0x79b8f0	00584999 STLBombC::STLBombC [vptr-store] MOV dword ptr [ESI],0x79b8f0	STGameObjC | STLBombC	STLBombC	STLBombC	1	0x0	007900A0 | 00790AA0 | 00797560 | 00798C70 | 0079B238 | 0079B3C4 | 0079B528 | 0079B68C | 0079B78C | 0079BA54 | 0079BBB8 | 0079BD1C | 0079BE80 | 0079C3EC | 0079C5AC | 0079C8A0 | 0079C9B0 | 0079CB14 | 0079CC28 | 0079CD94 | 0079CEFC | 0079D098 | 0079D1D8 | 0079D33C | 0079D4AC	0079B8F0
0	1	VTable_0079BA50	VTable_0079BA50		1	0	medium	named_nonconstructor_vptr_writer_review	00584986 STLBombC::STLBombC [vptr-store] MOV dword ptr [EDI],0x79ba50	00584986 STLBombC::STLBombC [vptr-store] MOV dword ptr [EDI],0x79ba50			STLBombC	0	0x1D5		0079BA50
1	1	VTable_0079BA54	STMBombCVTable	STMBombC	73	2	high	unique_constructor_vptr_anchor	0058620C STMBombC::STMBombC [vptr-store] MOV dword ptr [ESI],0x79ba54	0058620C STMBombC::STMBombC [vptr-store] MOV dword ptr [ESI],0x79ba54	STGameObjC | STMBombC	STMBombC	STMBombC	1	0x0	007900A0 | 00790AA0 | 00797560 | 00798C70 | 0079B238 | 0079B3C4 | 0079B528 | 0079B68C | 0079B78C | 0079B8F0 | 0079BBB8 | 0079BD1C | 0079BE80 | 0079C3EC | 0079C5AC | 0079C8A0 | 0079C9B0 | 0079CB14 | 0079CC28 | 0079CD94 | 0079CEFC | 0079D098 | 0079D1D8 | 0079D33C | 0079D4AC	0079BA54
0	1	VTable_0079BBB4	VTable_0079BBB4		1	0	medium	named_nonconstructor_vptr_writer_review	00586206 STMBombC::STMBombC [vptr-store] MOV dword ptr [EDI],0x79bbb4	00586206 STMBombC::STMBombC [vptr-store] MOV dword ptr [EDI],0x79bbb4			STMBombC	0	0x1D5		0079BBB4
1	1	VTable_0079BBB8	STOctopusCVTable	STOctopusC	73	3	high	unique_constructor_vptr_anchor	005899B9 STOctopusC::STOctopusC [vptr-store] MOV dword ptr [ESI],0x79bbb8	005899B9 STOctopusC::STOctopusC [vptr-store] MOV dword ptr [ESI],0x79bbb8	STGameObjC | STOctopusC	STOctopusC	STOctopusC	1	0x0	007900A0 | 00790AA0 | 00797560 | 00798C70 | 0079B238 | 0079B3C4 | 0079B528 | 0079B68C | 0079B78C | 0079B8F0 | 0079BA54 | 0079BD1C | 0079BE80 | 0079C3EC | 0079C5AC | 0079C8A0 | 0079C9B0 | 0079CB14 | 0079CC28 | 0079CD94 | 0079CEFC | 0079D098 | 0079D1D8 | 0079D33C | 0079D4AC	0079BBB8
0	1	VTable_0079BD18	VTable_0079BD18		1	0	medium	named_nonconstructor_vptr_writer_review	005899A6 STOctopusC::STOctopusC [vptr-store] MOV dword ptr [EDI],0x79bd18	005899A6 STOctopusC::STOctopusC [vptr-store] MOV dword ptr [EDI],0x79bd18			STOctopusC	0	0x1D5		0079BD18
1	1	VTable_0079BD1C	STSatCVTable	STSatC	73	2	high	unique_constructor_vptr_anchor	0058BA59 STSatC::STSatC [vptr-store] MOV dword ptr [ESI],0x79bd1c	0058BA59 STSatC::STSatC [vptr-store] MOV dword ptr [ESI],0x79bd1c	STGameObjC | STSatC	STSatC	STSatC	1	0x0	007900A0 | 00790AA0 | 00797560 | 00798C70 | 0079B238 | 0079B3C4 | 0079B528 | 0079B68C | 0079B78C | 0079B8F0 | 0079BA54 | 0079BBB8 | 0079BE80 | 0079C3EC | 0079C5AC | 0079C8A0 | 0079C9B0 | 0079CB14 | 0079CC28 | 0079CD94 | 0079CEFC | 0079D098 | 0079D1D8 | 0079D33C | 0079D4AC	0079BD1C
0	1	VTable_0079BE7C	VTable_0079BE7C		1	0	medium	named_nonconstructor_vptr_writer_review	0058BA46 STSatC::STSatC [vptr-store] MOV dword ptr [EDI],0x79be7c	0058BA46 STSatC::STSatC [vptr-store] MOV dword ptr [EDI],0x79be7c			STSatC	0	0x1D5		0079BE7C
1	1	VTable_0079BE80	STSharkCVTable	STSharkC	73	2	high	unique_constructor_vptr_anchor	0058D77B STSharkC::STSharkC [vptr-store] MOV dword ptr [ESI],0x79be80	0058D77B STSharkC::STSharkC [vptr-store] MOV dword ptr [ESI],0x79be80	STGameObjC | STSharkC	STSharkC	STSharkC	1	0x0	007900A0 | 00790AA0 | 00797560 | 00798C70 | 0079B238 | 0079B3C4 | 0079B528 | 0079B68C | 0079B78C | 0079B8F0 | 0079BA54 | 0079BBB8 | 0079BD1C | 0079C3EC | 0079C5AC | 0079C8A0 | 0079C9B0 | 0079CB14 | 0079CC28 | 0079CD94 | 0079CEFC | 0079D098 | 0079D1D8 | 0079D33C | 0079D4AC	0079BE80
0	1	VTable_0079BFE0	MAdvTyVTable	MAdvTy	2	1	medium	single_named_slot_owner	0058D766 STSharkC::STSharkC [vptr-store] MOV dword ptr [EDI],0x79bfe0	0058D766 STSharkC::STSharkC [vptr-store] MOV dword ptr [EDI],0x79bfe0	MAdvTy		STSharkC	0	0x1D5		0079BFE0
0	0	VTable_0079BFF8	VTable_0079BFF8		3	3	low	competing_slot_owners_left_unresolved			CampaignTy | MMObjTy			0			0079BFF8
1	1	VTable_0079C008	MMObjTyVTable	MMObjTy	3	3	high	unique_slot_owner_and_vptr_store	005D7825 FUN_005d77a0 [vptr-store] MOV dword ptr [ESI],0x79c008 | 005EADBF FUN_005ead30 [vptr-store] MOV dword ptr [ESI],0x79c008 | 005AA345 FUN_005aa2c0 [vptr-store] MOV dword ptr [ESI],0x79c008 | 005B281F FUN_005b2790 [vptr-store] MOV dword ptr [ESI],0x79c008 | 005BD36F FUN_005bd2e0 [vptr-store] MOV dword ptr [ESI],0x79c008 | 005D4BC5 FUN_005d4b40 [vptr-store] MOV dword ptr [ESI],0x79c008	005D7825 FUN_005d77a0 [vptr-store] MOV dword ptr [ESI],0x79c008 | 005EADBF FUN_005ead30 [vptr-store] MOV dword ptr [ESI],0x79c008 | 005AA345 FUN_005aa2c0 [vptr-store] MOV dword ptr [ESI],0x79c008 | 005B281F FUN_005b2790 [vptr-store] MOV dword ptr [ESI],0x79c008 | 005BD36F FUN_005bd2e0 [vptr-store] MOV dword ptr [ESI],0x79c008 | 005D4BC5 FUN_005d4b40 [vptr-store] MOV dword ptr [ESI],0x79c008	MMObjTy			0	unknown	0079C0C4 | 0079C1AC	0079C008
0	1	VTable_0079C018	ComboTyVTable	ComboTy	2	1	medium	single_named_slot_owner	005D77C4 FUN_005d77a0 [vptr-store] MOV dword ptr [ESI],0x79c018 | 005EAD5E FUN_005ead30 [vptr-store] MOV dword ptr [ESI],0x79c018 | 005AA2E4 FUN_005aa2c0 [vptr-store] MOV dword ptr [ESI],0x79c018 | 005B27BE FUN_005b2790 [vptr-store] MOV dword ptr [ESI],0x79c018 | 005BD30E FUN_005bd2e0 [vptr-store] MOV dword ptr [ESI],0x79c018 | 005D4B64 FUN_005d4b40 [vptr-store] MOV dword ptr [ESI],0x79c018	005D77C4 FUN_005d77a0 [vptr-store] MOV dword ptr [ESI],0x79c018 | 005EAD5E FUN_005ead30 [vptr-store] MOV dword ptr [ESI],0x79c018 | 005AA2E4 FUN_005aa2c0 [vptr-store] MOV dword ptr [ESI],0x79c018 | 005B27BE FUN_005b2790 [vptr-store] MOV dword ptr [ESI],0x79c018 | 005BD30E FUN_005bd2e0 [vptr-store] MOV dword ptr [ESI],0x79c018 | 005D4B64 FUN_005d4b40 [vptr-store] MOV dword ptr [ESI],0x79c018	ComboTy			0	unknown		0079C018
0	1	VTable_0079C02C	FSGSTyVTable	FSGSTy	3	3	medium	derived_owner_from_rare_override	005AA3D2 FUN_005aa2c0 [vptr-store] MOV dword ptr [ESI],0x79c02c	005AA3D2 FUN_005aa2c0 [vptr-store] MOV dword ptr [ESI],0x79c02c	FSGSTy | MMObjTy			0	unknown		0079C02C
0	1	VTable_0079C088	ChooseMapTyVTable	ChooseMapTy	3	3	medium	derived_owner_from_rare_override	005B288A FUN_005b2790 [vptr-store] MOV dword ptr [ESI],0x79c088	005B288A FUN_005b2790 [vptr-store] MOV dword ptr [ESI],0x79c088	ChooseMapTy | MMObjTy			0	unknown		0079C088
0	0	VTable_0079C098	VTable_0079C098		3	3	low	competing_slot_owners_left_unresolved			MMObjTy | MainMenuTy			0			0079C098
0	0	VTable_0079C0A8	VTable_0079C0A8		3	3	low	competing_slot_owners_left_unresolved			MMObjTy | MMsgTy			0			0079C0A8
1	1	VTable_0079C0C4	PrividerTyVTable	PrividerTy	3	3	high	derived_owner_from_nonbase_override	005BD3DA FUN_005bd2e0 [vptr-store] MOV dword ptr [ESI],0x79c0c4	005BD3DA FUN_005bd2e0 [vptr-store] MOV dword ptr [ESI],0x79c0c4	MMObjTy | PrividerTy			0	unknown	0079C008 | 0079C1AC	0079C0C4
0	1	VTable_0079C124	VTable_0079C124		12	10	low	competing_slot_owners_left_unresolved	005D4D49 FUN_005d4b40 [vptr-store] MOV dword ptr [ESI],0x79c124	005D4D49 FUN_005d4b40 [vptr-store] MOV dword ptr [ESI],0x79c124	MMObjTy | SettMapMTy | SettMapTy			0	unknown		0079C124
0	1	VTable_0079C160	VTable_0079C160		12	10	low	competing_slot_owners_left_unresolved	005D79A9 FUN_005d77a0 [vptr-store] MOV dword ptr [ESI],0x79c160	005D79A9 FUN_005d77a0 [vptr-store] MOV dword ptr [ESI],0x79c160	MMObjTy | SettMapMTy | SettMapSTy | SettMapTy			0	unknown		0079C160
0	0	VTable_0079C1AC	VTable_0079C1AC		3	3	low	competing_slot_owners_left_unresolved			MMObjTy | SIDTy			0		0079C008 | 0079C0C4	0079C1AC
1	1	VTable_0079C1E8	StartSystemTyVTable	StartSystemTy	9	4	high	unique_constructor_vptr_anchor	005DA668 StartSystemTy::StartSystemTy [vptr-store] MOV dword ptr [ESI],0x79c1e8	005DA668 StartSystemTy::StartSystemTy [vptr-store] MOV dword ptr [ESI],0x79c1e8	StartSystemTy	StartSystemTy	StartSystemTy	1	0x0	0079ADB8 | 0079B1B4 | 0079B20C | 0079E188	0079C1E8
0	1	VTable_0079C24C	WaitTyVTable	WaitTy	3	3	medium	derived_owner_from_rare_override	005EAE20 FUN_005ead30 [vptr-store] MOV dword ptr [ESI],0x79c24c	005EAE20 FUN_005ead30 [vptr-store] MOV dword ptr [ESI],0x79c24c	MMObjTy | WaitTy			0	unknown		0079C24C
0	0	VTable_0079C25C	VTable_0079C25C		83	7	low	competing_slot_owners_left_unresolved			STArtiafactC | STGameObjC | STSprGameObjC			0		0079C710	0079C25C
1	1	VTable_0079C3EC	STSprGameObjCVTable	STSprGameObjC	82	8	high	unique_constructor_vptr_anchor	005EC809 STSprGameObjC::STSprGameObjC [vptr-store] MOV dword ptr [ESI],0x79c3ec	005EC809 STSprGameObjC::STSprGameObjC [vptr-store] MOV dword ptr [ESI],0x79c3ec	STGameObjC | STSprGameObjC	STSprGameObjC	STSprGameObjC	1	0x0	007900A0 | 00797560 | 00798C70 | 0079B238 | 0079B3C4 | 0079B528 | 0079B68C | 0079B78C | 0079B8F0 | 0079BA54 | 0079BBB8 | 0079BD1C | 0079BE80 | 0079C5AC | 0079C8A0 | 0079C9B0 | 0079CB14 | 0079CC28 | 0079CD94 | 0079CEFC | 0079D098 | 0079D1D8 | 0079D33C | 0079D4AC	0079C3EC
0	1	VTable_0079C578	VTable_0079C578		1	0	medium	named_nonconstructor_vptr_writer_review	005EC7F6 STSprGameObjC::STSprGameObjC [vptr-store] MOV dword ptr [EDI],0x79c578	005EC7F6 STSprGameObjC::STSprGameObjC [vptr-store] MOV dword ptr [EDI],0x79c578			STSprGameObjC	0	0x1D5		0079C578
1	1	VTable_0079C580	STManBasisCVTable	STManBasisC	1	1	high	unique_constructor_vptr_anchor	005F1363 STManBasisC::STManBasisC [vptr-store] MOV dword ptr [ESI],0x79c580	005F1363 STManBasisC::STManBasisC [vptr-store] MOV dword ptr [ESI],0x79c580	STManBasisC	STManBasisC	STManBasisC	1	0x0		0079C580
1	1	VTable_0079C584	STBHEShellCVTable	STBHEShellC	1	1	high	unique_constructor_vptr_anchor	005F3453 STBHEShellC::STBHEShellC [vptr-store] MOV dword ptr [ESI],0x79c584	005F3453 STBHEShellC::STBHEShellC [vptr-store] MOV dword ptr [ESI],0x79c584	STBHEShellC	STBHEShellC	STBHEShellC	1	0x0		0079C584
1	1	VTable_0079C5A8	STColl3CVTable_at_1D5	STColl3C	1	0	high	unique_constructor_vptr_anchor	005F661E STColl3C::STColl3C [vptr-store] MOV dword ptr [EDI],0x79c5a8	005F661E STColl3C::STColl3C [vptr-store] MOV dword ptr [EDI],0x79c5a8		STColl3C	STColl3C	0	0x1D5		0079C5A8
1	1	VTable_0079C5AC	STColl3CVTable	STColl3C	73	4	high	unique_constructor_vptr_anchor	005F6618 STColl3C::STColl3C [vptr-store] MOV dword ptr [ESI],0x79c5ac	005F6618 STColl3C::STColl3C [vptr-store] MOV dword ptr [ESI],0x79c5ac	STColl3C | STGameObjC	STColl3C	STColl3C	1	0x0	007900A0 | 00790AA0 | 00797560 | 00798C70 | 0079B238 | 0079B3C4 | 0079B528 | 0079B68C | 0079B78C | 0079B8F0 | 0079BA54 | 0079BBB8 | 0079BD1C | 0079BE80 | 0079C3EC | 0079C8A0 | 0079C9B0 | 0079CB14 | 0079CC28 | 0079CD94 | 0079CEFC | 0079D098 | 0079D1D8 | 0079D33C | 0079D4AC	0079C5AC
0	0	VTable_0079C710	VTable_0079C710		83	7	low	competing_slot_owners_left_unresolved			STContainerC | STGameObjC | STSprGameObjC			0		0079C25C	0079C710
0	1	VTable_0079C8A0	STGameObjCVTable_0079C8A0	STGameObjC	53	1	medium	single_named_slot_owner	005FD726 FUN_005fd710 [vptr-store] MOV dword ptr [ESI],0x79c8a0	005FD726 FUN_005fd710 [vptr-store] MOV dword ptr [ESI],0x79c8a0	STGameObjC			1	0x0	007900A0 | 00790AA0 | 00797560 | 00798C70 | 0079B238 | 0079B3C4 | 0079B528 | 0079B68C | 0079B78C | 0079B8F0 | 0079BA54 | 0079BBB8 | 0079BD1C | 0079BE80 | 0079C3EC | 0079C5AC | 0079C9B0 | 0079CB14 | 0079CC28 | 0079CD94 | 0079CEFC | 0079D098 | 0079D1D8 | 0079D33C | 0079D4AC	0079C8A0
1	1	VTable_0079C9B0	STDestCVTable	STDestC	73	2	high	unique_constructor_vptr_anchor	00602419 STDestC::STDestC [vptr-store] MOV dword ptr [ESI],0x79c9b0	00602419 STDestC::STDestC [vptr-store] MOV dword ptr [ESI],0x79c9b0	STDestC | STGameObjC	STDestC	STDestC	1	0x0	007900A0 | 00790AA0 | 00797560 | 00798C70 | 0079B238 | 0079B3C4 | 0079B528 | 0079B68C | 0079B78C | 0079B8F0 | 0079BA54 | 0079BBB8 | 0079BD1C | 0079BE80 | 0079C3EC | 0079C5AC | 0079C8A0 | 0079CB14 | 0079CC28 | 0079CD94 | 0079CEFC | 0079D098 | 0079D1D8 | 0079D33C | 0079D4AC	0079C9B0
0	1	VTable_0079CB10	VTable_0079CB10		1	0	medium	named_nonconstructor_vptr_writer_review	00602406 STDestC::STDestC [vptr-store] MOV dword ptr [EDI],0x79cb10	00602406 STDestC::STDestC [vptr-store] MOV dword ptr [EDI],0x79cb10			STDestC	0	0x1D5		0079CB10
1	1	VTable_0079CB14	STExplosionVTable	STExplosion	53	2	high	unique_constructor_vptr_anchor	00604098 STExplosion::STExplosion [vptr-store] MOV dword ptr [ESI],0x79cb14	00604098 STExplosion::STExplosion [vptr-store] MOV dword ptr [ESI],0x79cb14	STExplosion | STGameObjC	STExplosion	STExplosion	1	0x0	007900A0 | 00790AA0 | 00797560 | 00798C70 | 0079B238 | 0079B3C4 | 0079B528 | 0079B68C | 0079B78C | 0079B8F0 | 0079BA54 | 0079BBB8 | 0079BD1C | 0079BE80 | 0079C3EC | 0079C5AC | 0079C8A0 | 0079C9B0 | 0079CC28 | 0079CD94 | 0079CEFC | 0079D098 | 0079D1D8 | 0079D33C | 0079D4AC	0079CB14
0	1	VTable_0079CC28	STGameObjCVTable_0079CC28	STGameObjC	53	1	medium	single_named_slot_owner	0060995B FUN_00609950 [vptr-store] MOV dword ptr [ESI],0x79cc28	0060995B FUN_00609950 [vptr-store] MOV dword ptr [ESI],0x79cc28	STGameObjC			1	0x0	007900A0 | 00790AA0 | 00797560 | 00798C70 | 0079B238 | 0079B3C4 | 0079B528 | 0079B68C | 0079B78C | 0079B8F0 | 0079BA54 | 0079BBB8 | 0079BD1C | 0079BE80 | 0079C3EC | 0079C5AC | 0079C8A0 | 0079C9B0 | 0079CB14 | 0079CD94 | 0079CEFC | 0079D098 | 0079D1D8 | 0079D33C | 0079D4AC	0079CC28
0	1	VTable_0079CD94	STGameObjCVTable_0079CD94	STGameObjC	53	1	medium	single_named_slot_owner	0060EC7B FUN_0060ec70 [vptr-store] MOV dword ptr [ESI],0x79cd94	0060EC7B FUN_0060ec70 [vptr-store] MOV dword ptr [ESI],0x79cd94	STGameObjC			1	0x0	007900A0 | 00790AA0 | 00797560 | 00798C70 | 0079B238 | 0079B3C4 | 0079B528 | 0079B68C | 0079B78C | 0079B8F0 | 0079BA54 | 0079BBB8 | 0079BD1C | 0079BE80 | 0079C3EC | 0079C5AC | 0079C8A0 | 0079C9B0 | 0079CB14 | 0079CC28 | 0079CEFC | 0079D098 | 0079D1D8 | 0079D33C | 0079D4AC	0079CD94
1	1	VTable_0079CEBC	JumpManagCVTable	JumpManagC	1	1	high	unique_constructor_vptr_anchor	00617853 JumpManagC::JumpManagC [vptr-store] MOV dword ptr [ESI],0x79cebc	00617853 JumpManagC::JumpManagC [vptr-store] MOV dword ptr [ESI],0x79cebc	JumpManagC	JumpManagC	JumpManagC	1	0x0		0079CEBC
1	1	VTable_0079CED0	STJumpMineCVTable	STJumpMineC	1	1	high	unique_constructor_vptr_anchor	00619178 STJumpMineC::STJumpMineC [vptr-store] MOV dword ptr [ESI],0x79ced0	00619178 STJumpMineC::STJumpMineC [vptr-store] MOV dword ptr [ESI],0x79ced0	STJumpMineC	STJumpMineC	STJumpMineC	1	0x0		0079CED0
1	1	VTable_0079CED4	STLightCVTable	STLightC	2	2	high	unique_constructor_vptr_anchor	0061D628 STLightC::STLightC [vptr-store] MOV dword ptr [ESI],0x79ced4	0061D628 STLightC::STLightC [vptr-store] MOV dword ptr [ESI],0x79ced4	STLightC | SndUnderAttMenegC	STLightC	STLightC	1	0x0		0079CED4
1	1	VTable_0079CEFC	STMineSetCVTable	STMineSetC	73	4	high	unique_constructor_vptr_anchor	00622629 STMineSetC::STMineSetC [vptr-store] MOV dword ptr [ESI],0x79cefc	00622629 STMineSetC::STMineSetC [vptr-store] MOV dword ptr [ESI],0x79cefc	STGameObjC | STMineSetC	STMineSetC	STMineSetC	1	0x0	007900A0 | 00797560 | 00798C70 | 0079B238 | 0079B3C4 | 0079B528 | 0079B68C | 0079B78C | 0079B8F0 | 0079BA54 | 0079BBB8 | 0079BD1C | 0079BE80 | 0079C3EC | 0079C5AC | 0079C8A0 | 0079C9B0 | 0079CB14 | 0079CC28 | 0079CD94 | 0079D098 | 0079D1D8 | 0079D33C | 0079D4AC	0079CEFC
0	1	VTable_0079D05C	VTable_0079D05C		1	0	medium	named_nonconstructor_vptr_writer_review	00622616 STMineSetC::STMineSetC [vptr-store] MOV dword ptr [EDI],0x79d05c	00622616 STMineSetC::STMineSetC [vptr-store] MOV dword ptr [EDI],0x79d05c			STMineSetC	0	0x1D5		0079D05C
1	1	VTable_0079D084	STManRub3CVTable	STManRub3C	1	1	high	unique_constructor_vptr_anchor	0062CF0B STManRub3C::STManRub3C [vptr-store] MOV dword ptr [ESI],0x79d084	0062CF0B STManRub3C::STManRub3C [vptr-store] MOV dword ptr [ESI],0x79d084	STManRub3C	STManRub3C	STManRub3C	1	0x0		0079D084
1	1	VTable_0079D098	STRubbishCVTable	STRubbishC	53	2	high	unique_constructor_vptr_anchor	0062ED37 STRubbishC::STRubbishC [vptr-store] MOV dword ptr [ESI],0x79d098	0062ED37 STRubbishC::STRubbishC [vptr-store] MOV dword ptr [ESI],0x79d098	STGameObjC | STRubbishC	STRubbishC	STRubbishC	1	0x0	007900A0 | 00790AA0 | 00797560 | 00798C70 | 0079B238 | 0079B3C4 | 0079B528 | 0079B68C | 0079B78C | 0079B8F0 | 0079BA54 | 0079BBB8 | 0079BD1C | 0079BE80 | 0079C3EC | 0079C5AC | 0079C8A0 | 0079C9B0 | 0079CB14 | 0079CC28 | 0079CD94 | 0079CEFC | 0079D1D8 | 0079D33C | 0079D4AC	0079D098
1	1	VTable_0079D19C	STManRuinCVTable	STManRuinC	1	1	high	unique_constructor_vptr_anchor	0063087B STManRuinC::STManRuinC [vptr-store] MOV dword ptr [ESI],0x79d19c	0063087B STManRuinC::STManRuinC [vptr-store] MOV dword ptr [ESI],0x79d19c	STManRuinC	STManRuinC	STManRuinC	1	0x0		0079D19C
0	1	VTable_0079D1D8	STGameObjCVTable_0079D1D8	STGameObjC	73	1	medium	single_named_slot_owner	006394A9 FUN_00639480 [vptr-store] MOV dword ptr [ESI],0x79d1d8	006394A9 FUN_00639480 [vptr-store] MOV dword ptr [ESI],0x79d1d8	STGameObjC			1	0x0	007900A0 | 00790AA0 | 00797560 | 00798C70 | 0079B238 | 0079B3C4 | 0079B528 | 0079B68C | 0079B78C | 0079B8F0 | 0079BA54 | 0079BBB8 | 0079BD1C | 0079BE80 | 0079C3EC | 0079C5AC | 0079C8A0 | 0079C9B0 | 0079CB14 | 0079CC28 | 0079CD94 | 0079CEFC | 0079D098 | 0079D33C | 0079D4AC	0079D1D8
0	1	VTable_0079D338	VTable_0079D338		1	0	medium	unnamed_vptr_store	00639496 FUN_00639480 [vptr-store] MOV dword ptr [EDI],0x79d338	00639496 FUN_00639480 [vptr-store] MOV dword ptr [EDI],0x79d338				0	0x1D5		0079D338
0	1	VTable_0079D33C	STGameObjCVTable_0079D33C	STGameObjC	73	1	medium	single_named_slot_owner	0063BFD9 FUN_0063bfa0 [vptr-store] MOV dword ptr [ESI],0x79d33c	0063BFD9 FUN_0063bfa0 [vptr-store] MOV dword ptr [ESI],0x79d33c	STGameObjC			1	0x0	007900A0 | 00790AA0 | 00797560 | 00798C70 | 0079B238 | 0079B3C4 | 0079B528 | 0079B68C | 0079B78C | 0079B8F0 | 0079BA54 | 0079BBB8 | 0079BD1C | 0079BE80 | 0079C3EC | 0079C5AC | 0079C8A0 | 0079C9B0 | 0079CB14 | 0079CC28 | 0079CD94 | 0079CEFC | 0079D098 | 0079D1D8 | 0079D4AC	0079D33C
0	1	VTable_0079D49C	VTable_0079D49C		1	0	medium	unnamed_vptr_store	0063BFB8 FUN_0063bfa0 [vptr-store] MOV dword ptr [EDI],0x79d49c	0063BFB8 FUN_0063bfa0 [vptr-store] MOV dword ptr [EDI],0x79d49c				0	0x1D5		0079D49C
0	0	VTable_0079D4AC	VTable_0079D4AC		73	2	low	competing_slot_owners_left_unresolved			STGameObjC | STTorpC			0		007900A0 | 00790AA0 | 00797560 | 00798C70 | 0079B238 | 0079B3C4 | 0079B528 | 0079B68C | 0079B78C | 0079B8F0 | 0079BA54 | 0079BBB8 | 0079BD1C | 0079BE80 | 0079C3EC | 0079C5AC | 0079C8A0 | 0079C9B0 | 0079CB14 | 0079CC28 | 0079CD94 | 0079CEFC | 0079D098 | 0079D1D8 | 0079D33C	0079D4AC
1	1	VTable_0079D610	STVolcanoCVTable	STVolcanoC	1	1	high	unique_constructor_vptr_anchor	00646C9B STVolcanoC::STVolcanoC [vptr-store] MOV dword ptr [ESI],0x79d610	00646C9B STVolcanoC::STVolcanoC [vptr-store] MOV dword ptr [ESI],0x79d610	STVolcanoC	STVolcanoC	STVolcanoC	1	0x0		0079D610
1	1	VTable_0079D618	AiBossClassTyVTable_at_1C	AiBossClassTy	13	0	high	unique_constructor_vptr_anchor	00647AEB AiBossClassTy::AiBossClassTy [vptr-store] MOV dword ptr [EDI],0x79d618	00647AEB AiBossClassTy::AiBossClassTy [vptr-store] MOV dword ptr [EDI],0x79d618		AiBossClassTy	AiBossClassTy	0	0x1C	0079D67C | 0079D6D4	0079D618
1	1	VTable_0079D658	AiBossClassTyVTable	AiBossClassTy	1	1	high	unique_constructor_vptr_anchor	00647AE5 AiBossClassTy::AiBossClassTy [vptr-store] MOV dword ptr [ESI],0x79d658	00647AE5 AiBossClassTy::AiBossClassTy [vptr-store] MOV dword ptr [ESI],0x79d658	AiBossClassTy	AiBossClassTy	AiBossClassTy	1	0x0		0079D658
0	1	VTable_0079D67C	VTable_0079D67C		13	0	medium	unnamed_vptr_store	0064CCA4 FUN_0064cc90 [vptr-store] MOV dword ptr [ESI],0x79d67c	0064CCA4 FUN_0064cc90 [vptr-store] MOV dword ptr [ESI],0x79d67c				1	0x0	0079D618 | 0079D6D4	0079D67C
1	1	VTable_0079D6BC	AiFltClassTyVTable	AiFltClassTy	1	1	high	unique_constructor_vptr_anchor	0065D23B AiFltClassTy::AiFltClassTy [vptr-store] MOV dword ptr [ESI],0x79d6bc	0065D23B AiFltClassTy::AiFltClassTy [vptr-store] MOV dword ptr [ESI],0x79d6bc	AiFltClassTy	AiFltClassTy	AiFltClassTy	1	0x0		0079D6BC
1	1	VTable_0079D6D4	AiPlrClassTyVTable_at_1C	AiPlrClassTy	13	1	high	unique_constructor_vptr_anchor	006788CB AiPlrClassTy::AiPlrClassTy [vptr-store] MOV dword ptr [EDI],0x79d6d4	006788CB AiPlrClassTy::AiPlrClassTy [vptr-store] MOV dword ptr [EDI],0x79d6d4	AiPlrClassTy	AiPlrClassTy	AiPlrClassTy	0	0x1C	0079D618 | 0079D67C	0079D6D4
1	1	VTable_0079D714	AiPlrClassTyVTable	AiPlrClassTy	1	1	high	unique_constructor_vptr_anchor	006788C5 AiPlrClassTy::AiPlrClassTy [vptr-store] MOV dword ptr [ESI],0x79d714	006788C5 AiPlrClassTy::AiPlrClassTy [vptr-store] MOV dword ptr [ESI],0x79d714	AiPlrClassTy	AiPlrClassTy	AiPlrClassTy	1	0x0		0079D714
0	0	VTable_0079D75C	VTable_0079D75C		3	0	low	function_pointer_run_without_owner						0			0079D75C
1	1	VTable_0079D76C	AiTactClassTyVTable	AiTactClassTy	1	1	high	unique_constructor_vptr_anchor	0068DC0B AiTactClassTy::AiTactClassTy [vptr-store] MOV dword ptr [ESI],0x79d76c	0068DC0B AiTactClassTy::AiTactClassTy [vptr-store] MOV dword ptr [ESI],0x79d76c	AiTactClassTy	AiTactClassTy	AiTactClassTy	1	0x0		0079D76C
0	1	VTable_0079DAF0	VTable_0079DAF0		5	0	medium	unnamed_vptr_store	006D51C7 FUN_006d51a0 [vptr-store] MOV dword ptr [ESI + 0xcc],0x79daf0 | 006D506E FUN_006d4ff0 [vptr-store] MOV dword ptr [ESI + 0xcc],0x79daf0	006D51C7 FUN_006d51a0 [vptr-store] MOV dword ptr [ESI + 0xcc],0x79daf0 | 006D506E FUN_006d4ff0 [vptr-store] MOV dword ptr [ESI + 0xcc],0x79daf0				0	0xCC	007A1550	0079DAF0
0	1	VTable_0079DB04	VTable_0079DB04		9	0	medium	unnamed_vptr_store	006D51BD FUN_006d51a0 [vptr-store] MOV dword ptr [ESI + 0xc8],0x79db04 | 006D5064 FUN_006d4ff0 [vptr-store] MOV dword ptr [ESI + 0xc8],0x79db04	006D51BD FUN_006d51a0 [vptr-store] MOV dword ptr [ESI + 0xc8],0x79db04 | 006D5064 FUN_006d4ff0 [vptr-store] MOV dword ptr [ESI + 0xc8],0x79db04				0	0xC8	007A1568	0079DB04
0	1	VTable_0079DB28	VTable_0079DB28		5	0	medium	unnamed_vptr_store	006D51B6 FUN_006d51a0 [vptr-store] MOV dword ptr [ESI + 0x10],0x79db28 | 006D505D FUN_006d4ff0 [vptr-store] MOV dword ptr [ESI + 0x10],0x79db28	006D51B6 FUN_006d51a0 [vptr-store] MOV dword ptr [ESI + 0x10],0x79db28 | 006D505D FUN_006d4ff0 [vptr-store] MOV dword ptr [ESI + 0x10],0x79db28				0	0x10	007A1590	0079DB28
0	1	VTable_0079DB3C	VTable_0079DB3C		15	0	medium	unnamed_vptr_store	006D51AF FUN_006d51a0 [vptr-store] MOV dword ptr [ESI + 0xc],0x79db3c | 006D5056 FUN_006d4ff0 [vptr-store] MOV dword ptr [ESI + 0xc],0x79db3c	006D51AF FUN_006d51a0 [vptr-store] MOV dword ptr [ESI + 0xc],0x79db3c | 006D5056 FUN_006d4ff0 [vptr-store] MOV dword ptr [ESI + 0xc],0x79db3c				0	0xC	007A1390 | 007A15A8	0079DB3C
0	1	VTable_0079DB78	VTable_0079DB78		49	2	medium	slot_owner_may_be_inherited_from_related_table	006D51A9 FUN_006d51a0 [vptr-store] MOV dword ptr [ESI],0x79db78 | 006D5050 FUN_006d4ff0 [vptr-store] MOV dword ptr [ESI],0x79db78	006D51A9 FUN_006d51a0 [vptr-store] MOV dword ptr [ESI],0x79db78 | 006D5050 FUN_006d4ff0 [vptr-store] MOV dword ptr [ESI],0x79db78	CBaseRenderer			1	0x0	007A13D0 | 007A15E8 | 007A1C08 | 007A1CB8 | 007A1D88	0079DB78
0	1	VTable_0079DC3C	VTable_0079DC3C		9	0	medium	unnamed_vptr_store	006D575D FUN_006d5720 [vptr-store] MOV dword ptr [ESI + 0x98],0x79dc3c	006D575D FUN_006d5720 [vptr-store] MOV dword ptr [ESI + 0x98],0x79dc3c				0	0x98	0079DE58 | 007A1488 | 007A1740 | 007A18C8	0079DC3C
0	1	VTable_0079DC60	VTable_0079DC60		5	0	medium	unnamed_vptr_store	006D5756 FUN_006d5720 [vptr-store] MOV dword ptr [ESI + 0x10],0x79dc60	006D5756 FUN_006d5720 [vptr-store] MOV dword ptr [ESI + 0x10],0x79dc60				0	0x10	0079DE7C | 007A14B0 | 007A1768 | 007A18F0	0079DC60
0	1	VTable_0079DC74	VTable_0079DC74		18	0	medium	unnamed_vptr_store	006D574F FUN_006d5720 [vptr-store] MOV dword ptr [ESI + 0xc],0x79dc74	006D574F FUN_006d5720 [vptr-store] MOV dword ptr [ESI + 0xc],0x79dc74				0	0xC	0079DE90 | 007A14C8 | 007A1780 | 007A1820 | 007A1908 | 007A19A8	0079DC74
0	1	VTable_0079DCBC	VTable_0079DCBC		15	0	medium	unnamed_vptr_store	006D5749 FUN_006d5720 [vptr-store] MOV dword ptr [ESI],0x79dcbc	006D5749 FUN_006d5720 [vptr-store] MOV dword ptr [ESI],0x79dcbc				1	0x0	007A1510	0079DCBC
0	1	VTable_0079DCF8	VTable_0079DCF8		9	0	medium	unnamed_vptr_store	006D5D09 FUN_006d5cd0 [vptr-store] MOV dword ptr [ESI + 0xc],0x79dcf8 | 006D5DBC FUN_006d5db0 [vptr-store] MOV dword ptr [ESI + 0xc],0x79dcf8	006D5D09 FUN_006d5cd0 [vptr-store] MOV dword ptr [ESI + 0xc],0x79dcf8 | 006D5DBC FUN_006d5db0 [vptr-store] MOV dword ptr [ESI + 0xc],0x79dcf8				0	0xC	007A11A0	0079DCF8
0	1	VTable_0079DD1C	VTable_0079DD1C		6	0	medium	unnamed_vptr_store	006D5D03 FUN_006d5cd0 [vptr-store] MOV dword ptr [ESI],0x79dd1c | 006D5DB6 FUN_006d5db0 [vptr-store] MOV dword ptr [ESI],0x79dd1c	006D5D03 FUN_006d5cd0 [vptr-store] MOV dword ptr [ESI],0x79dd1c | 006D5DB6 FUN_006d5db0 [vptr-store] MOV dword ptr [ESI],0x79dd1c				1	0x0		0079DD1C
0	1	VTable_0079DD34	VTable_0079DD34		22	0	medium	unnamed_vptr_store	006D6181 FUN_006d6160 [vptr-store] MOV dword ptr [ESI],0x79dd34	006D6181 FUN_006d6160 [vptr-store] MOV dword ptr [ESI],0x79dd34				1	0x0	007A1148	0079DD34
0	1	VTable_0079DD9C	VTable_0079DD9C		5	0	medium	unnamed_vptr_store	006D70E4 FUN_006d70b0 [vptr-store] MOV dword ptr [ESI + 0x10],0x79dd9c	006D70E4 FUN_006d70b0 [vptr-store] MOV dword ptr [ESI + 0x10],0x79dd9c				0	0x10	007A1378	0079DD9C
0	1	VTable_0079DDB0	VTable_0079DDB0		15	0	medium	unnamed_vptr_store	006D70DD FUN_006d70b0 [vptr-store] MOV dword ptr [ESI + 0xc],0x79ddb0	006D70DD FUN_006d70b0 [vptr-store] MOV dword ptr [ESI + 0xc],0x79ddb0				0	0xC	007A1390	0079DDB0
0	1	VTable_0079DDEC	VTable_0079DDEC		27	0	medium	unnamed_vptr_store	006D70D1 FUN_006d70b0 [vptr-store] MOV dword ptr [ESI],0x79ddec	006D70D1 FUN_006d70b0 [vptr-store] MOV dword ptr [ESI],0x79ddec				1	0x0	007A1C08 | 007A1CB8 | 007A1D88	0079DDEC
0	1	VTable_0079DE58	VTable_0079DE58		9	0	medium	unnamed_vptr_store	006D722B FUN_006d71d0 [vptr-store] MOV dword ptr [ESI + 0x98],0x79de58	006D722B FUN_006d71d0 [vptr-store] MOV dword ptr [ESI + 0x98],0x79de58				0	unknown	0079DC3C | 007A1488 | 007A1740 | 007A18C8	0079DE58
0	1	VTable_0079DE7C	VTable_0079DE7C		5	0	medium	unnamed_vptr_store	006D7224 FUN_006d71d0 [vptr-store] MOV dword ptr [ESI + 0x10],0x79de7c	006D7224 FUN_006d71d0 [vptr-store] MOV dword ptr [ESI + 0x10],0x79de7c				0	unknown	0079DC60 | 007A14B0 | 007A1768 | 007A18F0	0079DE7C
0	1	VTable_0079DE90	VTable_0079DE90		18	0	medium	unnamed_vptr_store	006D721D FUN_006d71d0 [vptr-store] MOV dword ptr [ESI + 0xc],0x79de90	006D721D FUN_006d71d0 [vptr-store] MOV dword ptr [ESI + 0xc],0x79de90				0	unknown	0079DC74 | 007A14C8 | 007A1780 | 007A1908	0079DE90
0	1	VTable_0079DED8	VTable_0079DED8		15	0	medium	unnamed_vptr_store	006D7217 FUN_006d71d0 [vptr-store] MOV dword ptr [ESI],0x79ded8	006D7217 FUN_006d71d0 [vptr-store] MOV dword ptr [ESI],0x79ded8				0	unknown	007A17C8 | 007A1950	0079DED8
1	1	VTable_0079E16C	AppClassTyVTable	AppClassTy	7	1	high	unique_constructor_vptr_anchor	006E34CC AppClassTy::AppClassTy [vptr-store] MOV dword ptr [EAX],0x79e16c	006E34CC AppClassTy::AppClassTy [vptr-store] MOV dword ptr [EAX],0x79e16c	STAppC	AppClassTy	AppClassTy	1	0x0		0079E16C
1	1	VTable_0079E188	SystemClassTyVTable	SystemClassTy	9	0	high	confirmed_recovery_anchor	006E51D0 SystemClassTy::SystemClassTy [vptr-store] MOV dword ptr [EAX],0x79e188	006E51D0 SystemClassTy::SystemClassTy [vptr-store] MOV dword ptr [EAX],0x79e188		SystemClassTy	SystemClassTy	1	0x0	0079ADB8 | 0079B1B4 | 0079B20C | 0079C1E8 | 0079E1B4	0079E188
0	1	VTable_0079E1AC	VTable_0079E1AC		1	0	medium	unnamed_vptr_store	006E5FB4 sub_006E5FB0 [vptr-store] MOV dword ptr [EAX],0x79e1ac	006E5FB4 sub_006E5FB0 [vptr-store] MOV dword ptr [EAX],0x79e1ac				1	0x0		0079E1AC
0	1	VTable_0079E1B0	VTable_0079E1B0		1	0	medium	unnamed_vptr_store	006E60E8 sub_006E60E0 [vptr-store] MOV dword ptr [ESI],0x79e1b0	006E60E8 sub_006E60E0 [vptr-store] MOV dword ptr [ESI],0x79e1b0				1	0x0		0079E1B0
1	1	VTable_0079E1B4	SystemWithNamedObjClassTyVTable	SystemWithNamedObjClassTy	9	0	high	unique_constructor_vptr_anchor	006E6115 SystemWithNamedObjClassTy::SystemWithNamedObjClassTy [vptr-store] MOV dword ptr [ESI],0x79e1b4	006E6115 SystemWithNamedObjClassTy::SystemWithNamedObjClassTy [vptr-store] MOV dword ptr [ESI],0x79e1b4		SystemWithNamedObjClassTy	SystemWithNamedObjClassTy	1	0x0	0079E188	0079E1B4
1	1	VTable_0079E21C	SpriteClassTyVTable	SpriteClassTy	3	0	high	unique_constructor_vptr_anchor	00715827 SpriteClassTy::SpriteClassTy [vptr-store] MOV dword ptr [EAX],0x79e21c	00715827 SpriteClassTy::SpriteClassTy [vptr-store] MOV dword ptr [EAX],0x79e21c		SpriteClassTy	SpriteClassTy	1	0x0	0079ADF4	0079E21C
0	1	VTable_0079E284	VTable_0079E284		4	0	medium	unnamed_vptr_store	0071B1BA FUN_0071b1b0 [vptr-store] MOV dword ptr [ESI],0x79e284	0071B1BA FUN_0071b1b0 [vptr-store] MOV dword ptr [ESI],0x79e284				1	0x0		0079E284
0	1	VTable_0079E294	VTable_0079E294		1	0	medium	unnamed_vptr_store	0071E048 FUN_0071e040 [vptr-store] MOV dword ptr [ESI],0x79e294	0071E048 FUN_0071e040 [vptr-store] MOV dword ptr [ESI],0x79e294				1	0x0		0079E294
0	1	VTable_0079E298	VTable_0079E298		7	0	medium	unnamed_vptr_store	0071E6FA FUN_0071e6f0 [vptr-store] MOV dword ptr [ESI],0x79e298	0071E6FA FUN_0071e6f0 [vptr-store] MOV dword ptr [ESI],0x79e298				1	0x0		0079E298
0	1	VTable_0079E2B4	VTable_0079E2B4		5	0	medium	unnamed_vptr_store	007209BA FUN_007209b0 [vptr-store] MOV dword ptr [ESI],0x79e2b4	007209BA FUN_007209b0 [vptr-store] MOV dword ptr [ESI],0x79e2b4				1	0x0		0079E2B4
0	1	VTable_0079E2C8	VTable_0079E2C8		4	0	medium	unnamed_vptr_store	0072431A FUN_00724310 [vptr-store] MOV dword ptr [ESI],0x79e2c8	0072431A FUN_00724310 [vptr-store] MOV dword ptr [ESI],0x79e2c8				1	0x0		0079E2C8
0	1	VTable_0079E360	VTable_0079E360		2	0	medium	unnamed_vptr_store	0072B70A FUN_0072b700 [vptr-store] MOV dword ptr [ESI],0x79e360	0072B70A FUN_0072b700 [vptr-store] MOV dword ptr [ESI],0x79e360				1	0x0		0079E360
0	1	VTable_007A1108	VTable_007A1108		8	0	medium	unnamed_vptr_store	00747609 FUN_00747603 [vptr-store] MOV dword ptr [ESI],0x7a1108 | 00747594 FUN_0074756b [vptr-store] MOV dword ptr [ESI],0x7a1108	00747609 FUN_00747603 [vptr-store] MOV dword ptr [ESI],0x7a1108 | 00747594 FUN_0074756b [vptr-store] MOV dword ptr [ESI],0x7a1108				1	0x0		007A1108
0	1	VTable_007A1128	VTable_007A1128		8	0	medium	unnamed_vptr_store	007478D8 FUN_007478d8 [vptr-store] MOV dword ptr [ECX],0x7a1128 | 0074788C FUN_00747874 [vptr-store] MOV dword ptr [ESI],0x7a1128	007478D8 FUN_007478d8 [vptr-store] MOV dword ptr [ECX],0x7a1128 | 0074788C FUN_00747874 [vptr-store] MOV dword ptr [ESI],0x7a1128				1	0x0		007A1128
0	1	VTable_007A1148	VTable_007A1148		22	0	medium	unnamed_vptr_store	00748AD3 FUN_00748ad3 [vptr-store] MOV dword ptr [ECX],0x7a1148 | 00748AAE FUN_00748a83 [vptr-store] MOV dword ptr [EAX],0x7a1148	00748AD3 FUN_00748ad3 [vptr-store] MOV dword ptr [ECX],0x7a1148 | 00748AAE FUN_00748a83 [vptr-store] MOV dword ptr [EAX],0x7a1148				1	0x0	0079DD34	007A1148
0	1	VTable_007A11A0	VTable_007A11A0		9	0	medium	unnamed_vptr_store	007496ED FUN_007496e0 [vptr-store] MOV dword ptr [EAX],0x7a11a0	007496ED FUN_007496e0 [vptr-store] MOV dword ptr [EAX],0x7a11a0				0	0xC	0079DCF8	007A11A0
0	1	VTable_007A11C8	VTable_007A11C8		6	0	medium	unnamed_vptr_store	007496E6 FUN_007496e0 [vptr-store] MOV dword ptr [ESI],0x7a11c8	007496E6 FUN_007496e0 [vptr-store] MOV dword ptr [ESI],0x7a11c8				1	0x0	007A1C08 | 007A1CB8 | 007A1D88	007A11C8
0	1	VTable_007A1378	VTable_007A1378		5	0	medium	unnamed_vptr_store	00749B2E FUN_00749a93 [vptr-store] MOV dword ptr [ESI + 0x10],0x7a1378 | 00749B70 FUN_00749b5f [vptr-store] MOV dword ptr [ESI + 0x10],0x7a1378	00749B2E FUN_00749a93 [vptr-store] MOV dword ptr [ESI + 0x10],0x7a1378 | 00749B70 FUN_00749b5f [vptr-store] MOV dword ptr [ESI + 0x10],0x7a1378				0	0x10	0079DD9C	007A1378
0	1	VTable_007A1390	VTable_007A1390		15	0	medium	unnamed_vptr_store	00749B27 FUN_00749a93 [vptr-store] MOV dword ptr [ESI + 0xc],0x7a1390 | 00749B69 FUN_00749b5f [vptr-store] MOV dword ptr [ESI + 0xc],0x7a1390	00749B27 FUN_00749a93 [vptr-store] MOV dword ptr [ESI + 0xc],0x7a1390 | 00749B69 FUN_00749b5f [vptr-store] MOV dword ptr [ESI + 0xc],0x7a1390				0	0xC	0079DB3C | 0079DDB0 | 007A15A8	007A1390
0	1	VTable_007A13D0	VTable_007A13D0		45	2	medium	slot_owner_may_be_inherited_from_related_table	00749B21 FUN_00749a93 [vptr-store] MOV dword ptr [ESI],0x7a13d0 | 00749B63 FUN_00749b5f [vptr-store] MOV dword ptr [ESI],0x7a13d0	00749B21 FUN_00749a93 [vptr-store] MOV dword ptr [ESI],0x7a13d0 | 00749B63 FUN_00749b5f [vptr-store] MOV dword ptr [ESI],0x7a13d0	CBaseRenderer			1	0x0	0079DB78 | 007A15E8 | 007A1C08 | 007A1CB8 | 007A1D88	007A13D0
0	1	VTable_007A1488	VTable_007A1488		9	0	medium	unnamed_vptr_store	0074A995 FUN_0074a95f [vptr-store] MOV dword ptr [ESI + 0x98],0x7a1488	0074A995 FUN_0074a95f [vptr-store] MOV dword ptr [ESI + 0x98],0x7a1488				0	0x98	0079DC3C | 0079DE58 | 007A1740 | 007A18C8	007A1488
0	1	VTable_007A14B0	VTable_007A14B0		5	0	medium	unnamed_vptr_store	0074A98E FUN_0074a95f [vptr-store] MOV dword ptr [ESI + 0x10],0x7a14b0	0074A98E FUN_0074a95f [vptr-store] MOV dword ptr [ESI + 0x10],0x7a14b0				0	0x10	0079DC60 | 0079DE7C | 007A1768 | 007A18F0	007A14B0
0	1	VTable_007A14C8	VTable_007A14C8		18	0	medium	unnamed_vptr_store	0074A987 FUN_0074a95f [vptr-store] MOV dword ptr [ESI + 0xc],0x7a14c8	0074A987 FUN_0074a95f [vptr-store] MOV dword ptr [ESI + 0xc],0x7a14c8				0	0xC	0079DC74 | 0079DE90 | 007A1780 | 007A1820 | 007A1908 | 007A19A8	007A14C8
0	1	VTable_007A1510	VTable_007A1510		15	0	medium	unnamed_vptr_store	0074A981 FUN_0074a95f [vptr-store] MOV dword ptr [ESI],0x7a1510	0074A981 FUN_0074a95f [vptr-store] MOV dword ptr [ESI],0x7a1510				1	0x0	0079DCBC	007A1510
0	1	VTable_007A1550	VTable_007A1550		5	0	medium	unnamed_vptr_store	0074AC10 FUN_0074abc4 [vptr-store] MOV dword ptr [ESI + 0xcc],0x7a1550 | 0074AC5F FUN_0074ac41 [vptr-store] MOV dword ptr [ECX + 0xcc],0x7a1550	0074AC10 FUN_0074abc4 [vptr-store] MOV dword ptr [ESI + 0xcc],0x7a1550 | 0074AC5F FUN_0074ac41 [vptr-store] MOV dword ptr [ECX + 0xcc],0x7a1550				0	0xCC	0079DAF0	007A1550
0	1	VTable_007A1568	VTable_007A1568		9	0	medium	unnamed_vptr_store	0074AC06 FUN_0074abc4 [vptr-store] MOV dword ptr [ESI + 0xc8],0x7a1568 | 0074AC55 FUN_0074ac41 [vptr-store] MOV dword ptr [ECX + 0xc8],0x7a1568	0074AC06 FUN_0074abc4 [vptr-store] MOV dword ptr [ESI + 0xc8],0x7a1568 | 0074AC55 FUN_0074ac41 [vptr-store] MOV dword ptr [ECX + 0xc8],0x7a1568				0	0xC8	0079DB04	007A1568
0	1	VTable_007A1590	VTable_007A1590		5	0	medium	unnamed_vptr_store	0074ABFF FUN_0074abc4 [vptr-store] MOV dword ptr [ESI + 0x10],0x7a1590 | 0074AC4E FUN_0074ac41 [vptr-store] MOV dword ptr [ECX + 0x10],0x7a1590	0074ABFF FUN_0074abc4 [vptr-store] MOV dword ptr [ESI + 0x10],0x7a1590 | 0074AC4E FUN_0074ac41 [vptr-store] MOV dword ptr [ECX + 0x10],0x7a1590				0	0x10	0079DB28	007A1590
0	1	VTable_007A15A8	VTable_007A15A8		15	0	medium	unnamed_vptr_store	0074ABF8 FUN_0074abc4 [vptr-store] MOV dword ptr [ESI + 0xc],0x7a15a8 | 0074AC47 FUN_0074ac41 [vptr-store] MOV dword ptr [ECX + 0xc],0x7a15a8	0074ABF8 FUN_0074abc4 [vptr-store] MOV dword ptr [ESI + 0xc],0x7a15a8 | 0074AC47 FUN_0074ac41 [vptr-store] MOV dword ptr [ECX + 0xc],0x7a15a8				0	0xC	0079DB3C | 007A1390	007A15A8
0	1	VTable_007A15E8	VTable_007A15E8		49	2	medium	slot_owner_may_be_inherited_from_related_table	0074ABF2 FUN_0074abc4 [vptr-store] MOV dword ptr [ESI],0x7a15e8 | 0074AC41 FUN_0074ac41 [vptr-store] MOV dword ptr [ECX],0x7a15e8	0074ABF2 FUN_0074abc4 [vptr-store] MOV dword ptr [ESI],0x7a15e8 | 0074AC41 FUN_0074ac41 [vptr-store] MOV dword ptr [ECX],0x7a15e8	CBaseRenderer			1	0x0	0079DB78 | 007A13D0 | 007A1C08 | 007A1CB8 | 007A1D88	007A15E8
0	1	VTable_007A1740	VTable_007A1740		9	0	medium	unnamed_vptr_store	0074C3C7 FUN_0074c38f [vptr-store] MOV dword ptr [ESI + 0x98],0x7a1740	0074C3C7 FUN_0074c38f [vptr-store] MOV dword ptr [ESI + 0x98],0x7a1740				0	0x98	0079DC3C | 0079DE58 | 007A1488 | 007A18C8	007A1740
0	1	VTable_007A1768	VTable_007A1768		5	0	medium	unnamed_vptr_store	0074C3C0 FUN_0074c38f [vptr-store] MOV dword ptr [ESI + 0x10],0x7a1768	0074C3C0 FUN_0074c38f [vptr-store] MOV dword ptr [ESI + 0x10],0x7a1768				0	0x10	0079DC60 | 0079DE7C | 007A14B0 | 007A18F0	007A1768
0	1	VTable_007A1780	VTable_007A1780		18	0	medium	unnamed_vptr_store	0074C3B9 FUN_0074c38f [vptr-store] MOV dword ptr [ESI + 0xc],0x7a1780	0074C3B9 FUN_0074c38f [vptr-store] MOV dword ptr [ESI + 0xc],0x7a1780				0	0xC	0079DC74 | 0079DE90 | 007A14C8 | 007A1820 | 007A1908	007A1780
0	1	VTable_007A17C8	VTable_007A17C8		15	0	medium	unnamed_vptr_store	0074C3B3 FUN_0074c38f [vptr-store] MOV dword ptr [ESI],0x7a17c8	0074C3B3 FUN_0074c38f [vptr-store] MOV dword ptr [ESI],0x7a17c8				1	0x0	0079DED8 | 007A1950	007A17C8
0	1	VTable_007A1808	VTable_007A1808		5	0	medium	unnamed_vptr_store	0074C690 FUN_0074c658 [vptr-store] MOV dword ptr [ESI + 0x10],0x7a1808 | 0074C6D2 FUN_0074c6ba [vptr-store] MOV dword ptr [ESI + 0x10],0x7a1808	0074C690 FUN_0074c658 [vptr-store] MOV dword ptr [ESI + 0x10],0x7a1808 | 0074C6D2 FUN_0074c6ba [vptr-store] MOV dword ptr [ESI + 0x10],0x7a1808				0	0x10	007A1990	007A1808
0	1	VTable_007A1820	VTable_007A1820		18	0	medium	unnamed_vptr_store	0074C689 FUN_0074c658 [vptr-store] MOV dword ptr [ESI + 0xc],0x7a1820 | 0074C6CB FUN_0074c6ba [vptr-store] MOV dword ptr [ESI + 0xc],0x7a1820	0074C689 FUN_0074c658 [vptr-store] MOV dword ptr [ESI + 0xc],0x7a1820 | 0074C6CB FUN_0074c6ba [vptr-store] MOV dword ptr [ESI + 0xc],0x7a1820				0	0xC	0079DC74 | 007A14C8 | 007A1780 | 007A19A8	007A1820
0	1	VTable_007A1868	VTable_007A1868		23	0	medium	unnamed_vptr_store	0074C683 FUN_0074c658 [vptr-store] MOV dword ptr [ESI],0x7a1868 | 0074C6C3 FUN_0074c6ba [vptr-store] MOV dword ptr [ESI],0x7a1868	0074C683 FUN_0074c658 [vptr-store] MOV dword ptr [ESI],0x7a1868 | 0074C6C3 FUN_0074c6ba [vptr-store] MOV dword ptr [ESI],0x7a1868				1	0x0	007A19F0	007A1868
0	1	VTable_007A18C8	VTable_007A18C8		9	0	medium	unnamed_vptr_store	0074CE00 FUN_0074cdc5 [vptr-store] MOV dword ptr [ESI + 0x98],0x7a18c8	0074CE00 FUN_0074cdc5 [vptr-store] MOV dword ptr [ESI + 0x98],0x7a18c8				0	0x98	0079DC3C | 0079DE58 | 007A1488 | 007A1740	007A18C8
0	1	VTable_007A18F0	VTable_007A18F0		5	0	medium	unnamed_vptr_store	0074CDF9 FUN_0074cdc5 [vptr-store] MOV dword ptr [ESI + 0x10],0x7a18f0	0074CDF9 FUN_0074cdc5 [vptr-store] MOV dword ptr [ESI + 0x10],0x7a18f0				0	0x10	0079DC60 | 0079DE7C | 007A14B0 | 007A1768	007A18F0
0	1	VTable_007A1908	VTable_007A1908		18	0	medium	unnamed_vptr_store	0074CDF2 FUN_0074cdc5 [vptr-store] MOV dword ptr [ESI + 0xc],0x7a1908	0074CDF2 FUN_0074cdc5 [vptr-store] MOV dword ptr [ESI + 0xc],0x7a1908				0	0xC	0079DC74 | 0079DE90 | 007A14C8 | 007A1780	007A1908
0	1	VTable_007A1950	VTable_007A1950		15	0	medium	unnamed_vptr_store	0074CDEC FUN_0074cdc5 [vptr-store] MOV dword ptr [ESI],0x7a1950	0074CDEC FUN_0074cdc5 [vptr-store] MOV dword ptr [ESI],0x7a1950				1	0x0	0079DED8 | 007A17C8	007A1950
0	1	VTable_007A1990	VTable_007A1990		5	0	medium	unnamed_vptr_store	0074CFED FUN_0074cfc0 [vptr-store] MOV dword ptr [ESI + 0x10],0x7a1990	0074CFED FUN_0074cfc0 [vptr-store] MOV dword ptr [ESI + 0x10],0x7a1990				0	0x10	007A1808	007A1990
0	1	VTable_007A19A8	VTable_007A19A8		18	0	medium	unnamed_vptr_store	0074CFE6 FUN_0074cfc0 [vptr-store] MOV dword ptr [ESI + 0xc],0x7a19a8	0074CFE6 FUN_0074cfc0 [vptr-store] MOV dword ptr [ESI + 0xc],0x7a19a8				0	0xC	0079DC74 | 007A14C8 | 007A1820	007A19A8
0	1	VTable_007A19F0	VTable_007A19F0		23	0	medium	unnamed_vptr_store	0074CFE0 FUN_0074cfc0 [vptr-store] MOV dword ptr [ESI],0x7a19f0	0074CFE0 FUN_0074cfc0 [vptr-store] MOV dword ptr [ESI],0x7a19f0				1	0x0	007A1868	007A19F0
0	1	VTable_007A1C08	VTable_007A1C08		4	0	medium	unnamed_vptr_store	0074E7DC FUN_0074e7b1 [vptr-store] MOV dword ptr [ESI + 0x8],0x7a1c08	0074E7DC FUN_0074e7b1 [vptr-store] MOV dword ptr [ESI + 0x8],0x7a1c08				0	0x8	0079DB78 | 0079DDEC | 007A11C8 | 007A13D0 | 007A15E8 | 007A1CB8 | 007A1D88	007A1C08
0	1	VTable_007A1C18	VTable_007A1C18		18	0	medium	unnamed_vptr_store	0074E7D6 FUN_0074e7b1 [vptr-store] MOV dword ptr [EDI],0x7a1c18	0074E7D6 FUN_0074e7b1 [vptr-store] MOV dword ptr [EDI],0x7a1c18				0	0x4	007A1CC8	007A1C18
0	1	VTable_007A1C60	VTable_007A1C60		21	0	medium	unnamed_vptr_store	0074E7CB FUN_0074e7b1 [vptr-store] MOV dword ptr [ESI],0x7a1c60	0074E7CB FUN_0074e7b1 [vptr-store] MOV dword ptr [ESI],0x7a1c60				1	0x0	007A1D10	007A1C60
0	1	VTable_007A1CB8	VTable_007A1CB8		4	0	medium	unnamed_vptr_store	0074EF37 FUN_0074eef3 [vptr-store] MOV dword ptr [ESI + 0x8],0x7a1cb8	0074EF37 FUN_0074eef3 [vptr-store] MOV dword ptr [ESI + 0x8],0x7a1cb8				0	0x8	0079DB78 | 0079DDEC | 007A11C8 | 007A13D0 | 007A15E8 | 007A1C08 | 007A1D88	007A1CB8
0	1	VTable_007A1CC8	VTable_007A1CC8		18	0	medium	unnamed_vptr_store	0074EF30 FUN_0074eef3 [vptr-store] MOV dword ptr [ESI + 0x4],0x7a1cc8	0074EF30 FUN_0074eef3 [vptr-store] MOV dword ptr [ESI + 0x4],0x7a1cc8				0	0x4	007A1C18	007A1CC8
0	1	VTable_007A1D10	VTable_007A1D10		21	0	medium	unnamed_vptr_store	0074EF2A FUN_0074eef3 [vptr-store] MOV dword ptr [ESI],0x7a1d10	0074EF2A FUN_0074eef3 [vptr-store] MOV dword ptr [ESI],0x7a1d10				1	0x0	007A1C60	007A1D10
0	1	VTable_007A1D68	VTable_007A1D68		7	0	medium	unnamed_vptr_store	0074FCB3 FUN_0074fc49 [vptr-store] MOV dword ptr [ESI + 0xc],0x7a1d68	0074FCB3 FUN_0074fc49 [vptr-store] MOV dword ptr [ESI + 0xc],0x7a1d68				0	0xC		007A1D68
0	1	VTable_007A1D88	VTable_007A1D88		4	0	medium	unnamed_vptr_store	0074FCAD FUN_0074fc49 [vptr-store] MOV dword ptr [ESI],0x7a1d88	0074FCAD FUN_0074fc49 [vptr-store] MOV dword ptr [ESI],0x7a1d88				1	0x0	0079DB78 | 0079DDEC | 007A11C8 | 007A13D0 | 007A15E8 | 007A1C08 | 007A1CB8	007A1D88
