left_table	left_owner	right_table	right_owner	compared_slots	shared_slots	shared_ratio	differing_offsets
007900A0		00790AA0	TLOBaseTy	53	28	0.528	0x0 | 0x8 | 0xC | 0x28 | 0x2C | 0x30 | 0x34 | 0x38 | 0x3C | 0x44 | 0x48 | 0x50 | 0x5C | 0x68 | 0x6C | 0x70 | 0x74 | 0x78 | 0x7C | 0x80 | 0x84 | 0x88 | 0xC4 | 0xC8 | 0xD0
007900A0		00797560	TLOFakeTy	53	51	0.962	0x0 | 0x8
007900A0		00798C70		53	43	0.811	0x0 | 0x8 | 0xC | 0x28 | 0x2C | 0x30 | 0x34 | 0x68 | 0x7C | 0xC4
007900A0		0079B238	STCrabC	53	50	0.943	0x0 | 0x8 | 0x2C
007900A0		0079B3C4	STFishC	53	50	0.943	0x0 | 0x8 | 0x2C
007900A0		0079B528	STDcResourcC	53	46	0.868	0x0 | 0x8 | 0x2C | 0x30 | 0x34 | 0x58 | 0x5C
007900A0		0079B68C	STJellyManC	53	51	0.962	0x0 | 0x2C
007900A0		0079B78C	STJellyGunC	53	50	0.943	0x0 | 0x8 | 0x2C
007900A0		0079B8F0	STLBombC	53	50	0.943	0x0 | 0x8 | 0x2C
007900A0		0079BA54	STMBombC	53	50	0.943	0x0 | 0x8 | 0x2C
007900A0		0079BBB8	STOctopusC	53	50	0.943	0x0 | 0x8 | 0x2C
007900A0		0079BD1C	STSatC	53	50	0.943	0x0 | 0x8 | 0x2C
007900A0		0079BE80	STSharkC	53	50	0.943	0x0 | 0x8 | 0x2C
007900A0		0079C3EC	STSprGameObjC	53	33	0.623	0x0 | 0x8 | 0xC | 0x28 | 0x2C | 0x30 | 0x34 | 0x58 | 0x5C | 0x78 | 0x7C | 0x9C | 0xA0 | 0xA4 | 0xA8 | 0xAC | 0xB0 | 0xB4 | 0xB8 | 0xBC
007900A0		0079C5AC	STColl3C	53	49	0.925	0x0 | 0x8 | 0x78 | 0x7C
007900A0		0079C8A0	STGameObjC	53	52	0.981	0x0
007900A0		0079C9B0	STDestC	53	46	0.868	0x0 | 0x8 | 0x2C | 0x30 | 0x34 | 0x70 | 0x74
007900A0		0079CB14	STExplosion	53	52	0.981	0x0
007900A0		0079CC28	STGameObjC	53	52	0.981	0x0
007900A0		0079CD94	STGameObjC	53	52	0.981	0x0
007900A0		0079CEFC	STMineSetC	53	41	0.774	0x0 | 0x8 | 0x2C | 0x30 | 0x34 | 0x58 | 0x5C | 0x64 | 0x6C | 0x70 | 0x74 | 0x7C
007900A0		0079D098	STRubbishC	53	52	0.981	0x0
007900A0		0079D1D8	STGameObjC	53	51	0.962	0x0 | 0x8
007900A0		0079D33C	STGameObjC	53	51	0.962	0x0 | 0x8
00790AA0	TLOBaseTy	00797560	TLOFakeTy	73	38	0.521	0x0 | 0xC | 0x28 | 0x2C | 0x30 | 0x34 | 0x38 | 0x3C | 0x44 | 0x48 | 0x50 | 0x5C | 0x68 | 0x6C | 0x70 | 0x74 | 0x78 | 0x7C | 0x80 | 0x84 | 0x88 | 0xC4 | 0xC8 | 0xD0 | 0xDC | 0xE0 | 0xE8 | 0xEC | 0xF0 | 0xF4 | 0xF8 | 0xFC | 0x108 | 0x10C | 0x110
00790AA0	TLOBaseTy	00798C70		73	38	0.521	0x0 | 0xC | 0x28 | 0x2C | 0x30 | 0x34 | 0x38 | 0x3C | 0x44 | 0x48 | 0x50 | 0x5C | 0x68 | 0x6C | 0x70 | 0x74 | 0x78 | 0x7C | 0x80 | 0x84 | 0x88 | 0xC4 | 0xC8 | 0xD0 | 0xDC | 0xE0 | 0xE8 | 0xEC | 0xF0 | 0xF4 | 0xF8 | 0xFC | 0x108 | 0x10C | 0x110
00790AA0	TLOBaseTy	0079B238	STCrabC	73	38	0.521	0x0 | 0xC | 0x28 | 0x2C | 0x30 | 0x34 | 0x38 | 0x3C | 0x44 | 0x48 | 0x50 | 0x5C | 0x68 | 0x6C | 0x70 | 0x74 | 0x78 | 0x7C | 0x80 | 0x84 | 0x88 | 0xC4 | 0xC8 | 0xD0 | 0xDC | 0xE0 | 0xE8 | 0xEC | 0xF0 | 0xF4 | 0xF8 | 0xFC | 0x108 | 0x10C | 0x110
00790AA0	TLOBaseTy	0079B3C4	STFishC	73	38	0.521	0x0 | 0xC | 0x28 | 0x2C | 0x30 | 0x34 | 0x38 | 0x3C | 0x44 | 0x48 | 0x50 | 0x5C | 0x68 | 0x6C | 0x70 | 0x74 | 0x78 | 0x7C | 0x80 | 0x84 | 0x88 | 0xC4 | 0xC8 | 0xD0 | 0xDC | 0xE0 | 0xE8 | 0xEC | 0xF0 | 0xF4 | 0xF8 | 0xFC | 0x108 | 0x10C | 0x110
00790AA0	TLOBaseTy	0079B68C	STJellyManC	53	28	0.528	0x0 | 0x8 | 0xC | 0x28 | 0x2C | 0x30 | 0x34 | 0x38 | 0x3C | 0x44 | 0x48 | 0x50 | 0x5C | 0x68 | 0x6C | 0x70 | 0x74 | 0x78 | 0x7C | 0x80 | 0x84 | 0x88 | 0xC4 | 0xC8 | 0xD0
00790AA0	TLOBaseTy	0079B78C	STJellyGunC	73	38	0.521	0x0 | 0xC | 0x28 | 0x2C | 0x30 | 0x34 | 0x38 | 0x3C | 0x44 | 0x48 | 0x50 | 0x5C | 0x68 | 0x6C | 0x70 | 0x74 | 0x78 | 0x7C | 0x80 | 0x84 | 0x88 | 0xC4 | 0xC8 | 0xD0 | 0xDC | 0xE0 | 0xE8 | 0xEC | 0xF0 | 0xF4 | 0xF8 | 0xFC | 0x108 | 0x10C | 0x110
00790AA0	TLOBaseTy	0079B8F0	STLBombC	73	38	0.521	0x0 | 0xC | 0x28 | 0x2C | 0x30 | 0x34 | 0x38 | 0x3C | 0x44 | 0x48 | 0x50 | 0x5C | 0x68 | 0x6C | 0x70 | 0x74 | 0x78 | 0x7C | 0x80 | 0x84 | 0x88 | 0xC4 | 0xC8 | 0xD0 | 0xDC | 0xE0 | 0xE8 | 0xEC | 0xF0 | 0xF4 | 0xF8 | 0xFC | 0x108 | 0x10C | 0x110
00790AA0	TLOBaseTy	0079BA54	STMBombC	73	38	0.521	0x0 | 0xC | 0x28 | 0x2C | 0x30 | 0x34 | 0x38 | 0x3C | 0x44 | 0x48 | 0x50 | 0x5C | 0x68 | 0x6C | 0x70 | 0x74 | 0x78 | 0x7C | 0x80 | 0x84 | 0x88 | 0xC4 | 0xC8 | 0xD0 | 0xDC | 0xE0 | 0xE8 | 0xEC | 0xF0 | 0xF4 | 0xF8 | 0xFC | 0x108 | 0x10C | 0x110
00790AA0	TLOBaseTy	0079BBB8	STOctopusC	73	38	0.521	0x0 | 0xC | 0x28 | 0x2C | 0x30 | 0x34 | 0x38 | 0x3C | 0x44 | 0x48 | 0x50 | 0x5C | 0x68 | 0x6C | 0x70 | 0x74 | 0x78 | 0x7C | 0x80 | 0x84 | 0x88 | 0xC4 | 0xC8 | 0xD0 | 0xDC | 0xE0 | 0xE8 | 0xEC | 0xF0 | 0xF4 | 0xF8 | 0xFC | 0x108 | 0x10C | 0x110
00790AA0	TLOBaseTy	0079BD1C	STSatC	73	38	0.521	0x0 | 0xC | 0x28 | 0x2C | 0x30 | 0x34 | 0x38 | 0x3C | 0x44 | 0x48 | 0x50 | 0x5C | 0x68 | 0x6C | 0x70 | 0x74 | 0x78 | 0x7C | 0x80 | 0x84 | 0x88 | 0xC4 | 0xC8 | 0xD0 | 0xDC | 0xE0 | 0xE8 | 0xEC | 0xF0 | 0xF4 | 0xF8 | 0xFC | 0x108 | 0x10C | 0x110
00790AA0	TLOBaseTy	0079BE80	STSharkC	73	38	0.521	0x0 | 0xC | 0x28 | 0x2C | 0x30 | 0x34 | 0x38 | 0x3C | 0x44 | 0x48 | 0x50 | 0x5C | 0x68 | 0x6C | 0x70 | 0x74 | 0x78 | 0x7C | 0x80 | 0x84 | 0x88 | 0xC4 | 0xC8 | 0xD0 | 0xDC | 0xE0 | 0xE8 | 0xEC | 0xF0 | 0xF4 | 0xF8 | 0xFC | 0x108 | 0x10C | 0x110
00790AA0	TLOBaseTy	0079C5AC	STColl3C	73	38	0.521	0x0 | 0xC | 0x28 | 0x2C | 0x30 | 0x34 | 0x38 | 0x3C | 0x44 | 0x48 | 0x50 | 0x5C | 0x68 | 0x6C | 0x70 | 0x74 | 0x78 | 0x7C | 0x80 | 0x84 | 0x88 | 0xC4 | 0xC8 | 0xD0 | 0xDC | 0xE0 | 0xE8 | 0xEC | 0xF0 | 0xF4 | 0xF8 | 0xFC | 0x108 | 0x10C | 0x110
00790AA0	TLOBaseTy	0079C8A0	STGameObjC	53	28	0.528	0x0 | 0x8 | 0xC | 0x28 | 0x2C | 0x30 | 0x34 | 0x38 | 0x3C | 0x44 | 0x48 | 0x50 | 0x5C | 0x68 | 0x6C | 0x70 | 0x74 | 0x78 | 0x7C | 0x80 | 0x84 | 0x88 | 0xC4 | 0xC8 | 0xD0
00790AA0	TLOBaseTy	0079C9B0	STDestC	73	38	0.521	0x0 | 0xC | 0x28 | 0x2C | 0x30 | 0x34 | 0x38 | 0x3C | 0x44 | 0x48 | 0x50 | 0x5C | 0x68 | 0x6C | 0x70 | 0x74 | 0x78 | 0x7C | 0x80 | 0x84 | 0x88 | 0xC4 | 0xC8 | 0xD0 | 0xDC | 0xE0 | 0xE8 | 0xEC | 0xF0 | 0xF4 | 0xF8 | 0xFC | 0x108 | 0x10C | 0x110
00790AA0	TLOBaseTy	0079CB14	STExplosion	53	28	0.528	0x0 | 0x8 | 0xC | 0x28 | 0x2C | 0x30 | 0x34 | 0x38 | 0x3C | 0x44 | 0x48 | 0x50 | 0x5C | 0x68 | 0x6C | 0x70 | 0x74 | 0x78 | 0x7C | 0x80 | 0x84 | 0x88 | 0xC4 | 0xC8 | 0xD0
00790AA0	TLOBaseTy	0079CC28	STGameObjC	53	28	0.528	0x0 | 0x8 | 0xC | 0x28 | 0x2C | 0x30 | 0x34 | 0x38 | 0x3C | 0x44 | 0x48 | 0x50 | 0x5C | 0x68 | 0x6C | 0x70 | 0x74 | 0x78 | 0x7C | 0x80 | 0x84 | 0x88 | 0xC4 | 0xC8 | 0xD0
00790AA0	TLOBaseTy	0079CD94	STGameObjC	53	28	0.528	0x0 | 0x8 | 0xC | 0x28 | 0x2C | 0x30 | 0x34 | 0x38 | 0x3C | 0x44 | 0x48 | 0x50 | 0x5C | 0x68 | 0x6C | 0x70 | 0x74 | 0x78 | 0x7C | 0x80 | 0x84 | 0x88 | 0xC4 | 0xC8 | 0xD0
00790AA0	TLOBaseTy	0079D098	STRubbishC	53	28	0.528	0x0 | 0x8 | 0xC | 0x28 | 0x2C | 0x30 | 0x34 | 0x38 | 0x3C | 0x44 | 0x48 | 0x50 | 0x5C | 0x68 | 0x6C | 0x70 | 0x74 | 0x78 | 0x7C | 0x80 | 0x84 | 0x88 | 0xC4 | 0xC8 | 0xD0
00790AA0	TLOBaseTy	0079D1D8	STGameObjC	73	38	0.521	0x0 | 0xC | 0x28 | 0x2C | 0x30 | 0x34 | 0x38 | 0x3C | 0x44 | 0x48 | 0x50 | 0x5C | 0x68 | 0x6C | 0x70 | 0x74 | 0x78 | 0x7C | 0x80 | 0x84 | 0x88 | 0xC4 | 0xC8 | 0xD0 | 0xDC | 0xE0 | 0xE8 | 0xEC | 0xF0 | 0xF4 | 0xF8 | 0xFC | 0x108 | 0x10C | 0x110
00790AA0	TLOBaseTy	0079D33C	STGameObjC	73	38	0.521	0x0 | 0xC | 0x28 | 0x2C | 0x30 | 0x34 | 0x38 | 0x3C | 0x44 | 0x48 | 0x50 | 0x5C | 0x68 | 0x6C | 0x70 | 0x74 | 0x78 | 0x7C | 0x80 | 0x84 | 0x88 | 0xC4 | 0xC8 | 0xD0 | 0xDC | 0xE0 | 0xE8 | 0xEC | 0xF0 | 0xF4 | 0xF8 | 0xFC | 0x108 | 0x10C | 0x110
00797560	TLOFakeTy	00798C70		73	59	0.808	0x0 | 0xC | 0x28 | 0x2C | 0x30 | 0x34 | 0x68 | 0x7C | 0xC4 | 0xDC | 0xE0 | 0xE8 | 0xEC | 0xF8
00797560	TLOFakeTy	0079B238	STCrabC	73	67	0.918	0x0 | 0x2C | 0xDC | 0xE0 | 0xEC | 0xF8
00797560	TLOFakeTy	0079B3C4	STFishC	73	67	0.918	0x0 | 0x2C | 0xDC | 0xE0 | 0xEC | 0xF8
00797560	TLOFakeTy	0079B528	STDcResourcC	73	64	0.877	0x0 | 0x2C | 0x30 | 0x34 | 0x58 | 0x5C | 0xEC | 0xF8 | 0x11C
00797560	TLOFakeTy	0079B68C	STJellyManC	53	50	0.943	0x0 | 0x8 | 0x2C
00797560	TLOFakeTy	0079B78C	STJellyGunC	73	69	0.945	0x0 | 0x2C | 0xEC | 0xF8
00797560	TLOFakeTy	0079B8F0	STLBombC	73	69	0.945	0x0 | 0x2C | 0xEC | 0xF8
00797560	TLOFakeTy	0079BA54	STMBombC	73	69	0.945	0x0 | 0x2C | 0xEC | 0xF8
00797560	TLOFakeTy	0079BBB8	STOctopusC	73	67	0.918	0x0 | 0x2C | 0xDC | 0xE0 | 0xEC | 0xF8
00797560	TLOFakeTy	0079BD1C	STSatC	73	69	0.945	0x0 | 0x2C | 0xEC | 0xF8
00797560	TLOFakeTy	0079BE80	STSharkC	73	67	0.918	0x0 | 0x2C | 0xDC | 0xE0 | 0xEC | 0xF8
00797560	TLOFakeTy	0079C3EC	STSprGameObjC	73	47	0.644	0x0 | 0xC | 0x28 | 0x2C | 0x30 | 0x34 | 0x58 | 0x5C | 0x78 | 0x7C | 0x9C | 0xA0 | 0xA4 | 0xA8 | 0xAC | 0xB0 | 0xB4 | 0xB8 | 0xBC | 0xDC | 0xE0 | 0xEC | 0xF0 | 0xF8 | 0x114 | 0x118
00797560	TLOFakeTy	0079C5AC	STColl3C	73	66	0.904	0x0 | 0x78 | 0x7C | 0xDC | 0xE0 | 0xEC | 0xF8
00797560	TLOFakeTy	0079C8A0	STGameObjC	53	51	0.962	0x0 | 0x8
00797560	TLOFakeTy	0079C9B0	STDestC	73	65	0.890	0x0 | 0x2C | 0x30 | 0x34 | 0x70 | 0x74 | 0xEC | 0xF8
00797560	TLOFakeTy	0079CB14	STExplosion	53	51	0.962	0x0 | 0x8
00797560	TLOFakeTy	0079CC28	STGameObjC	53	51	0.962	0x0 | 0x8
00797560	TLOFakeTy	0079CD94	STGameObjC	53	51	0.962	0x0 | 0x8
00797560	TLOFakeTy	0079CEFC	STMineSetC	73	56	0.767	0x0 | 0x2C | 0x30 | 0x34 | 0x58 | 0x5C | 0x64 | 0x6C | 0x70 | 0x74 | 0x7C | 0xDC | 0xE0 | 0xEC | 0xF0 | 0xF4 | 0xF8
00797560	TLOFakeTy	0079D098	STRubbishC	53	51	0.962	0x0 | 0x8
00797560	TLOFakeTy	0079D1D8	STGameObjC	73	70	0.959	0x0 | 0xEC | 0xF8
00797560	TLOFakeTy	0079D33C	STGameObjC	73	70	0.959	0x0 | 0xEC | 0xF8
00798C70		0079B238	STCrabC	73	59	0.808	0x0 | 0xC | 0x28 | 0x2C | 0x30 | 0x34 | 0x68 | 0x7C | 0xC4 | 0xDC | 0xE0 | 0xE8 | 0xEC | 0xF8
00798C70		0079B3C4	STFishC	73	59	0.808	0x0 | 0xC | 0x28 | 0x2C | 0x30 | 0x34 | 0x68 | 0x7C | 0xC4 | 0xDC | 0xE0 | 0xE8 | 0xEC | 0xF8
00798C70		0079B528	STDcResourcC	73	56	0.767	0x0 | 0xC | 0x28 | 0x2C | 0x30 | 0x34 | 0x58 | 0x5C | 0x68 | 0x7C | 0xC4 | 0xDC | 0xE0 | 0xE8 | 0xEC | 0xF8 | 0x11C
00798C70		0079B68C	STJellyManC	53	43	0.811	0x0 | 0x8 | 0xC | 0x28 | 0x2C | 0x30 | 0x34 | 0x68 | 0x7C | 0xC4
00798C70		0079B78C	STJellyGunC	73	59	0.808	0x0 | 0xC | 0x28 | 0x2C | 0x30 | 0x34 | 0x68 | 0x7C | 0xC4 | 0xDC | 0xE0 | 0xE8 | 0xEC | 0xF8
00798C70		0079B8F0	STLBombC	73	59	0.808	0x0 | 0xC | 0x28 | 0x2C | 0x30 | 0x34 | 0x68 | 0x7C | 0xC4 | 0xDC | 0xE0 | 0xE8 | 0xEC | 0xF8
00798C70		0079BA54	STMBombC	73	59	0.808	0x0 | 0xC | 0x28 | 0x2C | 0x30 | 0x34 | 0x68 | 0x7C | 0xC4 | 0xDC | 0xE0 | 0xE8 | 0xEC | 0xF8
00798C70		0079BBB8	STOctopusC	73	59	0.808	0x0 | 0xC | 0x28 | 0x2C | 0x30 | 0x34 | 0x68 | 0x7C | 0xC4 | 0xDC | 0xE0 | 0xE8 | 0xEC | 0xF8
00798C70		0079BD1C	STSatC	73	59	0.808	0x0 | 0xC | 0x28 | 0x2C | 0x30 | 0x34 | 0x68 | 0x7C | 0xC4 | 0xDC | 0xE0 | 0xE8 | 0xEC | 0xF8
00798C70		0079BE80	STSharkC	73	59	0.808	0x0 | 0xC | 0x28 | 0x2C | 0x30 | 0x34 | 0x68 | 0x7C | 0xC4 | 0xDC | 0xE0 | 0xE8 | 0xEC | 0xF8
00798C70		0079C3EC	STSprGameObjC	73	44	0.603	0x0 | 0xC | 0x28 | 0x2C | 0x30 | 0x34 | 0x58 | 0x5C | 0x68 | 0x78 | 0x7C | 0x9C | 0xA0 | 0xA4 | 0xA8 | 0xAC | 0xB0 | 0xB4 | 0xB8 | 0xBC | 0xC4 | 0xDC | 0xE0 | 0xE8 | 0xEC | 0xF0 | 0xF8 | 0x114 | 0x118
00798C70		0079C5AC	STColl3C	73	58	0.795	0x0 | 0xC | 0x28 | 0x2C | 0x30 | 0x34 | 0x68 | 0x78 | 0x7C | 0xC4 | 0xDC | 0xE0 | 0xE8 | 0xEC | 0xF8
00798C70		0079C8A0	STGameObjC	53	43	0.811	0x0 | 0x8 | 0xC | 0x28 | 0x2C | 0x30 | 0x34 | 0x68 | 0x7C | 0xC4
00798C70		0079C9B0	STDestC	73	57	0.781	0x0 | 0xC | 0x28 | 0x2C | 0x30 | 0x34 | 0x68 | 0x70 | 0x74 | 0x7C | 0xC4 | 0xDC | 0xE0 | 0xE8 | 0xEC | 0xF8
00798C70		0079CB14	STExplosion	53	43	0.811	0x0 | 0x8 | 0xC | 0x28 | 0x2C | 0x30 | 0x34 | 0x68 | 0x7C | 0xC4
00798C70		0079CC28	STGameObjC	53	43	0.811	0x0 | 0x8 | 0xC | 0x28 | 0x2C | 0x30 | 0x34 | 0x68 | 0x7C | 0xC4
00798C70		0079CD94	STGameObjC	53	43	0.811	0x0 | 0x8 | 0xC | 0x28 | 0x2C | 0x30 | 0x34 | 0x68 | 0x7C | 0xC4
00798C70		0079CEFC	STMineSetC	73	51	0.699	0x0 | 0xC | 0x28 | 0x2C | 0x30 | 0x34 | 0x58 | 0x5C | 0x64 | 0x68 | 0x6C | 0x70 | 0x74 | 0x7C | 0xC4 | 0xDC | 0xE0 | 0xE8 | 0xEC | 0xF0 | 0xF4 | 0xF8
00798C70		0079D098	STRubbishC	53	43	0.811	0x0 | 0x8 | 0xC | 0x28 | 0x2C | 0x30 | 0x34 | 0x68 | 0x7C | 0xC4
00798C70		0079D1D8	STGameObjC	73	59	0.808	0x0 | 0xC | 0x28 | 0x2C | 0x30 | 0x34 | 0x68 | 0x7C | 0xC4 | 0xDC | 0xE0 | 0xE8 | 0xEC | 0xF8
00798C70		0079D33C	STGameObjC	73	59	0.808	0x0 | 0xC | 0x28 | 0x2C | 0x30 | 0x34 | 0x68 | 0x7C | 0xC4 | 0xDC | 0xE0 | 0xE8 | 0xEC | 0xF8
0079AB78	PanelTy	0079ABA4	PanelTy	5	5	1.000	
0079AB78	PanelTy	0079ABCC		5	5	1.000	
0079AB78	PanelTy	0079ABF4	PanelTy	5	5	1.000	
0079AB78	PanelTy	0079AC74	PanelTy	5	5	1.000	
0079AB78	PanelTy	0079ACA0	PanelTy	5	5	1.000	
0079AB78	PanelTy	0079AD14	PanelTy	5	5	1.000	
0079AB78	PanelTy	0079AD30	PanelTy	5	5	1.000	
0079AB78	PanelTy	0079AD4C	PanelTy	5	5	1.000	
0079AB78	PanelTy	0079AD68	PanelTy	5	5	1.000	
0079AB78	PanelTy	0079AD90	PanelTy	5	5	1.000	
0079AB78	PanelTy	0079AE68	PanelTy	5	5	1.000	
0079AB78	PanelTy	0079AE94	PanelTy	5	5	1.000	
0079ABA4	PanelTy	0079ABCC		5	5	1.000	
0079ABA4	PanelTy	0079ABF4	PanelTy	5	5	1.000	
0079ABA4	PanelTy	0079AC74	PanelTy	5	5	1.000	
0079ABA4	PanelTy	0079ACA0	PanelTy	5	5	1.000	
0079ABA4	PanelTy	0079AD14	PanelTy	5	5	1.000	
0079ABA4	PanelTy	0079AD30	PanelTy	5	5	1.000	
0079ABA4	PanelTy	0079AD4C	PanelTy	5	5	1.000	
0079ABA4	PanelTy	0079AD68	PanelTy	5	5	1.000	
0079ABA4	PanelTy	0079AD90	PanelTy	5	5	1.000	
0079ABA4	PanelTy	0079AE68	PanelTy	5	5	1.000	
0079ABA4	PanelTy	0079AE94	PanelTy	5	5	1.000	
0079ABCC		0079ABF4	PanelTy	5	5	1.000	
0079ABCC		0079AC74	PanelTy	5	5	1.000	
0079ABCC		0079ACA0	PanelTy	5	5	1.000	
0079ABCC		0079AD14	PanelTy	5	5	1.000	
0079ABCC		0079AD30	PanelTy	5	5	1.000	
0079ABCC		0079AD4C	PanelTy	5	5	1.000	
0079ABCC		0079AD68	PanelTy	5	5	1.000	
0079ABCC		0079AD90	PanelTy	5	5	1.000	
0079ABCC		0079AE68	PanelTy	5	5	1.000	
0079ABCC		0079AE94	PanelTy	5	5	1.000	
0079ABF4	PanelTy	0079AC74	PanelTy	5	5	1.000	
0079ABF4	PanelTy	0079ACA0	PanelTy	5	5	1.000	
0079ABF4	PanelTy	0079AD14	PanelTy	5	5	1.000	
0079ABF4	PanelTy	0079AD30	PanelTy	5	5	1.000	
0079ABF4	PanelTy	0079AD4C	PanelTy	5	5	1.000	
0079ABF4	PanelTy	0079AD68	PanelTy	5	5	1.000	
0079ABF4	PanelTy	0079AD90	PanelTy	5	5	1.000	
0079ABF4	PanelTy	0079AE68	PanelTy	5	5	1.000	
0079ABF4	PanelTy	0079AE94	PanelTy	5	5	1.000	
0079AC74	PanelTy	0079ACA0	PanelTy	5	5	1.000	
0079AC74	PanelTy	0079AD14	PanelTy	5	5	1.000	
0079AC74	PanelTy	0079AD30	PanelTy	5	5	1.000	
0079AC74	PanelTy	0079AD4C	PanelTy	5	5	1.000	
0079AC74	PanelTy	0079AD68	PanelTy	5	5	1.000	
0079AC74	PanelTy	0079AD90	PanelTy	5	5	1.000	
0079AC74	PanelTy	0079AE68	PanelTy	5	5	1.000	
0079AC74	PanelTy	0079AE94	PanelTy	5	5	1.000	
0079ACA0	PanelTy	0079AD14	PanelTy	5	5	1.000	
0079ACA0	PanelTy	0079AD30	PanelTy	5	5	1.000	
0079ACA0	PanelTy	0079AD4C	PanelTy	5	5	1.000	
0079ACA0	PanelTy	0079AD68	PanelTy	5	5	1.000	
0079ACA0	PanelTy	0079AD90	PanelTy	5	5	1.000	
0079ACA0	PanelTy	0079AE68	PanelTy	5	5	1.000	
0079ACA0	PanelTy	0079AE94	PanelTy	5	5	1.000	
0079AD14	PanelTy	0079AD30	PanelTy	5	5	1.000	
0079AD14	PanelTy	0079AD4C	PanelTy	5	5	1.000	
0079AD14	PanelTy	0079AD68	PanelTy	5	5	1.000	
0079AD14	PanelTy	0079AD90	PanelTy	5	5	1.000	
0079AD14	PanelTy	0079AE68	PanelTy	5	5	1.000	
0079AD14	PanelTy	0079AE94	PanelTy	5	5	1.000	
0079AD30	PanelTy	0079AD4C	PanelTy	5	5	1.000	
0079AD30	PanelTy	0079AD68	PanelTy	5	5	1.000	
0079AD30	PanelTy	0079AD90	PanelTy	5	5	1.000	
0079AD30	PanelTy	0079AE68	PanelTy	5	5	1.000	
0079AD30	PanelTy	0079AE94	PanelTy	5	5	1.000	
0079AD4C	PanelTy	0079AD68	PanelTy	5	5	1.000	
0079AD4C	PanelTy	0079AD90	PanelTy	5	5	1.000	
0079AD4C	PanelTy	0079AE68	PanelTy	5	5	1.000	
0079AD4C	PanelTy	0079AE94	PanelTy	5	5	1.000	
0079AD68	PanelTy	0079AD90	PanelTy	5	5	1.000	
0079AD68	PanelTy	0079AE68	PanelTy	5	5	1.000	
0079AD68	PanelTy	0079AE94	PanelTy	5	5	1.000	
0079AD90	PanelTy	0079AE68	PanelTy	5	5	1.000	
0079AD90	PanelTy	0079AE94	PanelTy	5	5	1.000	
0079ADB8	InterSystemC	0079B1B4	BaseSystemC	9	6	0.667	0x4 | 0x14 | 0x20
0079ADB8	InterSystemC	0079B20C	DebugSystemC	9	6	0.667	0x4 | 0x14 | 0x20
0079ADB8	InterSystemC	0079C1E8	StartSystemTy	9	5	0.556	0x0 | 0x4 | 0x14 | 0x20
0079ADB8	InterSystemC	0079E188	SystemClassTy	9	6	0.667	0x4 | 0x14 | 0x20
0079ADF4	SpriteClassTy	0079E21C	SpriteClassTy	3	3	1.000	
0079AE68	PanelTy	0079AE94	PanelTy	5	5	1.000	
0079B1B4	BaseSystemC	0079B20C	DebugSystemC	9	8	0.889	0x14
0079B1B4	BaseSystemC	0079C1E8	StartSystemTy	9	5	0.556	0x0 | 0x4 | 0x14 | 0x20
0079B1B4	BaseSystemC	0079E188	SystemClassTy	9	8	0.889	0x14
0079B20C	DebugSystemC	0079C1E8	StartSystemTy	9	5	0.556	0x0 | 0x4 | 0x14 | 0x20
0079B20C	DebugSystemC	0079E188	SystemClassTy	9	8	0.889	0x14
0079B238	STCrabC	0079B3C4	STFishC	73	69	0.945	0x0 | 0x2C | 0xDC | 0xE0
0079B238	STCrabC	0079B528	STDcResourcC	73	63	0.863	0x0 | 0x2C | 0x30 | 0x34 | 0x58 | 0x5C | 0xDC | 0xE0 | 0xEC | 0x11C
0079B238	STCrabC	0079B68C	STJellyManC	53	50	0.943	0x0 | 0x8 | 0x2C
0079B238	STCrabC	0079B78C	STJellyGunC	73	69	0.945	0x0 | 0x2C | 0xDC | 0xE0
0079B238	STCrabC	0079B8F0	STLBombC	73	69	0.945	0x0 | 0x2C | 0xDC | 0xE0
0079B238	STCrabC	0079BA54	STMBombC	73	69	0.945	0x0 | 0x2C | 0xDC | 0xE0
0079B238	STCrabC	0079BBB8	STOctopusC	73	69	0.945	0x0 | 0x2C | 0xDC | 0xE0
0079B238	STCrabC	0079BD1C	STSatC	73	69	0.945	0x0 | 0x2C | 0xDC | 0xE0
0079B238	STCrabC	0079BE80	STSharkC	73	69	0.945	0x0 | 0x2C | 0xDC | 0xE0
0079B238	STCrabC	0079C3EC	STSprGameObjC	73	47	0.644	0x0 | 0xC | 0x28 | 0x2C | 0x30 | 0x34 | 0x58 | 0x5C | 0x78 | 0x7C | 0x9C | 0xA0 | 0xA4 | 0xA8 | 0xAC | 0xB0 | 0xB4 | 0xB8 | 0xBC | 0xDC | 0xE0 | 0xEC | 0xF0 | 0xF8 | 0x114 | 0x118
0079B238	STCrabC	0079C5AC	STColl3C	73	65	0.890	0x0 | 0x2C | 0x78 | 0x7C | 0xDC | 0xE0 | 0xEC | 0xF8
0079B238	STCrabC	0079C8A0	STGameObjC	53	50	0.943	0x0 | 0x8 | 0x2C
0079B238	STCrabC	0079C9B0	STDestC	73	65	0.890	0x0 | 0x2C | 0x30 | 0x34 | 0x70 | 0x74 | 0xDC | 0xE0
0079B238	STCrabC	0079CB14	STExplosion	53	50	0.943	0x0 | 0x8 | 0x2C
0079B238	STCrabC	0079CC28	STGameObjC	53	50	0.943	0x0 | 0x8 | 0x2C
0079B238	STCrabC	0079CD94	STGameObjC	53	50	0.943	0x0 | 0x8 | 0x2C
0079B238	STCrabC	0079CEFC	STMineSetC	73	56	0.767	0x0 | 0x2C | 0x30 | 0x34 | 0x58 | 0x5C | 0x64 | 0x6C | 0x70 | 0x74 | 0x7C | 0xDC | 0xE0 | 0xEC | 0xF0 | 0xF4 | 0xF8
0079B238	STCrabC	0079D098	STRubbishC	53	50	0.943	0x0 | 0x8 | 0x2C
0079B238	STCrabC	0079D1D8	STGameObjC	73	69	0.945	0x0 | 0x2C | 0xDC | 0xE0
0079B238	STCrabC	0079D33C	STGameObjC	73	69	0.945	0x0 | 0x2C | 0xDC | 0xE0
0079B3C4	STFishC	0079B528	STDcResourcC	73	63	0.863	0x0 | 0x2C | 0x30 | 0x34 | 0x58 | 0x5C | 0xDC | 0xE0 | 0xEC | 0x11C
0079B3C4	STFishC	0079B68C	STJellyManC	53	50	0.943	0x0 | 0x8 | 0x2C
0079B3C4	STFishC	0079B78C	STJellyGunC	73	69	0.945	0x0 | 0x2C | 0xDC | 0xE0
0079B3C4	STFishC	0079B8F0	STLBombC	73	69	0.945	0x0 | 0x2C | 0xDC | 0xE0
0079B3C4	STFishC	0079BA54	STMBombC	73	69	0.945	0x0 | 0x2C | 0xDC | 0xE0
0079B3C4	STFishC	0079BBB8	STOctopusC	73	69	0.945	0x0 | 0x2C | 0xDC | 0xE0
0079B3C4	STFishC	0079BD1C	STSatC	73	69	0.945	0x0 | 0x2C | 0xDC | 0xE0
0079B3C4	STFishC	0079BE80	STSharkC	73	69	0.945	0x0 | 0x2C | 0xDC | 0xE0
0079B3C4	STFishC	0079C3EC	STSprGameObjC	73	47	0.644	0x0 | 0xC | 0x28 | 0x2C | 0x30 | 0x34 | 0x58 | 0x5C | 0x78 | 0x7C | 0x9C | 0xA0 | 0xA4 | 0xA8 | 0xAC | 0xB0 | 0xB4 | 0xB8 | 0xBC | 0xDC | 0xE0 | 0xEC | 0xF0 | 0xF8 | 0x114 | 0x118
0079B3C4	STFishC	0079C5AC	STColl3C	73	65	0.890	0x0 | 0x2C | 0x78 | 0x7C | 0xDC | 0xE0 | 0xEC | 0xF8
0079B3C4	STFishC	0079C8A0	STGameObjC	53	50	0.943	0x0 | 0x8 | 0x2C
0079B3C4	STFishC	0079C9B0	STDestC	73	65	0.890	0x0 | 0x2C | 0x30 | 0x34 | 0x70 | 0x74 | 0xDC | 0xE0
0079B3C4	STFishC	0079CB14	STExplosion	53	50	0.943	0x0 | 0x8 | 0x2C
0079B3C4	STFishC	0079CC28	STGameObjC	53	50	0.943	0x0 | 0x8 | 0x2C
0079B3C4	STFishC	0079CD94	STGameObjC	53	50	0.943	0x0 | 0x8 | 0x2C
0079B3C4	STFishC	0079CEFC	STMineSetC	73	56	0.767	0x0 | 0x2C | 0x30 | 0x34 | 0x58 | 0x5C | 0x64 | 0x6C | 0x70 | 0x74 | 0x7C | 0xDC | 0xE0 | 0xEC | 0xF0 | 0xF4 | 0xF8
0079B3C4	STFishC	0079D098	STRubbishC	53	50	0.943	0x0 | 0x8 | 0x2C
0079B3C4	STFishC	0079D1D8	STGameObjC	73	69	0.945	0x0 | 0x2C | 0xDC | 0xE0
0079B3C4	STFishC	0079D33C	STGameObjC	73	69	0.945	0x0 | 0x2C | 0xDC | 0xE0
0079B528	STDcResourcC	0079B68C	STJellyManC	53	46	0.868	0x0 | 0x8 | 0x2C | 0x30 | 0x34 | 0x58 | 0x5C
0079B528	STDcResourcC	0079B78C	STJellyGunC	73	65	0.890	0x0 | 0x2C | 0x30 | 0x34 | 0x58 | 0x5C | 0xEC | 0x11C
0079B528	STDcResourcC	0079B8F0	STLBombC	73	65	0.890	0x0 | 0x2C | 0x30 | 0x34 | 0x58 | 0x5C | 0xEC | 0x11C
0079B528	STDcResourcC	0079BA54	STMBombC	73	65	0.890	0x0 | 0x2C | 0x30 | 0x34 | 0x58 | 0x5C | 0xEC | 0x11C
0079B528	STDcResourcC	0079BBB8	STOctopusC	73	63	0.863	0x0 | 0x2C | 0x30 | 0x34 | 0x58 | 0x5C | 0xDC | 0xE0 | 0xEC | 0x11C
0079B528	STDcResourcC	0079BD1C	STSatC	73	65	0.890	0x0 | 0x2C | 0x30 | 0x34 | 0x58 | 0x5C | 0xEC | 0x11C
0079B528	STDcResourcC	0079BE80	STSharkC	73	63	0.863	0x0 | 0x2C | 0x30 | 0x34 | 0x58 | 0x5C | 0xDC | 0xE0 | 0xEC | 0x11C
0079B528	STDcResourcC	0079C3EC	STSprGameObjC	73	46	0.630	0x0 | 0xC | 0x28 | 0x2C | 0x30 | 0x34 | 0x58 | 0x5C | 0x78 | 0x7C | 0x9C | 0xA0 | 0xA4 | 0xA8 | 0xAC | 0xB0 | 0xB4 | 0xB8 | 0xBC | 0xDC | 0xE0 | 0xEC | 0xF0 | 0xF8 | 0x114 | 0x118 | 0x11C
0079B528	STDcResourcC	0079C5AC	STColl3C	73	60	0.822	0x0 | 0x2C | 0x30 | 0x34 | 0x58 | 0x5C | 0x78 | 0x7C | 0xDC | 0xE0 | 0xEC | 0xF8 | 0x11C
0079B528	STDcResourcC	0079C8A0	STGameObjC	53	46	0.868	0x0 | 0x8 | 0x2C | 0x30 | 0x34 | 0x58 | 0x5C
0079B528	STDcResourcC	0079C9B0	STDestC	73	63	0.863	0x0 | 0x2C | 0x30 | 0x34 | 0x58 | 0x5C | 0x70 | 0x74 | 0xEC | 0x11C
0079B528	STDcResourcC	0079CB14	STExplosion	53	46	0.868	0x0 | 0x8 | 0x2C | 0x30 | 0x34 | 0x58 | 0x5C
0079B528	STDcResourcC	0079CC28	STGameObjC	53	46	0.868	0x0 | 0x8 | 0x2C | 0x30 | 0x34 | 0x58 | 0x5C
0079B528	STDcResourcC	0079CD94	STGameObjC	53	46	0.868	0x0 | 0x8 | 0x2C | 0x30 | 0x34 | 0x58 | 0x5C
0079B528	STDcResourcC	0079CEFC	STMineSetC	73	55	0.753	0x0 | 0x2C | 0x30 | 0x34 | 0x58 | 0x5C | 0x64 | 0x6C | 0x70 | 0x74 | 0x7C | 0xDC | 0xE0 | 0xEC | 0xF0 | 0xF4 | 0xF8 | 0x11C
0079B528	STDcResourcC	0079D098	STRubbishC	53	46	0.868	0x0 | 0x8 | 0x2C | 0x30 | 0x34 | 0x58 | 0x5C
0079B528	STDcResourcC	0079D1D8	STGameObjC	73	65	0.890	0x0 | 0x2C | 0x30 | 0x34 | 0x58 | 0x5C | 0xEC | 0x11C
0079B528	STDcResourcC	0079D33C	STGameObjC	73	65	0.890	0x0 | 0x2C | 0x30 | 0x34 | 0x58 | 0x5C | 0xEC | 0x11C
0079B68C	STJellyManC	0079B78C	STJellyGunC	53	50	0.943	0x0 | 0x8 | 0x2C
0079B68C	STJellyManC	0079B8F0	STLBombC	53	50	0.943	0x0 | 0x8 | 0x2C
0079B68C	STJellyManC	0079BA54	STMBombC	53	50	0.943	0x0 | 0x8 | 0x2C
0079B68C	STJellyManC	0079BBB8	STOctopusC	53	50	0.943	0x0 | 0x8 | 0x2C
0079B68C	STJellyManC	0079BD1C	STSatC	53	50	0.943	0x0 | 0x8 | 0x2C
0079B68C	STJellyManC	0079BE80	STSharkC	53	50	0.943	0x0 | 0x8 | 0x2C
0079B68C	STJellyManC	0079C3EC	STSprGameObjC	53	33	0.623	0x0 | 0x8 | 0xC | 0x28 | 0x2C | 0x30 | 0x34 | 0x58 | 0x5C | 0x78 | 0x7C | 0x9C | 0xA0 | 0xA4 | 0xA8 | 0xAC | 0xB0 | 0xB4 | 0xB8 | 0xBC
0079B68C	STJellyManC	0079C5AC	STColl3C	53	48	0.906	0x0 | 0x8 | 0x2C | 0x78 | 0x7C
0079B68C	STJellyManC	0079C8A0	STGameObjC	53	51	0.962	0x0 | 0x2C
0079B68C	STJellyManC	0079C9B0	STDestC	53	46	0.868	0x0 | 0x8 | 0x2C | 0x30 | 0x34 | 0x70 | 0x74
0079B68C	STJellyManC	0079CB14	STExplosion	53	51	0.962	0x0 | 0x2C
0079B68C	STJellyManC	0079CC28	STGameObjC	53	51	0.962	0x0 | 0x2C
0079B68C	STJellyManC	0079CD94	STGameObjC	53	51	0.962	0x0 | 0x2C
0079B68C	STJellyManC	0079CEFC	STMineSetC	53	41	0.774	0x0 | 0x8 | 0x2C | 0x30 | 0x34 | 0x58 | 0x5C | 0x64 | 0x6C | 0x70 | 0x74 | 0x7C
0079B68C	STJellyManC	0079D098	STRubbishC	53	51	0.962	0x0 | 0x2C
0079B68C	STJellyManC	0079D1D8	STGameObjC	53	50	0.943	0x0 | 0x8 | 0x2C
0079B68C	STJellyManC	0079D33C	STGameObjC	53	50	0.943	0x0 | 0x8 | 0x2C
0079B78C	STJellyGunC	0079B8F0	STLBombC	73	71	0.973	0x0 | 0x2C
0079B78C	STJellyGunC	0079BA54	STMBombC	73	71	0.973	0x0 | 0x2C
0079B78C	STJellyGunC	0079BBB8	STOctopusC	73	69	0.945	0x0 | 0x2C | 0xDC | 0xE0
0079B78C	STJellyGunC	0079BD1C	STSatC	73	71	0.973	0x0 | 0x2C
0079B78C	STJellyGunC	0079BE80	STSharkC	73	69	0.945	0x0 | 0x2C | 0xDC | 0xE0
0079B78C	STJellyGunC	0079C3EC	STSprGameObjC	73	47	0.644	0x0 | 0xC | 0x28 | 0x2C | 0x30 | 0x34 | 0x58 | 0x5C | 0x78 | 0x7C | 0x9C | 0xA0 | 0xA4 | 0xA8 | 0xAC | 0xB0 | 0xB4 | 0xB8 | 0xBC | 0xDC | 0xE0 | 0xEC | 0xF0 | 0xF8 | 0x114 | 0x118
0079B78C	STJellyGunC	0079C5AC	STColl3C	73	65	0.890	0x0 | 0x2C | 0x78 | 0x7C | 0xDC | 0xE0 | 0xEC | 0xF8
0079B78C	STJellyGunC	0079C8A0	STGameObjC	53	50	0.943	0x0 | 0x8 | 0x2C
0079B78C	STJellyGunC	0079C9B0	STDestC	73	67	0.918	0x0 | 0x2C | 0x30 | 0x34 | 0x70 | 0x74
0079B78C	STJellyGunC	0079CB14	STExplosion	53	50	0.943	0x0 | 0x8 | 0x2C
0079B78C	STJellyGunC	0079CC28	STGameObjC	53	50	0.943	0x0 | 0x8 | 0x2C
0079B78C	STJellyGunC	0079CD94	STGameObjC	53	50	0.943	0x0 | 0x8 | 0x2C
0079B78C	STJellyGunC	0079CEFC	STMineSetC	73	56	0.767	0x0 | 0x2C | 0x30 | 0x34 | 0x58 | 0x5C | 0x64 | 0x6C | 0x70 | 0x74 | 0x7C | 0xDC | 0xE0 | 0xEC | 0xF0 | 0xF4 | 0xF8
0079B78C	STJellyGunC	0079D098	STRubbishC	53	50	0.943	0x0 | 0x8 | 0x2C
0079B78C	STJellyGunC	0079D1D8	STGameObjC	73	71	0.973	0x0 | 0x2C
0079B78C	STJellyGunC	0079D33C	STGameObjC	73	71	0.973	0x0 | 0x2C
0079B8F0	STLBombC	0079BA54	STMBombC	73	71	0.973	0x0 | 0x2C
0079B8F0	STLBombC	0079BBB8	STOctopusC	73	69	0.945	0x0 | 0x2C | 0xDC | 0xE0
0079B8F0	STLBombC	0079BD1C	STSatC	73	71	0.973	0x0 | 0x2C
0079B8F0	STLBombC	0079BE80	STSharkC	73	69	0.945	0x0 | 0x2C | 0xDC | 0xE0
0079B8F0	STLBombC	0079C3EC	STSprGameObjC	73	47	0.644	0x0 | 0xC | 0x28 | 0x2C | 0x30 | 0x34 | 0x58 | 0x5C | 0x78 | 0x7C | 0x9C | 0xA0 | 0xA4 | 0xA8 | 0xAC | 0xB0 | 0xB4 | 0xB8 | 0xBC | 0xDC | 0xE0 | 0xEC | 0xF0 | 0xF8 | 0x114 | 0x118
0079B8F0	STLBombC	0079C5AC	STColl3C	73	65	0.890	0x0 | 0x2C | 0x78 | 0x7C | 0xDC | 0xE0 | 0xEC | 0xF8
0079B8F0	STLBombC	0079C8A0	STGameObjC	53	50	0.943	0x0 | 0x8 | 0x2C
0079B8F0	STLBombC	0079C9B0	STDestC	73	67	0.918	0x0 | 0x2C | 0x30 | 0x34 | 0x70 | 0x74
0079B8F0	STLBombC	0079CB14	STExplosion	53	50	0.943	0x0 | 0x8 | 0x2C
0079B8F0	STLBombC	0079CC28	STGameObjC	53	50	0.943	0x0 | 0x8 | 0x2C
0079B8F0	STLBombC	0079CD94	STGameObjC	53	50	0.943	0x0 | 0x8 | 0x2C
0079B8F0	STLBombC	0079CEFC	STMineSetC	73	56	0.767	0x0 | 0x2C | 0x30 | 0x34 | 0x58 | 0x5C | 0x64 | 0x6C | 0x70 | 0x74 | 0x7C | 0xDC | 0xE0 | 0xEC | 0xF0 | 0xF4 | 0xF8
0079B8F0	STLBombC	0079D098	STRubbishC	53	50	0.943	0x0 | 0x8 | 0x2C
0079B8F0	STLBombC	0079D1D8	STGameObjC	73	71	0.973	0x0 | 0x2C
0079B8F0	STLBombC	0079D33C	STGameObjC	73	71	0.973	0x0 | 0x2C
0079BA54	STMBombC	0079BBB8	STOctopusC	73	69	0.945	0x0 | 0x2C | 0xDC | 0xE0
0079BA54	STMBombC	0079BD1C	STSatC	73	71	0.973	0x0 | 0x2C
0079BA54	STMBombC	0079BE80	STSharkC	73	69	0.945	0x0 | 0x2C | 0xDC | 0xE0
0079BA54	STMBombC	0079C3EC	STSprGameObjC	73	47	0.644	0x0 | 0xC | 0x28 | 0x2C | 0x30 | 0x34 | 0x58 | 0x5C | 0x78 | 0x7C | 0x9C | 0xA0 | 0xA4 | 0xA8 | 0xAC | 0xB0 | 0xB4 | 0xB8 | 0xBC | 0xDC | 0xE0 | 0xEC | 0xF0 | 0xF8 | 0x114 | 0x118
0079BA54	STMBombC	0079C5AC	STColl3C	73	65	0.890	0x0 | 0x2C | 0x78 | 0x7C | 0xDC | 0xE0 | 0xEC | 0xF8
0079BA54	STMBombC	0079C8A0	STGameObjC	53	50	0.943	0x0 | 0x8 | 0x2C
0079BA54	STMBombC	0079C9B0	STDestC	73	67	0.918	0x0 | 0x2C | 0x30 | 0x34 | 0x70 | 0x74
0079BA54	STMBombC	0079CB14	STExplosion	53	50	0.943	0x0 | 0x8 | 0x2C
0079BA54	STMBombC	0079CC28	STGameObjC	53	50	0.943	0x0 | 0x8 | 0x2C
0079BA54	STMBombC	0079CD94	STGameObjC	53	50	0.943	0x0 | 0x8 | 0x2C
0079BA54	STMBombC	0079CEFC	STMineSetC	73	56	0.767	0x0 | 0x2C | 0x30 | 0x34 | 0x58 | 0x5C | 0x64 | 0x6C | 0x70 | 0x74 | 0x7C | 0xDC | 0xE0 | 0xEC | 0xF0 | 0xF4 | 0xF8
0079BA54	STMBombC	0079D098	STRubbishC	53	50	0.943	0x0 | 0x8 | 0x2C
0079BA54	STMBombC	0079D1D8	STGameObjC	73	71	0.973	0x0 | 0x2C
0079BA54	STMBombC	0079D33C	STGameObjC	73	71	0.973	0x0 | 0x2C
0079BBB8	STOctopusC	0079BD1C	STSatC	73	69	0.945	0x0 | 0x2C | 0xDC | 0xE0
0079BBB8	STOctopusC	0079BE80	STSharkC	73	69	0.945	0x0 | 0x2C | 0xDC | 0xE0
0079BBB8	STOctopusC	0079C3EC	STSprGameObjC	73	47	0.644	0x0 | 0xC | 0x28 | 0x2C | 0x30 | 0x34 | 0x58 | 0x5C | 0x78 | 0x7C | 0x9C | 0xA0 | 0xA4 | 0xA8 | 0xAC | 0xB0 | 0xB4 | 0xB8 | 0xBC | 0xDC | 0xE0 | 0xEC | 0xF0 | 0xF8 | 0x114 | 0x118
0079BBB8	STOctopusC	0079C5AC	STColl3C	73	65	0.890	0x0 | 0x2C | 0x78 | 0x7C | 0xDC | 0xE0 | 0xEC | 0xF8
0079BBB8	STOctopusC	0079C8A0	STGameObjC	53	50	0.943	0x0 | 0x8 | 0x2C
0079BBB8	STOctopusC	0079C9B0	STDestC	73	65	0.890	0x0 | 0x2C | 0x30 | 0x34 | 0x70 | 0x74 | 0xDC | 0xE0
0079BBB8	STOctopusC	0079CB14	STExplosion	53	50	0.943	0x0 | 0x8 | 0x2C
0079BBB8	STOctopusC	0079CC28	STGameObjC	53	50	0.943	0x0 | 0x8 | 0x2C
0079BBB8	STOctopusC	0079CD94	STGameObjC	53	50	0.943	0x0 | 0x8 | 0x2C
0079BBB8	STOctopusC	0079CEFC	STMineSetC	73	56	0.767	0x0 | 0x2C | 0x30 | 0x34 | 0x58 | 0x5C | 0x64 | 0x6C | 0x70 | 0x74 | 0x7C | 0xDC | 0xE0 | 0xEC | 0xF0 | 0xF4 | 0xF8
0079BBB8	STOctopusC	0079D098	STRubbishC	53	50	0.943	0x0 | 0x8 | 0x2C
0079BBB8	STOctopusC	0079D1D8	STGameObjC	73	69	0.945	0x0 | 0x2C | 0xDC | 0xE0
0079BBB8	STOctopusC	0079D33C	STGameObjC	73	69	0.945	0x0 | 0x2C | 0xDC | 0xE0
0079BD1C	STSatC	0079BE80	STSharkC	73	69	0.945	0x0 | 0x2C | 0xDC | 0xE0
0079BD1C	STSatC	0079C3EC	STSprGameObjC	73	47	0.644	0x0 | 0xC | 0x28 | 0x2C | 0x30 | 0x34 | 0x58 | 0x5C | 0x78 | 0x7C | 0x9C | 0xA0 | 0xA4 | 0xA8 | 0xAC | 0xB0 | 0xB4 | 0xB8 | 0xBC | 0xDC | 0xE0 | 0xEC | 0xF0 | 0xF8 | 0x114 | 0x118
0079BD1C	STSatC	0079C5AC	STColl3C	73	65	0.890	0x0 | 0x2C | 0x78 | 0x7C | 0xDC | 0xE0 | 0xEC | 0xF8
0079BD1C	STSatC	0079C8A0	STGameObjC	53	50	0.943	0x0 | 0x8 | 0x2C
0079BD1C	STSatC	0079C9B0	STDestC	73	67	0.918	0x0 | 0x2C | 0x30 | 0x34 | 0x70 | 0x74
0079BD1C	STSatC	0079CB14	STExplosion	53	50	0.943	0x0 | 0x8 | 0x2C
0079BD1C	STSatC	0079CC28	STGameObjC	53	50	0.943	0x0 | 0x8 | 0x2C
0079BD1C	STSatC	0079CD94	STGameObjC	53	50	0.943	0x0 | 0x8 | 0x2C
0079BD1C	STSatC	0079CEFC	STMineSetC	73	56	0.767	0x0 | 0x2C | 0x30 | 0x34 | 0x58 | 0x5C | 0x64 | 0x6C | 0x70 | 0x74 | 0x7C | 0xDC | 0xE0 | 0xEC | 0xF0 | 0xF4 | 0xF8
0079BD1C	STSatC	0079D098	STRubbishC	53	50	0.943	0x0 | 0x8 | 0x2C
0079BD1C	STSatC	0079D1D8	STGameObjC	73	71	0.973	0x0 | 0x2C
0079BD1C	STSatC	0079D33C	STGameObjC	73	71	0.973	0x0 | 0x2C
0079BE80	STSharkC	0079C3EC	STSprGameObjC	73	47	0.644	0x0 | 0xC | 0x28 | 0x2C | 0x30 | 0x34 | 0x58 | 0x5C | 0x78 | 0x7C | 0x9C | 0xA0 | 0xA4 | 0xA8 | 0xAC | 0xB0 | 0xB4 | 0xB8 | 0xBC | 0xDC | 0xE0 | 0xEC | 0xF0 | 0xF8 | 0x114 | 0x118
0079BE80	STSharkC	0079C5AC	STColl3C	73	65	0.890	0x0 | 0x2C | 0x78 | 0x7C | 0xDC | 0xE0 | 0xEC | 0xF8
0079BE80	STSharkC	0079C8A0	STGameObjC	53	50	0.943	0x0 | 0x8 | 0x2C
0079BE80	STSharkC	0079C9B0	STDestC	73	65	0.890	0x0 | 0x2C | 0x30 | 0x34 | 0x70 | 0x74 | 0xDC | 0xE0
0079BE80	STSharkC	0079CB14	STExplosion	53	50	0.943	0x0 | 0x8 | 0x2C
0079BE80	STSharkC	0079CC28	STGameObjC	53	50	0.943	0x0 | 0x8 | 0x2C
0079BE80	STSharkC	0079CD94	STGameObjC	53	50	0.943	0x0 | 0x8 | 0x2C
0079BE80	STSharkC	0079CEFC	STMineSetC	73	56	0.767	0x0 | 0x2C | 0x30 | 0x34 | 0x58 | 0x5C | 0x64 | 0x6C | 0x70 | 0x74 | 0x7C | 0xDC | 0xE0 | 0xEC | 0xF0 | 0xF4 | 0xF8
0079BE80	STSharkC	0079D098	STRubbishC	53	50	0.943	0x0 | 0x8 | 0x2C
0079BE80	STSharkC	0079D1D8	STGameObjC	73	69	0.945	0x0 | 0x2C | 0xDC | 0xE0
0079BE80	STSharkC	0079D33C	STGameObjC	73	69	0.945	0x0 | 0x2C | 0xDC | 0xE0
0079C008	MMObjTy	0079C0C4	PrividerTy	3	2	0.667	0x0
0079C1E8	StartSystemTy	0079E188	SystemClassTy	9	5	0.556	0x0 | 0x4 | 0x14 | 0x20
0079C264	STGameObjC	0079C718	STGameObjC	27	27	1.000	
0079C264	STGameObjC	0079D4B0	STGameObjC	27	20	0.741	0x8 | 0x24 | 0x28 | 0x2C | 0x30 | 0x54 | 0x58
0079C2D8		0079C78C		43	43	1.000	
0079C3EC	STSprGameObjC	0079C5AC	STColl3C	73	47	0.644	0x0 | 0xC | 0x28 | 0x2C | 0x30 | 0x34 | 0x58 | 0x5C | 0x78 | 0x7C | 0x9C | 0xA0 | 0xA4 | 0xA8 | 0xAC | 0xB0 | 0xB4 | 0xB8 | 0xBC | 0xDC | 0xE0 | 0xEC | 0xF0 | 0xF8 | 0x114 | 0x118
0079C3EC	STSprGameObjC	0079C8A0	STGameObjC	53	33	0.623	0x0 | 0x8 | 0xC | 0x28 | 0x2C | 0x30 | 0x34 | 0x58 | 0x5C | 0x78 | 0x7C | 0x9C | 0xA0 | 0xA4 | 0xA8 | 0xAC | 0xB0 | 0xB4 | 0xB8 | 0xBC
0079C3EC	STSprGameObjC	0079C9B0	STDestC	73	45	0.616	0x0 | 0xC | 0x28 | 0x2C | 0x30 | 0x34 | 0x58 | 0x5C | 0x70 | 0x74 | 0x78 | 0x7C | 0x9C | 0xA0 | 0xA4 | 0xA8 | 0xAC | 0xB0 | 0xB4 | 0xB8 | 0xBC | 0xDC | 0xE0 | 0xEC | 0xF0 | 0xF8 | 0x114 | 0x118
0079C3EC	STSprGameObjC	0079CB14	STExplosion	53	33	0.623	0x0 | 0x8 | 0xC | 0x28 | 0x2C | 0x30 | 0x34 | 0x58 | 0x5C | 0x78 | 0x7C | 0x9C | 0xA0 | 0xA4 | 0xA8 | 0xAC | 0xB0 | 0xB4 | 0xB8 | 0xBC
0079C3EC	STSprGameObjC	0079CC28	STGameObjC	53	33	0.623	0x0 | 0x8 | 0xC | 0x28 | 0x2C | 0x30 | 0x34 | 0x58 | 0x5C | 0x78 | 0x7C | 0x9C | 0xA0 | 0xA4 | 0xA8 | 0xAC | 0xB0 | 0xB4 | 0xB8 | 0xBC
0079C3EC	STSprGameObjC	0079CD94	STGameObjC	53	33	0.623	0x0 | 0x8 | 0xC | 0x28 | 0x2C | 0x30 | 0x34 | 0x58 | 0x5C | 0x78 | 0x7C | 0x9C | 0xA0 | 0xA4 | 0xA8 | 0xAC | 0xB0 | 0xB4 | 0xB8 | 0xBC
0079C3EC	STSprGameObjC	0079CEFC	STMineSetC	73	42	0.575	0x0 | 0xC | 0x28 | 0x2C | 0x30 | 0x34 | 0x58 | 0x5C | 0x64 | 0x6C | 0x70 | 0x74 | 0x78 | 0x7C | 0x9C | 0xA0 | 0xA4 | 0xA8 | 0xAC | 0xB0 | 0xB4 | 0xB8 | 0xBC | 0xDC | 0xE0 | 0xEC | 0xF0 | 0xF4 | 0xF8 | 0x114 | 0x118
0079C3EC	STSprGameObjC	0079D098	STRubbishC	53	33	0.623	0x0 | 0x8 | 0xC | 0x28 | 0x2C | 0x30 | 0x34 | 0x58 | 0x5C | 0x78 | 0x7C | 0x9C | 0xA0 | 0xA4 | 0xA8 | 0xAC | 0xB0 | 0xB4 | 0xB8 | 0xBC
0079C3EC	STSprGameObjC	0079D1D8	STGameObjC	73	47	0.644	0x0 | 0xC | 0x28 | 0x2C | 0x30 | 0x34 | 0x58 | 0x5C | 0x78 | 0x7C | 0x9C | 0xA0 | 0xA4 | 0xA8 | 0xAC | 0xB0 | 0xB4 | 0xB8 | 0xBC | 0xDC | 0xE0 | 0xEC | 0xF0 | 0xF8 | 0x114 | 0x118
0079C3EC	STSprGameObjC	0079D33C	STGameObjC	73	47	0.644	0x0 | 0xC | 0x28 | 0x2C | 0x30 | 0x34 | 0x58 | 0x5C | 0x78 | 0x7C | 0x9C | 0xA0 | 0xA4 | 0xA8 | 0xAC | 0xB0 | 0xB4 | 0xB8 | 0xBC | 0xDC | 0xE0 | 0xEC | 0xF0 | 0xF8 | 0x114 | 0x118
0079C5AC	STColl3C	0079C8A0	STGameObjC	53	49	0.925	0x0 | 0x8 | 0x78 | 0x7C
0079C5AC	STColl3C	0079C9B0	STDestC	73	61	0.836	0x0 | 0x2C | 0x30 | 0x34 | 0x70 | 0x74 | 0x78 | 0x7C | 0xDC | 0xE0 | 0xEC | 0xF8
0079C5AC	STColl3C	0079CB14	STExplosion	53	49	0.925	0x0 | 0x8 | 0x78 | 0x7C
0079C5AC	STColl3C	0079CC28	STGameObjC	53	49	0.925	0x0 | 0x8 | 0x78 | 0x7C
0079C5AC	STColl3C	0079CD94	STGameObjC	53	49	0.925	0x0 | 0x8 | 0x78 | 0x7C
0079C5AC	STColl3C	0079CEFC	STMineSetC	73	55	0.753	0x0 | 0x2C | 0x30 | 0x34 | 0x58 | 0x5C | 0x64 | 0x6C | 0x70 | 0x74 | 0x78 | 0x7C | 0xDC | 0xE0 | 0xEC | 0xF0 | 0xF4 | 0xF8
0079C5AC	STColl3C	0079D098	STRubbishC	53	49	0.925	0x0 | 0x8 | 0x78 | 0x7C
0079C5AC	STColl3C	0079D1D8	STGameObjC	73	66	0.904	0x0 | 0x78 | 0x7C | 0xDC | 0xE0 | 0xEC | 0xF8
0079C5AC	STColl3C	0079D33C	STGameObjC	73	66	0.904	0x0 | 0x78 | 0x7C | 0xDC | 0xE0 | 0xEC | 0xF8
0079C718	STGameObjC	0079D4B0	STGameObjC	27	20	0.741	0x8 | 0x24 | 0x28 | 0x2C | 0x30 | 0x54 | 0x58
0079C8A0	STGameObjC	0079C9B0	STDestC	53	46	0.868	0x0 | 0x8 | 0x2C | 0x30 | 0x34 | 0x70 | 0x74
0079C8A0	STGameObjC	0079CB14	STExplosion	53	52	0.981	0x0
0079C8A0	STGameObjC	0079CC28	STGameObjC	53	52	0.981	0x0
0079C8A0	STGameObjC	0079CD94	STGameObjC	53	52	0.981	0x0
0079C8A0	STGameObjC	0079CEFC	STMineSetC	53	41	0.774	0x0 | 0x8 | 0x2C | 0x30 | 0x34 | 0x58 | 0x5C | 0x64 | 0x6C | 0x70 | 0x74 | 0x7C
0079C8A0	STGameObjC	0079D098	STRubbishC	53	52	0.981	0x0
0079C8A0	STGameObjC	0079D1D8	STGameObjC	53	51	0.962	0x0 | 0x8
0079C8A0	STGameObjC	0079D33C	STGameObjC	53	51	0.962	0x0 | 0x8
0079C9B0	STDestC	0079CB14	STExplosion	53	46	0.868	0x0 | 0x8 | 0x2C | 0x30 | 0x34 | 0x70 | 0x74
0079C9B0	STDestC	0079CC28	STGameObjC	53	46	0.868	0x0 | 0x8 | 0x2C | 0x30 | 0x34 | 0x70 | 0x74
0079C9B0	STDestC	0079CD94	STGameObjC	53	46	0.868	0x0 | 0x8 | 0x2C | 0x30 | 0x34 | 0x70 | 0x74
0079C9B0	STDestC	0079CEFC	STMineSetC	73	56	0.767	0x0 | 0x2C | 0x30 | 0x34 | 0x58 | 0x5C | 0x64 | 0x6C | 0x70 | 0x74 | 0x7C | 0xDC | 0xE0 | 0xEC | 0xF0 | 0xF4 | 0xF8
0079C9B0	STDestC	0079D098	STRubbishC	53	46	0.868	0x0 | 0x8 | 0x2C | 0x30 | 0x34 | 0x70 | 0x74
0079C9B0	STDestC	0079D1D8	STGameObjC	73	67	0.918	0x0 | 0x2C | 0x30 | 0x34 | 0x70 | 0x74
0079C9B0	STDestC	0079D33C	STGameObjC	73	67	0.918	0x0 | 0x2C | 0x30 | 0x34 | 0x70 | 0x74
0079CB14	STExplosion	0079CC28	STGameObjC	53	52	0.981	0x0
0079CB14	STExplosion	0079CD94	STGameObjC	53	52	0.981	0x0
0079CB14	STExplosion	0079CEFC	STMineSetC	53	41	0.774	0x0 | 0x8 | 0x2C | 0x30 | 0x34 | 0x58 | 0x5C | 0x64 | 0x6C | 0x70 | 0x74 | 0x7C
0079CB14	STExplosion	0079D098	STRubbishC	53	52	0.981	0x0
0079CB14	STExplosion	0079D1D8	STGameObjC	53	51	0.962	0x0 | 0x8
0079CB14	STExplosion	0079D33C	STGameObjC	53	51	0.962	0x0 | 0x8
0079CC28	STGameObjC	0079CD94	STGameObjC	53	52	0.981	0x0
0079CC28	STGameObjC	0079CEFC	STMineSetC	53	41	0.774	0x0 | 0x8 | 0x2C | 0x30 | 0x34 | 0x58 | 0x5C | 0x64 | 0x6C | 0x70 | 0x74 | 0x7C
0079CC28	STGameObjC	0079D098	STRubbishC	53	52	0.981	0x0
0079CC28	STGameObjC	0079D1D8	STGameObjC	53	51	0.962	0x0 | 0x8
0079CC28	STGameObjC	0079D33C	STGameObjC	53	51	0.962	0x0 | 0x8
0079CD94	STGameObjC	0079CEFC	STMineSetC	53	41	0.774	0x0 | 0x8 | 0x2C | 0x30 | 0x34 | 0x58 | 0x5C | 0x64 | 0x6C | 0x70 | 0x74 | 0x7C
0079CD94	STGameObjC	0079D098	STRubbishC	53	52	0.981	0x0
0079CD94	STGameObjC	0079D1D8	STGameObjC	53	51	0.962	0x0 | 0x8
0079CD94	STGameObjC	0079D33C	STGameObjC	53	51	0.962	0x0 | 0x8
0079CEFC	STMineSetC	0079D098	STRubbishC	53	41	0.774	0x0 | 0x8 | 0x2C | 0x30 | 0x34 | 0x58 | 0x5C | 0x64 | 0x6C | 0x70 | 0x74 | 0x7C
0079CEFC	STMineSetC	0079D1D8	STGameObjC	73	56	0.767	0x0 | 0x2C | 0x30 | 0x34 | 0x58 | 0x5C | 0x64 | 0x6C | 0x70 | 0x74 | 0x7C | 0xDC | 0xE0 | 0xEC | 0xF0 | 0xF4 | 0xF8
0079CEFC	STMineSetC	0079D33C	STGameObjC	73	56	0.767	0x0 | 0x2C | 0x30 | 0x34 | 0x58 | 0x5C | 0x64 | 0x6C | 0x70 | 0x74 | 0x7C | 0xDC | 0xE0 | 0xEC | 0xF0 | 0xF4 | 0xF8
0079D098	STRubbishC	0079D1D8	STGameObjC	53	51	0.962	0x0 | 0x8
0079D098	STRubbishC	0079D33C	STGameObjC	53	51	0.962	0x0 | 0x8
0079D1D8	STGameObjC	0079D33C	STGameObjC	73	72	0.986	0x0
0079D618		0079D67C		13	12	0.923	0x30
0079D618		0079D6D4		13	11	0.846	0x18 | 0x30
0079D67C		0079D6D4		13	11	0.846	0x18 | 0x30
0079DAF0		007A1550		5	5	1.000	
0079DB04		007A1568		9	9	1.000	
0079DB28		007A1590		5	5	1.000	
0079DB3C		007A1390		15	11	0.733	0x0 | 0x4 | 0x8 | 0x34
0079DB3C		007A15A8		15	15	1.000	
0079DB78		007A13D0		45	30	0.667	0x0 | 0xC | 0x1C | 0x38 | 0x3C | 0x40 | 0x44 | 0x48 | 0x4C | 0x54 | 0x5C | 0x90 | 0x94 | 0xAC | 0xB0
0079DB78		007A15E8		49	43	0.878	0xC | 0x1C | 0x90 | 0x94 | 0xAC | 0xB0
0079DB78		007A1C08		4	2	0.500	0x0 | 0xC
0079DB78		007A1CB8		4	2	0.500	0x0 | 0xC
0079DB78		007A1D88		4	2	0.500	0x0 | 0xC
0079DC3C		0079DE58		9	5	0.556	0xC | 0x10 | 0x14 | 0x18
0079DC3C		007A1488		9	8	0.889	0xC
0079DC3C		007A1740		9	7	0.778	0xC | 0x18
0079DC3C		007A18C8		9	5	0.556	0xC | 0x10 | 0x14 | 0x18
0079DC60		0079DE7C		5	5	1.000	
0079DC60		007A14B0		5	5	1.000	
0079DC60		007A1768		5	5	1.000	
0079DC60		007A18F0		5	5	1.000	
0079DC74		0079DE90		18	12	0.667	0x28 | 0x30 | 0x38 | 0x3C | 0x40 | 0x44
0079DC74		007A14C8		18	18	1.000	
0079DC74		007A1780		18	13	0.722	0x28 | 0x38 | 0x3C | 0x40 | 0x44
0079DC74		007A1820		18	10	0.556	0x0 | 0x4 | 0x8 | 0x14 | 0x28 | 0x38 | 0x3C | 0x40
0079DC74		007A1908		18	12	0.667	0x28 | 0x30 | 0x38 | 0x3C | 0x40 | 0x44
0079DC74		007A19A8		18	9	0.500	0x0 | 0x4 | 0x8 | 0x14 | 0x28 | 0x30 | 0x38 | 0x3C | 0x40
0079DCBC		007A1510		15	13	0.867	0xC | 0x34
0079DCF8		007A11A0		9	8	0.889	0xC
0079DD34		007A1148		22	16	0.727	0x4 | 0x8 | 0xC | 0x34 | 0x38 | 0x54
0079DD9C		007A1378		5	5	1.000	
0079DDB0		007A1390		15	10	0.667	0x10 | 0x14 | 0x18 | 0x1C | 0x2C
0079DDEC		007A1C08		4	2	0.500	0x0 | 0xC
0079DDEC		007A1CB8		4	2	0.500	0x0 | 0xC
0079DDEC		007A1D88		4	2	0.500	0x0 | 0xC
0079DE58		007A1488		9	5	0.556	0xC | 0x10 | 0x14 | 0x18
0079DE58		007A1740		9	6	0.667	0xC | 0x10 | 0x14
0079DE58		007A18C8		9	8	0.889	0x10
0079DE7C		007A14B0		5	5	1.000	
0079DE7C		007A1768		5	5	1.000	
0079DE7C		007A18F0		5	5	1.000	
0079DE90		007A14C8		18	12	0.667	0x28 | 0x30 | 0x38 | 0x3C | 0x40 | 0x44
0079DE90		007A1780		18	17	0.944	0x30
0079DE90		007A1908		18	18	1.000	
0079DED8		007A17C8		15	12	0.800	0xC | 0x20 | 0x30
0079DED8		007A1950		15	12	0.800	0xC | 0x20 | 0x30
0079E188	SystemClassTy	0079E1B4	SystemWithNamedObjClassTy	9	5	0.556	0x8 | 0xC | 0x10 | 0x18
007A11C8		007A1C08		4	2	0.500	0x0 | 0xC
007A11C8		007A1CB8		4	2	0.500	0x0 | 0xC
007A11C8		007A1D88		4	2	0.500	0x0 | 0xC
007A1390		007A15A8		15	11	0.733	0x0 | 0x4 | 0x8 | 0x34
007A13D0		007A15E8		45	35	0.778	0x0 | 0xC | 0x38 | 0x3C | 0x40 | 0x44 | 0x48 | 0x4C | 0x54 | 0x5C
007A13D0		007A1C08		4	2	0.500	0x0 | 0xC
007A13D0		007A1CB8		4	2	0.500	0x0 | 0xC
007A13D0		007A1D88		4	2	0.500	0x0 | 0xC
007A1488		007A1740		9	8	0.889	0x18
007A1488		007A18C8		9	5	0.556	0xC | 0x10 | 0x14 | 0x18
007A14B0		007A1768		5	5	1.000	
007A14B0		007A18F0		5	5	1.000	
007A14C8		007A1780		18	13	0.722	0x28 | 0x38 | 0x3C | 0x40 | 0x44
007A14C8		007A1820		18	10	0.556	0x0 | 0x4 | 0x8 | 0x14 | 0x28 | 0x38 | 0x3C | 0x40
007A14C8		007A1908		18	12	0.667	0x28 | 0x30 | 0x38 | 0x3C | 0x40 | 0x44
007A14C8		007A19A8		18	9	0.500	0x0 | 0x4 | 0x8 | 0x14 | 0x28 | 0x30 | 0x38 | 0x3C | 0x40
007A15E8		007A1C08		4	2	0.500	0x0 | 0xC
007A15E8		007A1CB8		4	2	0.500	0x0 | 0xC
007A15E8		007A1D88		4	2	0.500	0x0 | 0xC
007A1740		007A18C8		9	6	0.667	0xC | 0x10 | 0x14
007A1768		007A18F0		5	5	1.000	
007A1780		007A1820		18	9	0.500	0x0 | 0x4 | 0x8 | 0x14 | 0x28 | 0x38 | 0x3C | 0x40 | 0x44
007A1780		007A1908		18	17	0.944	0x30
007A17C8		007A1950		15	13	0.867	0xC | 0x20
007A1808		007A1990		5	5	1.000	
007A1820		007A19A8		18	17	0.944	0x30
007A1868		007A19F0		23	20	0.870	0xC | 0x20 | 0x38
007A1C08		007A1CB8		4	3	0.750	0xC
007A1C08		007A1D88		4	2	0.500	0x0 | 0xC
007A1C18		007A1CC8		18	18	1.000	
007A1C60		007A1D10		21	20	0.952	0x50
007A1CB8		007A1D88		4	2	0.500	0x0 | 0xC
